time,flux,residual,model
131.51201881232555,1.1633690649722184,0.07222262558739057,1.0911464393848278
131.53245350126963,1.120836062995643,0.10058062514994637,1.0202554378456967
131.55288809033664,1.0819330664167082,0.11780556503790551,0.9641275013788027
131.5733225792792,1.0515468712359324,0.12394368381948229,0.9276031874164501
131.59375716822979,1.0166528261808714,0.10504170231866516,0.9116111238622062
131.61419185706472,0.9890810252279808,0.0758458658651221,0.9132351593628587
131.63462634589814,0.965440302601565,0.03899551285860536,0.9264447897429596
131.65506093472504,0.9465537011965894,0.0031949786834015725,0.9433587225131879
131.67549562355998,0.9273152367756907,-0.028500064090080546,0.9558153008657713
131.69593021227047,0.9076523974670877,-0.04932348834557587,0.9569758858126636
131.71636470098747,0.8871298750486355,-0.055551260504492106,0.9426811355531276
131.73679928970523,0.8700790504583399,-0.04224209646548405,0.9123211469238239
131.75723397841648,0.8623438524930609,-0.006723578411512499,0.8690674309045734
131.77766846701707,0.8607154520964162,0.04129353515820855,0.8194219169382077
131.7981030556184,0.8500429891560811,0.07789130108728848,0.7721516880687926
131.81853774421324,0.82929894762699,0.0925037940519674,0.7367951535750226
131.83897223269742,0.800288045266406,0.07830250509491277,0.7219855401714932
131.85940682118235,0.7710668128111272,0.03718728735933208,0.7338795254517951
131.87984140966,0.7486072810684963,-0.02635641391896293,0.7749636949874592
131.90027599802852,0.7478801460806401,-0.09556264316133811,0.8434427892419782
131.92071058639704,0.8156757795108056,-0.11764795098301262,0.9333237304938182
131.94114517475828,1.045116738414559,0.009927033144010222,1.0351897052705488
131.9615797631268,1.2339688155388429,0.09642488014211548,1.1375439353967274
131.9820143513789,1.4445990859615858,0.21609222990973453,1.2285068560518513
132.00244893962372,1.4835823518754216,0.1859916613482775,1.2975906905271442
132.02288342787506,1.4226586533932015,0.08539697086664644,1.337261682526555
132.0433181160115,1.3535816888253103,0.009545668584672207,1.344036020240638
132.06375270413992,1.2913003797246878,-0.02762934192105959,1.3189297216457474
132.08418719227484,1.2347290692198516,-0.032467463058655666,1.2671965322785073
132.10462178041053,1.1837515515276853,-0.01364489795652113,1.1973964494842064
132.12505646842328,1.1375491589342284,0.01758932804799529,1.119959830886233
132.1454909564418,1.094717526943538,0.04923164995514062,1.0454858769883975
132.16592554434465,1.0558466651521201,0.0727906058038913,0.9830560593482288
132.1863602323574,1.0216724464856137,0.08281865979126823,0.9388537866943455
132.20679482026026,0.9901368684895673,0.07483138091187858,0.9153054875776887
132.22722930804593,0.9622745035047414,0.051389628819886624,0.9108848746848548
132.2476638959488,0.9394807000408345,0.01887480942030817,0.9206058906205263
132.26809858372872,0.9198100616588804,-0.017298216553295442,0.9371082782121758
132.2885330715144,0.9020806281854648,-0.05006215359746524,0.95214278178293
132.30896765917714,0.884407862832832,-0.07378900336292837,0.9581968661957604
132.32940234684793,0.863937720464928,-0.08603584290259148,0.9499735633675195
132.3498368345172,0.8464946710537793,-0.07897361363035715,0.9254682846841364
132.37027142218722,0.8359100541459413,-0.05054078576827925,0.8864508399142206
132.39070600973355,0.8339918361768869,-0.004276566857026709,0.8382684030339136
132.41114059728716,0.8294972210076196,0.04050159880685511,0.7889956222007645
132.43157518471708,0.8129553929489473,0.06488075258512582,0.7480746403638214
132.45200977215427,0.7868798859179215,0.06220604544197883,0.7246738404759426
132.47244445959223,0.7584998804624831,0.032455431352478414,0.7260444491100047
132.49287894702866,0.7332244855383667,-0.022931394115436876,0.7561558796538036
132.51331353434216,0.7218705381202907,-0.0929770552901017,0.8148475934103924
132.53374802166218,0.7523091740575426,-0.14533608242865204,0.8976452564861946
132.55418270897644,0.9071272424480286,-0.08915950878033252,0.9962867512283611
132.5746172961808,1.126973097328513,0.027104566063704594,1.0998685312648084
132.5950517833844,1.3224544187847458,0.1260100074015842,1.1964444113831616
132.61548647058953,1.4302745217965147,0.1554692071175221,1.2748053146789926
132.6359210576702,1.3857787830364117,0.059628723605847034,1.3261500594305646
132.65635564475815,1.3151659479415774,-0.03022002582834693,1.3453859737699243
132.67679013184534,1.2514205962268534,-0.08041338333609294,1.3318339795629464
132.69722481881035,1.1956745880117496,-0.0935589124040257,1.2892335004157753
132.7176594057819,1.1445885684275172,-0.08046234187087076,1.225050910298388
132.73809389275266,1.0983104224344375,-0.05089651165055864,1.1492069340849962
132.75852857960126,1.057568118406604,-0.014872231649915912,1.0724403500565198
132.77896316645638,1.0239712334476363,0.019383970174119414,1.0045872632735169
132.79939765331073,0.9975326021621151,0.04448160802631984,0.9530509941357953
132.81983224004216,0.9758670367361183,0.05414066417183061,0.9217263725642877
132.84026692678162,0.9590065931100412,0.04845828906075089,0.9105483040492903
132.86070141351956,0.94542206731972,0.029692204903362884,0.9157298624163571
132.88113600013457,0.9338662495919983,0.003222931758462666,0.9306433178335356
132.90157068675762,0.9242027832181875,-0.022981099451360953,0.9471838826695484
132.92200517337915,0.9138885718167298,-0.04348651111022195,0.9573750829269517
132.94243975987774,0.9020864216791659,-0.052849953669898087,0.954936375349064
132.96287434638361,0.8889471160524199,-0.04758951881220119,0.9365366348646211
132.98330903289025,0.8764896194336007,-0.026026296266141502,0.9025159156997422
133.00374351927167,0.8707936975220893,0.013846871575234232,0.8569468259468551
133.02417810566112,0.8638381308451707,0.05682153041260363,0.8070166004325671
133.04461269205058,0.8460846687865868,0.08424699192118479,0.761837676865402
133.06504727831634,0.8172733656667994,0.08639346187817765,0.7308799037886218
133.08548186458938,0.7832510771817791,0.0609568978608217,0.7222941793209574
133.10591645086242,0.7512655848129599,0.009853221153790281,0.7414123636591696
133.12635103701177,0.7272130042673589,-0.062469083343482334,0.7896820876108412
133.1467856231684,0.7320152724513525,-0.13220797266241946,0.8642232451137719
133.1672202092086,0.8202845742888804,-0.13780491888547286,0.9580894931743532
133.18765479535796,1.061251036042242,5.082395996880429e-05,1.0612002120822732
133.20808948139893,1.2419127327491457,0.0801163596019221,1.1617963731472236
133.22852396732196,1.4217211844253144,0.17353922302736446,1.24818196139795
133.24895855323848,1.4147160434934687,0.10423927059200566,1.310476772901463
133.26939313916228,1.3443882221920647,0.00230932285865304,1.3420788993334116
133.28982772496965,1.2761185091450298,-0.06449570959521767,1.3406142187402474
133.31026231076976,1.2160692757043148,-0.09214111259814772,1.3082103883024625
133.33069679657638,1.1639864549960357,-0.0870715447733923,1.251057999769428
133.3511314822681,1.1163486157379416,-0.06198505235890339,1.178333668096845
133.3715660679518,1.074104427558878,-0.02657021355192901,1.100674641110807
133.39200065364275,1.041263431150465,0.012812834428840292,1.0284505967216246
133.4124352392173,1.0144175489743938,0.044285437124628624,0.9701321118497652
133.43286982478458,0.9924521002460981,0.061432557910681584,0.9310195423354165
133.45330441035912,0.972539654561173,0.0599973920596204,0.9125422625015526
133.4737388958165,0.9550013760876557,0.042763492039813444,0.9122378840478422
133.49417358126811,0.94072265971788,0.0163168580356976,0.9244058016821824
133.51460816660983,0.9290311005867864,-0.012282850739657625,0.941313951326444
133.5350426519508,0.9173201184032206,-0.03742570657453803,0.9547458249777586
133.555477337286,0.9050622512142968,-0.05255329418648558,0.9576155454007824
133.5759119225113,0.8903461575747503,-0.05502238476731425,0.9453685423420646
133.59634640773584,0.8763406539869275,-0.04058351538561167,0.9169241693725392
133.61678099295386,0.8672736933903251,-0.007717693983188445,0.8749913873735136
133.6372156780635,0.863567187755387,0.03786577569568339,0.8257014120597036
133.65765026316512,0.8491812208821059,0.07156725692507881,0.7776139639570271
133.67808474815683,0.8237973147815628,0.08353583071755544,0.7402614840640074
133.69851943315007,0.7905550723887054,0.06807456005967705,0.7224805123290283
133.71895401814254,0.756372258314717,0.02555847833093783,0.7308137799837792
133.73938850301056,0.7278933654895928,-0.04036028970544103,0.7682536551950339
133.75982308788662,0.718539653910935,-0.11501158121955923,0.8335512351304942
133.78025777275616,0.7633637693655582,-0.15784650793025745,0.9212102772958156
133.80069225751504,0.9605369283178133,-0.06164053754624432,1.0221774658640577
133.82112684227468,1.160719408572409,0.03558977553389031,1.1251296330385188
133.8415614269179,1.3689751360227123,0.15083883573979695,1.2181363002829153
133.86199601155386,1.4260894801688944,0.13564651623086932,1.290442963938025
133.88243059619708,1.3663592106823985,0.032284565232648665,1.3340746454497499
133.9028651808403,1.2945974336440842,-0.05040390568849196,1.3450013393325762
133.92329976524343,1.2315637251833504,-0.09211220046165214,1.3236759256450026
133.94373434977024,1.1749497198277807,-0.0999101222758727,1.2748598421036534
133.96416893418063,1.1261851429977452,-0.08058496494079614,1.2067701079385413
133.984603418583,1.0824427304377309,-0.04725138007102214,1.129694110508753
134.00503810287773,1.0464462491704485,-0.007856990681108567,1.054303239851557
134.0254726871717,1.0166336942269896,0.026678288829094954,0.9899554053978946
134.04590717145766,0.9942621396106055,0.05100605905864475,0.9432560805519608
134.06634185563598,0.9730512627177307,0.05592523068269539,0.9171260320350353
134.08677643981355,0.9556866279110263,0.04516540484418852,0.9105212230668378
134.10721092386666,0.9397928311614427,0.020953115020301505,0.9188397161411412
134.1276455079278,0.9277332676519768,-0.007209685915003816,0.9349429535669807
134.14808019198972,0.9161106258320248,-0.03449371690450176,0.9506043427365266
134.16851477592718,0.90533186803822,-0.05280016580285063,0.9581320338410706
134.18894925987115,0.891389347322726,-0.06049321941012409,0.9518825667328501
134.20938394370023,0.8763960468727029,-0.05300281380978067,0.9293988606824836
134.22981852752127,0.8656391280319171,-0.026336117109229562,0.8919752451411467
134.25025301134883,0.861197860242554,0.016652638052343405,0.8445452221902106
134.27068759506074,0.8518334077855921,0.05692608248904263,0.7949073252965495
134.29112227876612,0.8312574666915953,0.07883835365039205,0.7524191130412032
134.31155676236085,0.8003039993997958,0.07392761165706174,0.726376387742734
134.33199134595634,0.7659153651498652,0.04156272554855145,0.7243526396013138
134.3524260295453,0.7343965772061751,-0.01639090639474483,0.75078748360092
134.37286051302362,0.7159726514627398,-0.09008839658901868,0.8060610480517585
134.41372967985808,0.8591358306926459,-0.12430423798312218,0.983440068675768
134.43416426333715,1.1067400550118884,0.019687721429131555,1.0870523335827569
134.4545988465834,1.3027304739913725,0.11758004905908104,1.1851504249322915
134.47503342982236,1.4391018230947612,0.17276656186871442,1.2663352612260468
134.49546811306936,1.401812057458854,0.08038765810512882,1.3214243993537251
134.51590259619843,1.3266877020370753,-0.018120192118626033,1.3448078941557013
134.53633717932098,1.2605591949580488,-0.07468035926187544,1.3352395542199242
134.55677166245005,1.1991159345766036,-0.0968146153550884,1.295930549931692
134.57720634546422,1.145613422533914,-0.08832581662884076,1.2339392391627548
134.59764092847035,1.097917092183825,-0.06104718027103728,1.1589642724548623
134.6180754113666,1.055423851275315,-0.026314745624854252,1.0817385969001692
134.6385099942636,1.0202799248505057,0.00797987971326819,1.0123000451372375
134.65894467703765,0.9922087366459676,0.0337817606545997,0.958426975991368
134.67937925981823,0.9703667470352967,0.04587355417165273,0.924493192863644
134.69981384259881,0.9539581424746646,0.04302822183250021,0.9109299206421644
134.7202484252557,0.9386383478165027,0.02425846996350889,0.9143798778529938
134.74068300791987,0.925314142902328,-0.00319000231373312,0.9285041452160612
134.76111749046686,0.9147278651049824,-0.030569216209452188,0.9452970813144346
134.78155207300733,0.9033852223654164,-0.05329191338617101,0.9566771357515874
134.80198675555584,0.8909168693463971,-0.0651567524316835,0.9560736217780806
134.82242133798718,0.877604959940985,-0.06212910245243064,0.9397340623934156
134.84285582030134,0.8677557772300908,-0.03976600771347405,0.9075217849435648
134.86329050260974,0.8653925190241538,0.0023311582508781514,0.8630613607732757
134.88372508492466,0.8625787195041481,0.04937265126500201,0.8132060682391461
134.9041596672323,0.8493373621494243,0.08242995298723321,0.7669074091621911
134.92459414931363,0.8214335755068546,0.08775079044169487,0.7336827850651597
134.9450288315129,0.7861796415200282,0.06424344850908414,0.721936193010944
134.9654634135877,0.7523189545488163,0.014896915684997958,0.7374220388638183
134.98589789566904,0.7262398552735858,-0.055872143503239435,0.7821119987768252
135.00633257763548,0.7231791326591415,-0.13048968076119882,0.8536688134203403
135.02676715959387,0.7909734171109919,-0.15464257114479685,0.9456159882557887
135.04720164144237,1.0296812821410006,-0.01851281980399566,1.0481941019449963
135.06763622329163,1.2252319604614645,0.07546924725666426,1.1497627132048003
135.08807090501796,1.4308604775440332,0.1923399105366843,1.238520567007349
135.10850538675004,1.4393745728739225,0.13510523357845927,1.3042693392954632
135.12893996848288,1.3666956809321336,0.026761887637831494,1.339933793294302
135.1493746500928,1.292686715622929,-0.04989383827307692,1.3425805538960058
135.16980923170922,1.2297902071674083,-0.08399329738420502,1.3137835045516133
135.19024371320847,1.173762096536197,-0.08550998205074589,1.259272078586943
135.2106782947012,1.1233707712370413,-0.06455532257117813,1.1879260938082195
135.23111297608557,1.078248397184809,-0.03204391321241662,1.1102923103972255
135.2515474574684,1.039168951335251,0.0022995876682878613,1.036869363666963
135.2719820387283,1.008504598210991,0.032060694091551545,0.9764439041194395
135.29241651999473,0.9851157757643448,0.05035045984290032,0.9347653159214445
135.31285120126267,0.9657959939875163,0.052033330613680984,0.9137626633738353
135.33328578240616,0.9511216254258741,0.03968302259996681,0.9114386028259073
135.35372026355617,0.9379392620481506,0.015498137771908782,0.9224411242762418
135.37415494459128,0.9269078809272847,-0.01230469481054175,0.9392125757378265
135.39458952561836,0.9159456682585535,-0.037561394783669266,0.9535070630422228
135.4150241065363,0.9046175569670108,-0.05339581304764407,0.9580133700146549
135.43545858745347,0.8918642115648098,-0.05593296323361907,0.9477971747984288
135.45589326824847,0.8782095596471048,-0.04310164577471609,0.9213112054218209
135.47632784905,0.8705728095738358,-0.010223802998222009,0.8807966125720578
135.49676232985075,0.8644875051092974,0.032488292264202134,0.8319992128450953
135.51719701052934,0.8527921297898968,0.06954638216124231,0.7832457476286545
135.53763159109803,0.8287967824340754,0.08475960107608227,0.7440371813579931
135.55806607166596,0.795509858323668,0.07212084269843011,0.7233890156252379
135.57850065223465,0.7621957429359242,0.033987051340251706,0.7282086915956725
135.5989353326804,0.730368123992156,-0.03161663670893611,0.7619847607010921
135.61936981313193,0.7154848101089295,-0.10852841010030934,0.8240132202092388
135.6398043934605,0.745700362339369,-0.16360534254771497,0.909305704887084
135.66023907379713,0.9189489102011336,-0.09024699535026415,1.0091959055513977
135.68067365401657,1.1557294745534892,0.043172556192446754,1.1125569183610424
135.70110813423526,1.3787934379815923,0.17135683051971018,1.207436607461882
135.72154271444742,1.4589294516204738,0.1760892954102964,1.2828401562101774
135.7419773945512,1.3955444448784553,0.06517509067436822,1.330369354204087
135.7624118745298,1.3181618745096937,-0.027294466469862666,1.3454563409795564
135.7828464545164,1.24997586463991,-0.07801225628833386,1.3279881209282438
135.80328113450378,1.1915874721591613,-0.09063270442839233,1.2822201765875536
135.8237156143732,1.1397477457350513,-0.07625703004248985,1.2160047757775412
135.84415019411972,1.093116908903819,-0.04634084126716198,1.139457750170981
135.8645847738735,1.051742415326289,-0.011556956195293067,1.0632993715215822
135.88501935362,1.0172723778971493,0.0201345677939897,0.9971378101031596
135.90545393325738,0.9903358562671517,0.04234937407718398,0.9479864821899677
135.92588851289474,0.9709267028980215,0.051669069609781015,0.9192576332882405
135.94632299241493,0.9548106654726438,0.044415959172060315,0.9103947063005835
135.96675767192937,0.9403654211091141,0.023168775518959128,0.917196645590155
135.9871922513339,0.9295537155490045,-0.003215888242139031,0.9327696037911435
136.00762673073768,0.9189697480453141,-0.029965291279169914,0.948935039324484
136.0280614100193,0.9090304288026972,-0.04881621709402828,0.9578466458967255
136.0484959893074,0.8955330260924361,-0.057998818234856864,0.953531844327293
136.06893046847836,0.8815268256752707,-0.05156399614670071,0.9330908218219715
136.0893650476428,0.8708197896743972,-0.02651990879432753,0.8973396984687247
136.10979972681525,0.8655325124417063,0.014747044413708443,0.8507854680279978
136.13023430574685,0.8579507357810434,0.05701953246679847,0.8009312033142449
136.15066878480138,0.8387194100320303,0.08169540039849388,0.7570240096335364
136.17110346374102,0.8094749906857022,0.08101584439535392,0.7284591462903482
136.19153804256348,0.7732857962134116,0.050174189933156366,0.7231116062802553
136.2119725213779,0.7397924297569958,-0.0060827876003658465,0.7458752173573616
136.23240710020036,0.7160113278664695,-0.08165685489407082,0.7976681827605403
136.2528417788999,0.7228932364040428,-0.1521816439622954,0.8750748803663382
136.27327625748876,0.8208585360552255,-0.14983488821575563,0.9706934242709812
136.2937108360784,1.0845530900521705,0.01040579857790136,1.0741472914742691
136.31414551455237,1.2964777996762802,0.12289071907555305,1.1735870806007271
136.33457999301754,1.4664879252314804,0.20903725243099247,1.257450672800488
136.35501457149076,1.4328281678589476,0.11663263947593117,1.3161955283830165
136.37544914984755,1.3523657289002557,0.008657697128743758,1.343708031771512
136.39588372808066,1.2768347278264893,-0.061340541401898374,1.3381752692283877
136.41631830632105,1.2134825947019177,-0.08878723676835487,1.3022698314702725
136.43675288456143,1.158320883693431,-0.08430384688790293,1.2426247305813338
136.45718756267888,1.1090188095515097,-0.05967054105727265,1.1686893506087823
136.47762204068567,1.0665245250713655,-0.024638572252709823,1.0911630973240753
136.49805661869323,1.0319972592766324,0.011734989074631885,1.0202622702020006
136.5184911966935,1.0061724680304083,0.042050477335555336,0.9641219906948529
136.53892577458464,0.9848493056743473,0.05726432926266645,0.9275849764116808
136.55936035235936,0.9658495316419402,0.05426731521462391,0.9115822164273163
136.5797949301268,0.949292323061254,0.036093285684156595,0.9131990373770974
136.60022950790153,0.9351993820218153,0.008793104914818106,0.9264062771069972
136.62066408555984,0.9225730794080491,-0.020749911389777664,0.9433229907978268
136.64109866309445,0.9109438464544202,-0.04484332870702212,0.9557871751614423
136.66153324063634,0.8984131958734483,-0.05854601623187039,0.9569592121053186
136.68196781817824,0.8841218993948912,-0.05855594107633655,0.9426778404712277
136.70240239559644,0.8702386553290689,-0.04209260335436271,0.9123312586834316
136.7228369729055,0.8628609586846259,-0.006228215537224413,0.8690891742218503
136.7432714502138,0.8575739387717023,0.03812253885604777,0.8194513999156545
136.76370612739993,0.8436563489488296,0.07147240540014677,0.7721839435486828
136.78414070459257,0.816448846480408,0.07962326195011338,0.7368255845302947
136.80457518178446,0.7819342234186977,0.05992473637773732,0.7220094870409604
136.82500985873776,0.746637438401392,0.012743481476607865,0.7338939569247841
136.845444435814,0.7175878336457572,-0.0573794164493896,0.7749672500951468
136.86587901276653,0.7074619800819638,-0.1359740716056984,0.8434360516876622
136.88631348960917,0.7560609795043463,-0.17724763552503098,0.9333086150293772
136.90674816645333,0.9763741679908468,-0.058796747616791545,1.0351709156076383
136.9271827431803,1.2033142228531915,0.06578881224245747,1.137525410610734
136.94761721989926,1.4316520444254615,0.20315955727626367,1.2284924871491978
136.9680518965106,1.456527751124449,0.15894308761341036,1.2975846635110386
136.98848647311388,1.3795507067422186,0.0422851245548046,1.337265582187414
137.00892094960727,1.3000134718000083,-0.044036189751776034,1.3440496615517843
137.029355525985,1.2320332025310419,-0.08691821125215804,1.3189514137832
137.0497902023635,1.1735061241651552,-0.09371600263468416,1.2672221267998394
137.0702246787332,1.1218208945050214,-0.07560133956588722,1.1974222340709086
137.09065925499453,1.076634235321838,-0.043346882274980514,1.1199811175968186
137.11109393124934,1.0406129191722953,-0.004884459801746122,1.0454973789740414
137.1315284073935,1.0109410125189038,0.027885044502069967,0.9830559680168338
137.15196298342198,0.989235641062106,0.05039474599283633,0.9388408950692697
137.17239755945047,0.969009596758399,0.05372903783959049,0.9152805589188086
137.19283223535604,0.9510596685829334,0.040208733802311714,0.9108509347806217
137.21326671126735,0.9363873824640612,0.015819943617824683,0.9205674388462365
137.23370128717943,0.9238868036843885,-0.013183714369914945,0.9370705180543034
137.25413576285064,0.9118515463674445,-0.04025950869806638,0.9521110550655109
137.27457043864706,0.8994148430723815,-0.05876071797193838,0.9581755610443199
137.2950050142099,0.8852909430622119,-0.0646745474606546,0.9499654905228665
137.3154394898811,0.8707672489756559,-0.05470697149834358,0.9254742204739995
137.33587416532828,0.8605766200229005,-0.02589258545388784,0.8864692054767883
137.3563087407747,0.8570852965584534,0.018789165661487472,0.838296130896966
137.39717779154307,0.8317253998146319,0.08361840784669816,0.7481069919679337
137.41761246675742,0.7988422533427418,0.07414142881893404,0.7247008245238078
137.43804704196373,0.7628155711416147,0.03675320873265142,0.7260623624089633
137.45848151717655,0.729798142591627,-0.026364399680459227,0.7561625422720862
137.47891619227448,0.7095279707909372,-0.10531528598561402,0.8148432567765512
137.49935076724796,0.7272028790929456,-0.17042913943389937,0.8976320185268449
137.51978524222795,0.8674840436616024,-0.12878264242822957,0.9962666860898319
137.5402198170923,1.13919832269678,0.03935125819641061,1.0998470645003693
137.5606544918337,1.3724861959964907,0.17605907799940979,1.196427117997081
137.58108896669728,1.4823861019117281,0.20759160835410362,1.2747944935576245
137.6015235413288,1.4172428563146389,0.09109361262174276,1.326149243692896
137.62195821595378,1.332325243188261,-0.013070723357171188,1.3453959665454323
137.6423927905853,1.2603125260301662,-0.0715407019814076,1.3318532280115738
137.6628272649832,1.1979617130899807,-0.09129778441048098,1.2892594975004616
137.68326183949102,1.141845000863416,-0.08323394791310945,1.2250789487765255
137.70369651389046,1.092424200731534,-0.05680703955659627,1.1492312402881302
137.72413098817196,1.0478079598110535,-0.024649753764095506,1.072457713575149
137.74456556233054,1.0121223938790322,0.007529117620658443,1.0045932762583738
137.76500023661356,0.9846613616541099,0.03161801469552483,0.9530433469585851
137.78543471066223,0.9640399600689074,0.04233397366136926,0.9217059864075381
137.8058692847044,0.9484112307742444,0.03789393077239356,0.9105173000018508
137.82630375863664,0.9334150468925155,0.01772280588482622,0.9156922410076893
137.84673843257042,0.9215161654664843,-0.00908823663688818,0.9306044021033725
137.86717300649616,0.9095119474359997,-0.0376370976075977,0.9471490450435974
137.88760758019635,0.898861348165945,-0.058488031606162116,0.9573493797721071
137.90804205389577,0.8853217987910057,-0.06960152305756562,0.9549233218485713
137.92847672758944,0.8724654469709865,-0.06407227837123508,0.9365377253422216
137.9489113011732,0.8629677991360589,-0.03956300313622951,0.9025308022722884
137.96934577475622,0.8614799285119533,0.004507253394694488,0.8569726751172588
137.98978044821706,0.859660778237185,0.052611944712705805,0.8070488335244792
138.010215021568,0.8438392734278244,0.08196793853850304,0.7618713348893213
138.03064949491818,0.8132792362073763,0.08236938431737706,0.7309098518899992
138.0510840681527,0.7773348500735869,0.0550190704844401,0.7223157795891468
138.07151874138071,0.7427605838363768,0.0013376844424568546,0.7414228993939199
138.09195331449882,0.7161693430527138,-0.07351132592948184,0.7896806689821957
138.11238778749248,0.7132039535508122,-0.15100674026786087,0.8642106938186731
138.13282246049494,0.7880155886896094,-0.1700541601614899,0.9580697488510993
138.1532570333802,1.0549272222677357,-0.006250027183103191,1.061177249450839
138.17369150625746,1.2882704910062355,0.12649632732973348,1.161774163676502
138.19412607902632,1.4845906024343987,0.23642405919931697,1.2481665432350817
138.21456075179594,1.458535904819184,0.14806457744308732,1.3104713273760966
138.23499532444112,1.3734181853728844,0.031333532875218006,1.3420846524976664
138.2554297969764,1.2922849291768759,-0.04834584821130017,1.340630777388176
138.27586446951318,1.2245765872993426,-0.08365849342557019,1.3082350807249128
138.29629904192552,1.1661204210867087,-0.08496605472778218,1.2510864758144908
138.31673351434438,1.114390697107777,-0.06397122721105886,1.178361924318836
138.33716808664758,1.0685563724430542,-0.03214050354201192,1.1006968759850662
138.35760275894427,1.02909464780628,0.0006324928405325725,1.0284621549657473
138.37803733113105,0.9992868040436284,0.02915615322094811,0.9701306508226802
138.39847180320066,0.9768900612983498,0.04588551491218573,0.931004546386164
138.41890647526452,0.9601854184588746,0.04767040934084543,0.9125150091180292
138.43934104721848,0.9442246041463075,0.0320224982591486,0.9122021058871589
138.45977551905526,0.9328852006410926,0.008518845413524878,0.9243663552275677
138.48021009088552,0.9208749269810959,-0.02040167181794661,0.9412765987990425
138.50064476272382,0.9105820448453786,-0.04413403920671666,0.9547160840520953
138.5210792344442,0.897973120121608,-0.059624399159621144,0.9575975192812292
138.54151380604162,0.8839038973020688,-0.06146086661608674,0.9453647639181555
138.56194837752992,0.8714860092908745,-0.045448665586175,0.9169346748770495
138.5823829490182,0.8646600142502048,-0.010354242743924047,0.8750142569941288
138.60281752049923,0.8605622557824156,0.03482927445336936,0.8257329813290463
138.6232520918711,0.8484863782686941,0.0708375627764729,0.7776488154922212
138.64368666312657,0.8219564778843502,0.08166256422356266,0.7402939136607876
138.66412123437476,0.7879593671017242,0.06545357780899053,0.7225057892927337
138.6845558055138,0.7511299750203692,0.020301850575844216,0.7308281244445249
138.70499027653568,0.7195385150303614,-0.04871687802224145,0.7682553930526028
138.7254249475518,0.7042423802601276,-0.12929891034397445,0.8335412906041021
138.74585951845802,0.7384234757634884,-0.18276705167776008,0.9211905274412485
138.76629398936348,0.9330951000528548,-0.08905744371509872,1.0221525437679535
138.78672866014676,1.197230842507177,0.07212570345427105,1.1251051390529059
138.80716323082015,1.4416449758777699,0.22352823540562938,1.2181167404721405
138.82759770149278,1.4864446620706986,0.19601252066472363,1.290432141405975
138.84803227204247,1.4064001406907143,0.07232469495909277,1.3340754457316215
138.8684669426002,1.321255736948289,-0.02375835871074239,1.3450140956590313
138.88890151304076,1.2493957357005183,-0.07430294341151256,1.3236986791120309
138.90933598336414,1.1871336831710273,-0.08775549587081444,1.2748891790418417
138.92977065368177,1.1334962313108783,-0.07330423552829468,1.206800466839173
138.9502052238895,1.0832871717107284,-0.04643283524497188,1.1297200069557003
138.9706396940892,1.0412538854809743,-0.013067002875168932,1.0543208883561432
138.9910742641805,1.0080950599066025,0.018134604062020387,0.9899604558445821
139.01150893415615,0.982803162194758,0.03955657930151757,0.9432465828932405
139.0319434041303,0.9648630039291483,0.047759593804174716,0.9171034101249735
139.0523779739815,0.9495485010552502,0.039060452499466436,0.9104880485557838
139.07281264372432,0.9361254406720536,0.017324620502453314,0.9188008201696003
139.09324711345835,0.9238727092261481,-0.01103116223168188,0.9349038714578299
139.113681683084,0.91616389983274,-0.034406944854033394,0.9505708446867734
139.13411625270965,0.9022341841417294,-0.05587497081446924,0.9581091549561986
139.15455082221888,0.8880455684669363,-0.06382795449038492,0.9518735229573212
139.17498539160442,0.8744354869761307,-0.054969390947331775,0.9294048779234625
139.19541996099724,0.8635625585132811,-0.028432411145223546,0.8919949696585047
139.21585443027288,0.8596809767907595,0.015105754380661307,0.8445752224100982
139.23628909954277,0.8522290040735885,0.057286637686934094,0.7949423663866544
139.25672366858635,0.8308405854052129,0.07838665677251666,0.7524539286326962
139.27715813774557,0.7993970384528702,0.07299180364741009,0.7264052348054602
139.29759280666622,0.763173148788307,0.03880194435178974,0.7243712044365173
139.31802737559337,0.7299012768470359,-0.020891858395830187,0.7507931352428661
139.33846194451326,0.7055704446032414,-0.10048347810789138,0.8060539227111327
139.35889641320682,0.7130042337701453,-0.17320273218096427,0.8862069659511096
139.37933108201833,0.8245223163781091,-0.15889252111010166,0.9834148374882108
139.39976565059624,1.1166501497160648,0.029625083702718102,1.0870250660133467
139.4202001191661,1.3644967292358654,0.17937066236748467,1.1851260668683807
139.44063478762837,1.5039111816312571,0.2375917132719798,1.2663194683592773
139.4610693560826,1.4444659858948774,0.12304616122627454,1.3214198246686029
139.4815038244269,1.3541456148851903,0.009329476610843379,1.3448161382743469
139.50193839265557,1.2750262825304606,-0.06023328796493277,1.3352595704953933
139.522373060885,1.2083893446287688,-0.08756928868155156,1.2959586333103204
139.54280752898921,1.1506244812084714,-0.08334711355755586,1.2339715947660272
139.56324209698505,1.1005142054109216,-0.05848056268630941,1.158994768097231
139.58367676497437,1.0577653124551933,-0.023995712734747876,1.0817610251899412
139.60411123285303,1.024425949614374,0.012114769875578135,1.0123111797387958
139.62454580061603,0.9995084079233865,0.04108424242901765,0.9584241654943688
139.64498036837904,0.9799697344076043,0.05549382497267297,0.9244759094349313
139.6654150360191,0.9624629770002648,0.051562670896447726,0.9109003061038171
139.68584950366494,0.9453879838370235,0.031045792444107878,0.9143421913929156
139.7062840711951,0.9318444476006661,0.003380483193867967,0.9284639644067981
139.7267186386016,0.9190763826924438,-0.02618416668502266,0.9452605493774665
139.74715320601535,0.9072273675673312,-0.049422309394330455,0.9566496769616617
139.7675877733127,0.8929872177759286,-0.06307214044947829,0.9560593582254069
139.78802234048635,0.8779806297224909,-0.061754393153024556,0.9397350228755155
139.80845690755086,0.8650671809947444,-0.04247015850620295,0.9075373395009474
139.82889147461538,0.8593401342545137,-0.003748964771080332,0.863089099025594
139.8493260416726,0.8541910512882714,0.040949932312074444,0.813241118976197
139.8697606085043,0.8387050180944214,0.07176102436871135,0.7669439937257101
139.8901951754524,0.8089754573742246,0.07526058316809559,0.733714874206129
139.91062974216038,0.7731664977859792,0.051207538877311665,0.7219589589086676
139.93106430887565,0.7375048091629752,7.281298873151876e-05,0.7374319961742437
139.95149897546798,0.707655885417884,-0.074452710964792,0.782108596382676
139.97193344194966,0.698660408705947,-0.1549917754920862,0.8536521841980332
139.9923680084321,0.754419678175413,-0.19117048876621812,0.9455901669416311
140.01280247479735,1.0052482763921198,-0.04291583596320514,1.048164112355325
140.03323714115686,1.260256385394716,0.1105216398279536,1.1497347455667624
140.05367170729005,1.482223182193632,0.24372409579091725,1.2384990864027148
140.07410627353238,1.4693245688938958,0.1650653206805912,1.3042592482133046
140.09454083954915,1.3826284694434863,0.04269158419663044,1.3399368852468558
140.11497540556593,1.2994829954357816,-0.043113737030450405,1.342596732466232
140.1354099714663,1.2282040536490486,-0.08560629455981728,1.3138103482088659
140.1558444372422,1.1674789323814578,-0.09182619645778711,1.259305128839245
140.1762791030269,1.1135102112319641,-0.07444911268093346,1.1879593239128976
140.19671366868715,1.0678720911012978,-0.042448485418770554,1.1103205765200683
140.21714813435392,1.031559709684621,-0.005327460268795159,1.0368871699534161
140.2375827999058,1.0045401462770156,0.028092619992178824,0.9764475262848368
140.2580173653405,0.9832563186594621,0.048502574044154034,0.934753744615308
140.27845183065074,0.964542109184383,0.050804564324814394,0.9137375448595686
140.29888639596902,0.9487530693591999,0.03734984333440117,0.9114032260247987
140.31932106116437,0.9344532179851694,0.012052249020818029,0.9224009689643514
140.33975552636548,0.9213667832354638,-0.017806755639282246,0.9391735388747461
140.38062465641997,0.8899016030218133,-0.06809223705623313,0.9579938400780464
140.40105932126608,0.8755916823072322,-0.07220090790619693,0.9477925902134291
140.42149378611794,0.8624544368405582,-0.05886797138949185,0.9213224082300501
140.44192835085414,0.8581238931994101,-0.022697489632237833,0.8808213828316479
140.46236301546742,0.8594963010835154,0.0274634603862417,0.8320328406972737
140.48279748008645,0.8518297188418993,0.06854618885079744,0.7832835299911018
140.50323204458982,0.8273551934456574,0.08328277201543399,0.7440724214302235
140.52366650896874,0.7921752230451664,0.06875919280296938,0.723416030242197
140.54410117335647,0.7550178452089377,0.026794485639393906,0.7282233595695438
140.564535737627,0.7220938481256222,-0.0398910010634953,0.7619848491891175
140.58497030177386,0.701678406002479,-0.12232123477866363,0.8239996407811426
140.605404865928,0.7218463553153193,-0.18743469104359245,0.9092810463589117
140.6258394299657,0.8855821554993514,-0.12358222118270079,1.0091643766820522
140.64627399387973,1.181717927865785,0.06919309847641375,1.1125248293893713
140.66670845780027,1.435515151789427,0.22810526953192412,1.2074098822575028
140.6871431216059,1.5054140468425516,0.22258996861060676,1.2828240782319449
140.7075776852871,1.4232893153925799,0.09292283456322492,1.330366480829355
140.7280121488584,1.3338842619364963,-0.01158352373883087,1.3454677856753272
140.7484468124312,1.257877907406154,-0.07013410798103115,1.328012015387185
140.76888137587957,1.192904308480012,-0.08934858373076993,1.2822528922107819
140.78931583933445,1.1356927392435245,-0.08034788431276896,1.2160406235562935
140.80975040255726,1.0850483386397596,-0.054442215539916905,1.1394905541796765
140.83018506577355,1.039781971292739,-0.023541030531059493,1.0633230018237985
140.85061962899636,1.0041938405749093,0.007045535124588609,0.9971483054503207
140.87105409198557,0.9791088833979865,0.03112705904853641,0.9479818243494501
140.89148865496827,0.9608092497800952,0.04157140106696022,0.919237848713135
140.9119233178426,0.9448823928057861,0.034519762688393296,0.9103626301173928
140.9323577807154,0.9306190491817734,0.013461863483996028,0.9171571856977774
140.95279234346526,0.918733485321605,-0.013995448417080558,0.9327289337386856
140.97322700610675,0.9070992320428254,-0.04180048346877829,0.9488997155116037
140.9936614686303,0.8939202625147882,-0.06390174058861975,0.9578220031034079
141.01409603114735,0.8792674743566733,-0.07425439532137756,0.9535218696780509
141.03453059355525,0.8655930906438732,-0.06750374398576808,0.9330968346296413
141.05496515584673,0.8570930414666382,-0.04026755278247296,0.8973605942491112
141.07539971813094,0.8586513646812696,0.007833461129807207,0.8508179035514624
141.095834280306,0.8561660796132137,0.05519655660982059,0.8009695230033931
141.11626884236466,0.8388251089318699,0.08176344693629445,0.7570616619955755
141.13670340441604,0.8066622866246148,0.07817200472128516,0.7284902819033297
141.15713796635828,0.7693248604077794,0.046193847537800536,0.7231310128699788
141.17757242818334,0.7325565063065923,-0.013323392034771842,0.7458798983413641
141.19800708988623,0.7056833255382563,-0.09197466408800514,0.7976579896262614
141.21844165159564,0.7063714310983293,-0.16867987011799623,0.8750513012163256
141.23887611318787,0.7937491931510783,-0.17691194320424652,0.9706611363553248
141.25931077465793,1.0917302151459318,0.01761757839549216,1.0741126367504397
141.2797453360181,1.3512473660445514,0.17769200245767935,1.173555363586872
141.3001797973775,1.518752336822378,0.2613242210451161,1.257428115777262
141.32061435861397,1.4659772534173452,0.14979098851741002,1.3161862648999352
141.34104901985847,1.372424145673155,0.02871019230346028,1.3437139533696947
141.3614835808694,1.2896854675338523,-0.04850991261145143,1.3381953801453037
141.38191804187227,1.2188494653193223,-0.0834516459391832,1.3023011112585055
141.40235260276677,1.1578140543419844,-0.08484778067073373,1.242661835012718
141.42278726366203,1.1049212077184787,-0.06380475873419988,1.1687259664526786
141.44322182443284,1.0582091392470119,-0.032983396335926285,1.0911925355829382
141.46365628509375,1.01905714382489,-0.0012228807821457188,1.0202800246070358
141.48409094563976,0.9909044807356254,0.02678029897663925,0.9641241817589862
141.50452550617774,0.970029901420596,0.042458706154852255,0.9275711952657437
141.52495996660582,0.9542615670432845,0.042707131681284594,0.9115544353619999
141.54539452691824,0.9401559227136026,0.026994470248712155,0.9131614524648904
141.56582908710698,0.9282291947408268,0.0018643147322607856,0.926364880008566
141.58626374730375,0.9171199849216825,-0.02616454088385589,0.9432845258055383
141.60669820738258,0.905885057136267,-0.0498726571579563,0.9557577142942233
141.62713286733924,0.8926789908882125,-0.06426456197611063,0.9569435528643231
141.64756742730242,0.8779024095383772,-0.06477599607374385,0.942678405612121
141.668001887032,0.8649658559630532,-0.04738216280607488,0.9123480187691281
141.68843644675508,0.8600868996004933,-0.009032240828425908,0.8691191404289192
141.70887110648619,0.8567250016535775,0.03723597498391129,0.8194890266696662
141.72930556598294,0.8425055106623235,0.07028168585946137,0.7722238248028621
141.74974012547318,0.8153963345927032,0.07853574747588998,0.7368605871168132
141.77017478485504,0.779853385746332,0.057819581919119845,0.7220338038272122
141.79060924423538,0.7431264577470756,0.009222781483265274,0.7339036762638104
141.81104380337638,0.7116117652177446,-0.06334912315261387,0.7749608883703585
141.83147836252465,0.6972982820737238,-0.1461166024987347,0.8434148845724585
141.8519129215565,0.7389200305673176,-0.19435688302113907,0.9332769135884567
141.87234748058108,0.9658531686032545,-0.06928022069519724,1.0351333892984518
141.8927820393801,1.2455117098033608,0.1080225985506642,1.1374891112526966
141.9132166981799,1.4865058148206178,0.25804123638181387,1.228464578438804
141.93365115685447,1.4963190804149755,0.19875046089998838,1.2975686195149871
141.95408571553708,1.40797698562179,0.0707118747210973,1.3372651109006928
141.9745201741025,1.320287263599462,-0.02377774436457014,1.3440650079640322
141.99495483242936,1.2460966811773038,-0.07288323204682601,1.3189799132241298
142.01538939087914,1.1818141560685993,-0.08544523204595555,1.2672593881145549
142.03582384909532,1.125312333019516,-0.07214944712984028,1.1974617801493563
142.056258407305,1.0756075544629207,-0.04440866439397584,1.1200162188568965
142.0766930654063,1.0316620441595161,-0.01385995697892306,1.0455220011384392
142.0971276233904,1.0002435072467137,0.017177973478569974,0.9830655337681438
142.11756208125735,0.9765333288529467,0.037699246097994354,0.9388340827549524
142.13799673911853,0.9594600091096938,0.044202033044768,0.9152579760649258
142.15843129686982,0.9451918627908932,0.03437556616664328,0.9108162966242499
142.17886575449666,0.9320697108497933,0.011543392094900184,0.9205263187548931
142.19930031213153,0.9214519680261718,-0.01557770279274584,0.9370296708189176
142.21973496965074,0.9092107025917465,-0.04286663178086858,0.9520773343726151
142.2401694269356,0.8971243661160496,-0.06102996351385914,0.9581543296299088
142.26060398433037,0.882597793194942,-0.06736256981165378,0.9499603630065958
142.28103864150034,0.8693648094667544,-0.05612088708485119,0.9254856965516056
142.30147309866152,0.8607040257086356,-0.025791881249277226,0.8864959069579128
142.3219076557143,0.8576885824312279,0.019355346504124404,0.8383332359271035
142.3423422126507,0.8484112593310655,0.059341847113798085,0.7890694122172675
142.36277686946414,0.8257982319782616,0.07765308519252623,0.7481451467857354
142.38321132628334,0.7921078157773916,0.06737774937718688,0.7247300664002048
142.4036458829869,0.7552300781098236,0.029152612650312992,0.7260774654595106
142.4240805395675,0.719549197660408,-0.03661224122577478,0.7561614388861828
142.44451499603747,0.6973334439931218,-0.11749193726714591,0.8148253812602677
142.46494955239177,0.7104191100800118,-0.18718177645918155,0.8976008865391933
142.4853840087453,0.844044709050578,-0.15218291525810124,0.9962276243086793
142.5058186649767,1.1588693746203618,0.05906212475591888,1.099807249864443
142.52625322109816,1.4162531874841293,0.21986073600196376,1.1963924514821656
142.54668777721236,1.5169078791226591,0.2421361277541625,1.2747717513684966
142.56712223321665,1.4411368659149404,0.11499508893725308,1.3261417769776873
142.58755688910605,1.3488030182266915,0.003397561077187028,1.3454054571495044
142.60799144487828,1.2688238561277843,-0.06305430288786895,1.3318781590156532
142.62842590052605,1.2025264209206812,-0.08676930408882955,1.2892957250095107
142.64886055618263,1.1439609427585162,-0.08115910253070457,1.2251200452892208
142.66929511171475,1.093153438896707,-0.05611748345909584,1.1492709223558029
142.68972956713696,1.0505198921856262,-0.02196902177494353,1.0724889139605698
142.71016412244353,1.0184484928014976,0.013837805932628733,1.004610686868869
142.73059877763444,0.9950659987561761,0.04202202779137987,0.9530439709647962
142.75103323281655,0.9767019980055255,0.05501234642294495,0.9216896515825805
142.7714677878903,0.9596101573038787,0.049123458705614076,0.9104866985982646
142.7919024428411,0.9430453255938023,0.027392731280896254,0.915652594312906
142.81233689779765,0.9296353459070735,-0.0009268155582444759,0.930562161465318
142.83277145252214,0.917899345791251,-0.0292120879034804,0.9471114336947314
142.85320600724663,0.9035277381278726,-0.05379501156714972,0.9573227496950223
142.87364066184819,0.8887111604003258,-0.06620092868715266,0.9549120890874785
142.89407511633908,0.8739458443685594,-0.06259815409131309,0.9365439984598725
142.91450967083074,0.8624530780966133,-0.04010037774540187,0.9025534558420152
142.93494432519947,0.8591756375227106,0.002168207398986599,0.857007430123724
142.95537877934112,0.8534518881452963,0.04636117363369874,0.8070907145115975
142.97581333359994,0.835192063468212,0.07327928414015661,0.7619127793280553
142.9962477876179,0.8044621181808314,0.0735182901629593,0.730943828017872
143.01668244152825,0.7668105428626271,0.04447402897355124,0.7223365138890758
143.03711699543783,0.7311742600913697,-0.010252508468585386,0.741426768559955
143.05755154922372,0.703276175060075,-0.08639077231235504,0.78966694737243
143.07798610290047,0.6984154733966214,-0.16576654305884264,0.864182016455464
143.09842065657722,0.7682066364527865,-0.18982345617045893,0.9580300926232455
143.11885521001386,1.0510744793456936,-0.010059163855394626,1.0611336432010883
143.13928976345778,1.3174878271444812,0.15575345686239084,1.1617343702820904
143.159724316778,1.5140168123119282,0.26588005761883293,1.2481367546930953
143.1801588699891,1.474591403919315,0.16413506174523507,1.31045634217408
143.200593323083,1.381023264411862,0.0389359619708447,1.3420873024410174
143.2210278761777,1.2957102349318488,-0.04494053968900058,1.3406507746208494
143.24146252914943,1.224594773716496,-0.0836742401527224,1.3082690138692183
143.26189708201127,1.1635019541019185,-0.08762670986928334,1.2511286639712018
143.28233163474943,1.1097331875891603,-0.0686717346791601,1.1784049222683204
143.30276618737844,1.06325085012503,-0.03748294689659337,1.1007337970216233
143.32320074000745,1.0279015750254006,-0.0005855607156231013,1.0284871357410237
143.36406974479178,0.9703818786389463,0.03938664661132052,0.9309952320276258
143.38450439718872,0.9539355784462439,0.04144605313562444,0.9124895253106194
143.4049389493448,0.9393818303543608,0.02721697266150014,0.9121648576928607
143.42537340139097,0.9265477235232645,0.0022239734757025786,0.924323750047562
143.44580805343867,0.9142701558440712,-0.026965887921928555,0.9412360437659998
143.4662426053692,0.9018107827316437,-0.052873638149854685,0.9546844208814984
143.48667705717526,0.8882360727101595,-0.06934424544821072,0.9575803181583702
143.50711160887295,0.8723275048987538,-0.07303755776376253,0.9453650626625163
143.52754626056412,0.8622894692576127,-0.054662888725575565,0.9169523579831883
143.5479808121454,0.8607313741868412,-0.014315132889060944,0.8750465070759021
143.56841526349308,0.8625874621998916,0.03681283522949175,0.8257746269703998
143.5888499149587,0.8516263119166436,0.07393395886925314,0.7776923530473905
143.60928446618345,0.8243066933136475,0.08397452922507498,0.7403321640885725
143.6297189172983,0.7880269127368317,0.06549471735956525,0.7225321953772664
143.65015346841392,0.7500801299664318,0.019242236061704276,0.7308378939047275
143.6705881192902,0.7172239942392353,-0.05102315767195287,0.7682471519111882
143.6910225701722,0.6991477923348263,-0.1343674488557165,0.8335152411905428
143.71145712093858,0.7296245531027652,-0.19152675466493352,0.9211513077676987
143.73189167169767,0.9271266190519446,-0.0949804036785139,1.0221070227304585
143.7523262222312,1.2256742432194003,0.10061441274811544,1.1250598304712849
143.77276077276474,1.474138231484244,0.25605863373174276,1.2180795977525012
143.7931953231746,1.505289560594133,0.21487999913620492,1.290409561457928
143.8136298734753,1.4176095015268277,0.083538768411753,1.3340707331150747
143.83406442365958,1.3290457849626849,-0.015982238414060657,1.3450280233767455
143.85449897372018,1.2526933074050135,-0.07103570820307081,1.3237290156080843
143.8749334237873,1.1869961426978866,-0.08793468983581043,1.274930832533697
143.8953680736231,1.1286088707862283,-0.07823760684546732,1.2068464776316956
143.91580262345087,1.078092098116909,-0.051670618554320535,1.1297627166712296
143.93623707316874,1.0342619172679586,-0.020091314344770517,1.054353231612729
143.95667172288813,1.0008034972963804,0.010826623884118813,0.9899768734122616
143.97710627236665,0.9756352271166346,0.0323902102994702,0.9432450168171644
143.99754072173528,0.9584630243690926,0.04137893779377255,0.91708408657532
144.01797527110466,0.943245204901293,0.032790711797485494,0.9104544931038075
144.0384099203511,0.9300332985856662,0.011274316137506735,0.9187589824481595
144.05884446948767,0.9176792412696074,-0.017181955762654466,0.9348611970322619
144.07927891850704,0.9063525963951194,-0.044182086873716164,0.9505346832688356
144.09971356752067,0.8926250721660253,-0.06546091857601188,0.9580859907420372
144.12014811630797,0.8774432100808676,-0.07442423425862832,0.9518674443394959
144.14058256509452,0.8635252282636163,-0.06589203048536407,0.9294172587489804
144.16101711375813,0.8582430083789084,-0.03378079213697227,0.8920238005158807
144.18145176231337,0.8603824724424302,0.01576725367575804,0.8446152187666721
144.20188621075067,0.8552790792171856,0.06029142346371197,0.7949876557534736
144.22232075906504,0.8345440784389048,0.08204781347592316,0.7524962649629816
144.24275540738745,0.8013312290853828,0.07489410903149718,0.7264371200538856
144.2631898554755,0.7636035028549584,0.039216264664459266,0.7243872381904991
144.28362440355704,0.7283994066017119,-0.022390698020833266,0.7507901046225451
144.30405895152944,0.7027268345291999,-0.10330509499194429,0.8060319295211442
144.32449349938543,0.7083520934042885,-0.17781763363994496,0.8861697270442335
144.34492804711772,0.81866952883356,-0.16469785805771853,0.9833673868912786
144.3653625948573,1.1318136226189845,0.04483818930025851,1.086975433318726
144.38579704236327,1.3858492010624084,0.20076695513019405,1.1850822459322143
144.4062316898635,1.5143022066525815,0.24801367599109247,1.266288530661489
144.4266662372538,1.4508393452381783,0.12943260956147906,1.3214067356766992
144.44710068452696,1.360314206920484,0.01549127842771525,1.3448229284927689
144.46753533167794,1.2803767479893307,-0.05490812438734127,1.335284872376672
144.487969878719,1.2110881301045373,-0.08491025648875161,1.295998386593289
144.50840432575933,1.1511331764641957,-0.08288585109602797,1.2340190275602236
144.5288388725603,1.0971758086837389,-0.06186620306734003,1.159042011751079
144.5492735193693,1.0520702690069885,-0.029730043379442073,1.0818003123864306
144.56970806606114,1.0145282777936258,0.0021924338432246504,1.012335843950401
144.5901425126358,0.9873438163736208,0.028912880495209126,0.9584309358784117
144.61057715908828,0.9680902097282102,0.04362660675925201,0.9244636029689582
144.63101170543086,0.9525562255082486,0.041684590617932726,0.9108716348903159
144.6514461517654,0.9394658042188622,0.02516346860874552,0.9143023356101166
144.67188069787517,0.9275799637899819,-0.0008401603148275871,0.9284201241048095
144.69231534398568,0.9163490701803548,-0.02887160208638684,0.9452206722667417
144.71274978997099,0.9044048575535578,-0.05221595017361158,0.9566208077271694
144.7331843358479,0.889249149445655,-0.06679770351007286,0.9560468529557279
144.75361898160918,0.8740949964626156,-0.06564621656384184,0.9397412130264574
144.77405342724524,0.8623076205209271,-0.045254030693539504,0.9075616512144666
144.7944879727729,0.860050615993768,-0.0030768348624603536,0.8631274508562283
144.8149225183006,0.8562876868054831,0.04300063066325566,0.8132870561422274
144.83535716358892,0.840096960005624,0.07310751196000309,0.7669894480456209
144.855791608883,0.810485023431756,0.07673272236444872,0.7337523010673073
144.87622615406144,0.7749002908578505,0.05291881666515108,0.7219814741926994
144.89666069911618,0.7377846011381205,0.0003492710774066765,0.7374353300607138
144.91709524406178,0.7082279993494647,-0.07386334776521364,0.7820913471146783
144.93752978889097,0.6991862880886427,-0.15443089879900385,0.8536171868876465
144.95796433371288,0.7543513071868644,-0.19119110803442718,0.9455424152212916
144.97839897831,1.013730630362585,-0.0343814385781549,1.04811206894074
144.9988334229056,1.2868067338753673,0.13712198018166388,1.1496847536937034
145.01926796737825,1.5021299737933047,0.26366988023690996,1.2384600935563947
145.03970251174178,1.4855008638813045,0.1812634513915683,1.3042374124897362
145.0601370559889,1.393263014936658,0.053327442499845557,1.3399355724368125
145.0805716001123,1.3079634967711227,-0.034652459429255655,1.3426159562003783
145.1010061441266,1.2354844476205493,-0.07836232526138454,1.3138467728819339
145.1214407880252,1.1730653908106063,-0.08628660948635614,1.2593520002969625
145.14187523191504,1.1178960746465867,-0.07011395391433628,1.188010028560923
145.16230977569649,1.0687570644650293,-0.04160910722112554,1.1103661716861548
145.18274421924434,1.02715982075748,-0.009760487850741129,1.036920308608221
145.20317886278644,0.9957866914209945,0.0193236387993877,0.9764630526216068
145.22361340621865,0.9747260217114321,0.039976467166284224,0.9347495545451479
145.24404784953367,0.957195916302337,0.04348099002865091,0.9137149262736861
145.26448249272653,0.9429189076877084,0.03155225714067267,0.9113666505470357
145.28491703580949,0.9306707934975282,0.008313578825043244,0.922357214672485
145.30535157889244,0.9182301183674926,-0.020900637373801323,0.9391307557412939
145.3257860217418,0.905816528402197,-0.04762469492474908,0.953441223326946
145.34622066458542,0.8924826060765655,-0.06549219863557565,0.9579748047121411
145.36665520731913,0.8774291139926046,-0.07036324190157683,0.9477923558941814
145.38708964992838,0.8640290779601322,-0.05731230369881335,0.9213413816589455
145.40752429243003,0.8583701449660293,-0.022486232570023912,0.8808563775360532
145.4279588348145,0.8570111306652627,0.02493268672978477,0.8320784439354779
145.44839327708178,0.8468867424271835,0.06355500730004304,0.7833317351271405
145.46882781922614,0.822066373173223,0.07795153660274234,0.7441148365704806
145.48926246126211,0.7870078758286984,0.06356288364706286,0.7234449921816355
145.5096969032893,0.7502376116663343,0.022004034968952868,0.7282335766973814
145.53013144509168,0.7169581137970908,-0.045015717670238375,0.7619738314673292
145.55056598689407,0.6971291742311713,-0.12683931145939842,0.8239684856905697
145.57100062857353,0.7210810751682514,-0.18815359036321921,0.9092346655314706
145.59143507014232,0.8887835730161076,-0.12032536745969491,1.0091089404758025
145.61186961159547,1.1933813933981605,0.0809120171596045,1.112469376238556
145.63230425292568,1.440538473715168,0.2331745632477209,1.2073639104674472
145.65273869414523,1.5035368309916872,0.22074365067861268,1.2827931803130745
145.67317323524912,1.4270665450428928,0.09671031045008704,1.3303562345928057
145.69360767623584,1.3399046317517964,-0.005574942429885654,1.345479574181682
145.7140423172168,1.2636232080652392,-0.06442044604779129,1.3280436541130305
145.73447685797146,1.197612861785656,-0.0846861398346701,1.2822990016203262
145.75491139871883,1.1387861003676982,-0.077307077530119,1.2160931778978172
145.77534593935707,1.0882288901295112,-0.05131232938491692,1.139541219514428
145.79578047976247,1.0475947788930737,-0.015769192795200837,1.0633639716882746
145.81621502016787,1.0165819592569956,0.01940914814871597,0.9971728111082796
145.83664946044883,0.9942725950217396,0.04628622680994032,0.9479863682117993
145.85708410062216,0.976614866351036,0.05739256299490725,0.9192223033561288
145.87751864067104,0.9607918120274254,0.050461230741262075,0.9103305812861633
145.89795308072644,0.9465493795749408,0.029434589204075046,0.9171147903708657
145.91838772055053,0.9340093420390168,0.0013250627683927263,0.932684279270624
145.93882226025744,0.9222655212814641,-0.026595485883077474,0.9488610071645416
145.9592566999563,0.9096282446577929,-0.04816837615857905,0.957796620816372
145.9796912394304,0.8935632261292183,-0.059951535783049015,0.9535147619122674
146.00012587889796,0.8779826904366701,-0.05512690202975423,0.9331095924664243
146.02056041825563,0.8689340662309497,-0.028457413439247792,0.8973914796701975
146.04099485749612,0.8673657896024665,0.016503671195154834,0.8508621184073116
146.0614294965053,0.8606780236071546,0.059658891742064846,0.8010191318650898
146.08186403550644,0.8396766551435564,0.08256835441045962,0.7571083007330968
146.10229847439768,0.8067904290335363,0.07826469462057317,0.7285257344129631
146.12273301317327,0.7700190561929585,0.046870577654461454,0.7231484785384971
146.14316765194235,0.7341315598263408,-0.011744446405622555,0.7458760062319634
146.16360209048435,0.7076271313494877,-0.09000468433742881,0.7976318156869165
146.1840366289107,0.7092478815336116,-0.16575876286386992,0.8750066443974815
146.20447116732976,0.8017448142273316,-0.16886020408124602,0.9706050183085776
146.22490570552327,1.1014818000837525,0.02742917216931895,1.0740526279144336
146.24534024371678,1.3525771331786032,0.17907596942914616,1.173501163749457
146.2657747816702,1.5117056718596724,0.25431726319600534,1.257388408663667
146.28620931963087,1.464006061019384,0.14783942325221888,1.316166637767165
146.30664385747514,1.3752710742912475,0.0315539050297724,1.343717169261475
146.34751283268997,1.2275478246239462,-0.07479645182076045,1.3023442764447066
146.36794747017848,1.165191849038507,-0.07752335340160998,1.242715202440117
146.38838200755708,1.1104602128652394,-0.058321181047024995,1.1687813939122644
146.4088164448185,1.0628039947084325,-0.0284371409448545,1.091241135653287
146.42925108208146,1.0233638449029456,0.0030506482076657626,1.0203131966952799
146.44968561910355,0.994777316333972,0.03063929352371375,0.9641380228102583
146.47012005601573,0.9737804873400303,0.04621643894552596,0.9275640483945043
146.49055469280574,0.958681312676083,0.047153110036107004,0.911528202639976
146.51098922960227,0.9446937101114015,0.031571898880839,0.9131218112305625
146.53142376616597,0.9318374124503259,0.005517874355562391,0.9263195380947635
146.5518582026125,0.9209474274884368,-0.022294551832328646,0.9432419793207655
146.57229283905326,0.9085149526599553,-0.047211418583033016,0.9557263712429883
146.59272737538413,0.8937118850153808,-0.0632175282330073,0.9569294132483881
146.6131619114749,0.8783897421641532,-0.06429486014711416,0.9426846023112674
146.63359634757217,0.8684693507490586,-0.04390467427436262,0.9123740250234212
146.65403098355455,0.8690537010512743,-0.00010693141906470416,0.869160632470339
146.67446551941975,0.8711597746607214,0.05162028861775969,0.8195394860429617
146.6948999551605,0.8567444369193085,0.08447013181036755,0.7722743051089409
146.71533459079365,0.8270912880043322,0.0901892938770239,0.7369019941273083
146.73576912618591,0.789697604688909,0.06763889705650383,0.7220587076324052
146.75620366170187,0.7512932043058598,0.0173862108459909,0.7339069934598689
146.77663809698424,0.719836760444598,-0.05510402091940392,0.7749407813640019
146.79707273215172,0.7067055923942256,-0.13666852426097587,0.8433741166552015
146.81750726719474,0.7531187981503042,-0.18010211500626627,0.9332209131565705
146.83794170212786,0.9879348704115102,-0.04713504769116106,1.0350699181026712
146.85837623694533,1.256407946608479,0.1189797379315749,1.137428208676904
146.8788108717563,1.482159568823371,0.2537440891883991,1.228415479634972
146.89924530634016,1.4885097871186206,0.19097106854947143,1.2975387185691492
146.91967984080839,1.404671580584835,0.06741283124933006,1.337258749335505
146.9401144752701,1.3195724479008148,-0.02451022509560219,1.344082672996417
146.96054890950472,1.2445510027552937,-0.0744675310677545,1.3190185338230482
146.98098344374012,1.1797139235698684,-0.08759840140691111,1.2673123249767795
147.0014179777354,1.121779939425377,-0.07573999855415114,1.197519937979528
147.02185251173796,1.0737003748010059,-0.046370137133141975,1.1200705119341479
147.0422870455077,1.0355117617795313,-0.010052475522329685,1.045564237301861
147.06272157927015,1.0062920210391404,0.023202985206665305,0.9830890358324751
147.08315621292422,0.9841145177932743,0.04527897485163923,0.9388355429416351
147.10359064634395,0.9660004406949353,0.050761566131947156,0.9152388745629881
147.12402517975715,0.9487058905937432,0.037925162291679415,0.9107807283020638
147.14445961306046,0.9343738818471424,0.013892349063783782,0.9204815327833586
147.16489424624888,0.9213420685087457,-0.015642480856608132,0.9369845493653538
147.18532877931284,0.9072905255976879,-0.04474999517522538,0.9520405207729132
147.2057632121505,0.892735180425195,-0.0653980112449819,0.9581331916701769
147.22619784498966,0.8759444180513327,-0.07401487923113426,0.949959297282467
147.24663237770437,0.8610438462253395,-0.06446188222532201,0.9255057284506615
147.26706691030995,0.8571216024270857,-0.02941220547122969,0.8865338078983154
147.28750134279835,0.8605114071440302,0.02212822388675828,0.8383831832572719
147.30793597516458,0.8533165688073668,0.0641941605540145,0.7891224082533523
147.3283705074209,0.8270508459563914,0.07885859569380149,0.74819225026259
147.34880493956007,0.7928521469190438,0.06808974357844766,0.7247624033405962
147.3692394715763,0.7539127180221542,0.027824086701626727,0.7260886313205275
147.38967410360056,0.7206342212885756,-0.03551417354037767,0.7561483948289532
147.41010853539046,0.6993408134842727,-0.11544820763130503,0.8147890211155777
147.43054306705744,0.7173474751064177,-0.1801984724798762,0.8975459475862939
147.45097769861604,0.8600129774199191,-0.13614998462687833,0.9961629620467974
147.4714121300567,1.1566507376359867,0.056910192274281624,1.099740545361705
147.49184666137444,1.3940821890101947,0.19774750083289994,1.1963346881772947
147.51228119269945,1.4861334317250772,0.21140187965932755,1.2747315520657496
147.5327158237924,1.422700850762872,0.09657549729364834,1.3261253534692237
147.5531502547601,1.337897045808616,-0.007517209097876565,1.3454142549064925
147.57358478561946,1.260763872766006,-0.07114674967629986,1.3319106224423058
147.59401941647957,1.1940843101255987,-0.09526138249121674,1.2893456926168154
147.61445384709805,1.1350177547985585,-0.09016244708779886,1.2251802018863573
147.63488837760815,1.0844668878485517,-0.06486409655131431,1.149330984399866
147.65532280800107,1.043794545408403,-0.02874486217079264,1.0725394075791956
147.67575743838825,1.0123705833903787,0.007726895052798666,1.00464368833758
147.6961919685491,0.9894445899643737,0.03638903786109948,0.9530555521032742
147.71662639859278,0.9703820160733542,0.048703194555392404,0.9216788215179618
147.7370610286307,0.9538865878303358,0.0434299345612269,0.9104566532691089
147.75749555844232,0.9393178134677428,0.023707943687061972,0.9156098697806808
147.7779300881375,0.9275566554708595,-0.0029588438958009222,0.9305154993666604
147.79836451783194,0.9154686051273891,-0.03160136020662607,0.9470699653340152
147.8187991472878,0.9029889016390733,-0.05430597905283707,0.9572948806919104
147.83923367675015,0.8870062322795244,-0.06789737876584034,0.9549036110453647
147.85966810597165,0.8712285433177972,-0.0653287273034664,0.9365572706212636
147.88010263508477,0.8601391005477842,-0.04244776986831367,0.9025868704160979
147.9209716930709,0.8612341948515676,0.05408857165499048,0.8071456231965771
147.94140622183477,0.8434066324141176,0.08144189422976722,0.7619647381843504
147.9618408505994,0.8118247259406253,0.08084154742757033,0.7309831785130549
147.9822752791224,0.7738360438252464,0.05148003925024802,0.7223560045749984
148.00270980753703,0.7377875330392983,-0.003634126846596586,0.7414216598858949
148.02314433595166,0.7101149801161163,-0.07952167582717629,0.7896366559432926
148.04357896412694,0.7081794913972933,-0.1559510028029476,0.8641304942002409
148.06401339219155,0.7867855561011776,-0.1711780724237727,0.9579636285249503
148.08444792025693,1.060637256176478,-0.00042499577040366887,1.0610622519468818
148.10488254808297,1.2977705391490433,0.13610150666004484,1.1616690324889984
148.12531697591476,1.479764759537192,0.23167849403154372,1.2480862655056484
148.14575150351448,1.4528147976189427,0.14238627329131437,1.3104285243276284
148.1661860309905,1.3720267472071253,0.02994072734016262,1.3420860198669626
148.1866205583574,1.2916414299215389,-0.049033980846588276,1.3406754107681271
148.20705508572428,1.222565719215355,-0.08574962683239029,1.3083153460477452
148.22748961285106,1.159937005880315,-0.09125180727557658,1.2511888131558915
148.24792423986946,1.1048262772784712,-0.0736424293831568,1.178468706661628
148.26835866676993,1.056987335818002,-0.04380445825898116,1.1007917940769831
148.28879319366388,1.0232588769092734,-0.005271237316351263,1.0285301142256247
148.30922772033227,0.9967838410572379,0.026622787320406016,0.9701610537368319
148.32966224688425,0.9760613791497136,0.045067795964185975,0.9309935831855276
148.35009677331254,0.9577018870908228,0.04523546849369098,0.9124664185971318
148.3705312996317,0.9421493223318982,0.03002362815880033,0.9121256941730979
148.39096572583367,0.9278088739821514,0.003532057052578419,0.924276816929573
148.41140035191347,0.9158257435558753,-0.025365163619485043,0.9411909071753604
148.4318348779998,0.9031501356401394,-0.05150010626202295,0.9546502419021623
148.45226940385328,0.8885514268440406,-0.06901278982552217,0.9575642166695628
148.47270392958308,0.8722606562876359,-0.07311017243750106,0.945370828725137
148.49313845520373,0.8599288655036645,-0.05705115701786567,0.9169800225215302
148.51357298070798,0.85964794207325,-0.015443859549718941,0.875091801622969
148.53400740597863,0.8623531463732578,0.03652311088788063,0.8258300354853771
148.55444203124352,0.8508712598988298,0.07312299325810856,0.7777482666407213
148.57487655639852,0.8229819215056907,0.08260341470682075,0.74037850679887
148.59531098142907,0.7870121493100318,0.0644519988269564,0.7225601504830754
148.615745606352,0.749988009336283,0.019146464012238185,0.7308415453240448
148.63618013115774,0.7188090071223566,-0.04941511035354973,0.7682241174759064
148.65661455584632,0.7044446979076612,-0.12902307731623297,0.8334677752238941
148.67704908029555,0.7426310848176685,-0.17845449095958898,0.9210855757772575
148.6974837047528,0.9467973260344317,-0.07523544071632549,1.0220327667507572
148.71791812908486,1.2047285105346723,0.07974165062451521,1.1249868599101571
148.73835265319212,1.4249282326792976,0.20690914156806262,1.218019091111235
148.75878727730014,1.464746325927491,0.17437573318707056,1.2903705927404205
148.7792218012837,1.395543024500189,0.061484691341495035,1.334058333158694
148.79965622504096,1.3176599315721373,-0.02738356267162856,1.345043494243766
148.82009074879898,1.2446120107735819,-0.07915738922456295,1.3237693999981448
148.84052537231764,1.180633273567686,-0.09435533887470315,1.2749886124423893
148.86095979572565,1.1237094620053072,-0.08320376806564722,1.2069132300709544
148.88139431913442,1.0761331722114404,-0.05369402570300563,1.129827197914446
148.90182894230384,1.0369659066135126,-0.01743889843013191,1.0544048050436445
148.9222633653626,1.0087137950204952,0.018704440752806417,0.9900093542676888
148.94269788842212,0.9872039499631353,0.043950229740081115,0.9432537202230542
148.96313241124153,0.9688274961501735,0.05175833585167833,0.9170691602984952
148.9835669339518,0.9519256550984927,0.04150521717499378,0.9104204379234989
149.00400145654567,0.9380620630261796,0.019348715862510968,0.9187133471636686
149.0244359790231,0.9263230800588743,-0.008490498577239713,0.934813578636114
149.0448704013761,0.9149190069208553,-0.035575908925964295,0.9504949158468196
149.06530502362148,0.9018194338509806,-0.0562429824452112,0.9580624162961918
149.0857395457424,0.8862737465457345,-0.06559168276714689,0.9518654293128814
149.10617396775342,0.8702775486555944,-0.05916067190366514,0.9294382205592595
149.12660858964955,0.8619990533455755,-0.030065646003553215,0.8920646993491287
149.1470431114285,0.8614777422635395,0.016807897772475378,0.8446698444910641
149.1674775329666,0.8534483143401685,0.0584018654893117,0.7950464488508568
149.1879120545127,0.8308562148332779,0.07830747213337075,0.7525487426999071
149.2083466759359,0.7987517954040133,0.07227834187094873,0.7264734535330646
149.22878119713278,0.7630890436806066,0.038689034536372624,0.724400009144234
149.24921561821247,0.7281739288186718,-0.022601468334423447,0.7507753971530953
149.2696502392937,0.7048754277669422,-0.10111530094375576,0.805990728710698
149.29008476013405,0.7183569542195691,-0.16774981893473784,0.886106773154307
149.33095370159572,1.129116327221916,0.04221991277526582,1.0868964144466502
149.3513883220876,1.3511171528205768,0.1661039875702366,1.1850131652503402
149.3718227424688,1.4725680651282662,0.20633036564258855,1.2662376994856777
149.39225726273435,1.4239211747358373,0.10253897035541626,1.321382204380421
149.41269188287697,1.3444800146130218,-0.00034780729733663307,1.3448278219103584
149.43312630290893,1.2688123778365832,-0.06650516608108292,1.335317543917666
149.45356082282524,1.2040895689079651,-0.09196352776042471,1.2960530966683899
149.47399534261785,1.1442478675501508,-0.08983845569001137,1.2340863232401622
149.49442986230133,1.0935529307182976,-0.06555838548072779,1.1591113161990254
149.51486438175198,1.0485273561998114,-0.03333384857391364,1.081861204773725
149.53529890119535,1.0129317402823645,0.0005528010382016557,1.012378939244163
149.55573352053034,0.9859316779917169,0.027481571954726225,0.9584501060369907
149.5761679396237,0.9666118457252189,0.04215361095825665,0.9244582347669622
149.5966024586087,0.9512772695223295,0.04043306314692119,0.9108442063754083
149.6170368775929,0.9374904995164648,0.023230914711439676,0.9142595848050251
149.63747149634582,0.9253107783210515,-0.0030606982350848133,0.9283714765561363
149.6579060149743,0.9148426578427161,-0.03033358910253592,0.945176246945252
149.67834043349285,0.9027070797404254,-0.053883008010102595,0.956590087750528
149.69877495189576,0.8892891434875573,-0.0667475400187767,0.956036683506334
149.71920957017574,0.8746653654653129,-0.06508928427872462,0.9397546497440376
149.7396440883458,0.8664047784288282,-0.04119240649797273,0.907597184926801
149.7600785063987,0.8679277292785478,0.004747783203000733,0.863179946075547
149.78051312432945,0.8684864806705729,0.055139224220827066,0.8133472564497458
149.80094764203386,0.8510032720487845,0.08395607857949228,0.7670471934692922
149.82138205973752,0.8205734686791901,0.08677677975412756,0.7337966889250626
149.84181657720183,0.7840183083926078,0.06201464133782619,0.7220036670547816
149.86225119467417,0.7477504308271601,0.010320420457497481,0.7374300103696626
149.88268571191293,0.7198824846741583,-0.0621749321625128,0.7820574168366711
149.90312012902723,0.715722455184522,-0.13783532009560362,0.8535577752801257
149.92355474615033,0.7835988383393842,-0.16186716523996536,0.9454660035793495
149.94398926303256,1.0337977930811717,-0.014230557881375727,1.0480283509625474
149.96442377980566,1.2575060787024483,0.10789946827230046,1.149606610430148
149.98485819634516,1.4499163372588713,0.21151849876196782,1.2383978384969034
150.00529281288618,1.450615751651611,0.1464151879104425,1.3042005637411684
150.02572732930275,1.375597621042083,0.035668999686407465,1.3399286213556756
150.04616174560942,1.2996791573795416,-0.042960048629888004,1.3426392060094297
150.0665963616775,1.2315184307332612,-0.08237725008848051,1.3138956808217417
150.0870308777521,1.1713928083458323,-0.08802584623475829,1.2594186545805905
150.10746529359312,1.117300002115142,-0.07078338845600851,1.1880833905711505
150.12789980931848,1.0705420673438728,-0.039892656521618886,1.1104347238654917
150.1483344249209,1.0306835861823576,-0.0062895012174295495,1.036973087399787
150.16876884052908,1.001317191304128,0.02482318167601172,0.9764940096281164
150.18920335578878,0.9790698865928218,0.04431515047718415,0.9347547361156376
150.20963797104196,0.9620860820846991,0.04839056592487656,0.9136955161598226
150.23007238618447,0.9481916575302632,0.036863221969757,0.9113284355605062
150.25050690121134,0.935305310315972,0.012996406475893618,0.9223089038400784
150.2709414159981,0.9236573205585855,-0.015425508173463331,0.9390828287320488
150.2913760307929,0.9130612668481186,-0.04034279164043242,0.953404058488551
150.31181044535333,0.8997920887057608,-0.05816434822029837,0.9579564369260591
150.33224495990726,0.8852147500770994,-0.06258286224223297,0.9477976123193323
150.35267937423487,0.8729729874385697,-0.048397606914286295,0.921370594352856
150.37311398844759,0.866596355523572,-0.014309011657288151,0.8809053671808601
150.39354850253585,0.8658257129026249,0.03368653155219847,0.8321391813504264
150.41398291651421,0.8549063899222868,0.07151271297488981,0.783393676947397
150.43441753026127,0.8284507810655526,0.0842842240144156,0.744166557051137
150.4548520440003,0.7951780428598062,0.07170131295886673,0.7234767299009395
150.47528655763017,0.7598987720979385,0.03166060812445415,0.7282381639734844
150.49572097102646,0.7280209677784318,-0.033927245123589134,0.761948212902021
150.51615558430058,0.7125245017438784,-0.11139056701627825,0.8239150687601566
150.5365900975812,0.7462345251895648,-0.1629247405709493,0.9091592657605141
150.55702451062825,0.9262364622272938,-0.08278561600068723,1.009022078227981
150.57745912355313,1.179946239131143,0.06756252916369676,1.1123837099674463
150.5978936363681,1.3959644036950503,0.18867372362529733,1.207290680069753
150.61832804894948,1.46309632111464,0.18035311159198386,1.282743209522656
150.63876256152435,1.3999357957671759,0.06959950139549953,1.3303362943716763
150.65919717399083,1.3216182438119946,-0.023873540898054157,1.3454917847100487
150.67963158622297,1.252108411177705,-0.0759768198204065,1.3280852309981115
150.70006609833217,1.1897518731550762,-0.09261079601121813,1.2823626691662944
150.72050071044941,1.1344867265410379,-0.08168137544472764,1.2161681019857655
150.74093522233306,1.0864291179807117,-0.05318668112366298,1.1396157991043747
150.76136963409226,1.0473504323505787,-0.016076769697915383,1.063427202048494
150.78180414562667,1.0167272275905244,0.019511924876927322,0.997215302713597
150.80223875716183,0.9941137884592571,0.04611119929911467,0.9480025891601425
150.82267316857178,0.9746244650617537,0.05541193819018175,0.919212526871572
150.84310767975694,0.9587252438511099,0.04842666713272803,0.9102985767183819
150.86354229094286,0.9442868646940452,0.0272181825862009,0.9170686821078443
150.88397670188715,0.9315926624854931,-0.001041556556075296,0.9326342190415684
150.90441121272306,0.9204415547705753,-0.02837648944195237,0.9488180442125277
150.92484572344256,0.9085845746118347,-0.049185702172363954,0.9577702767841987
150.94528023403836,0.8939620983896645,-0.059549228161056456,0.9535113265507209
150.96571474452503,0.8782720392018893,-0.05485924525543118,0.9331312844573205
150.98614925477887,0.8676110285317091,-0.029824573107362196,0.8974356016390713
151.00658366503194,0.8658800217427877,0.014958322505334798,0.8509216992374529
151.02701827504643,0.8579579306787106,0.056873917100436544,0.8010840135782741
151.04745278495102,0.836527074299457,0.07936022557237643,0.7571668487270806
151.06788719473116,0.8054961711355576,0.07692934590089917,0.7285668252346584
151.08832180440368,0.7700270456267457,0.046863576772605664,0.7231634688541401
151.10875631395902,0.7369949236974392,-0.008865192374577946,0.7458601160720172
151.1291907233899,0.7140020373071508,-0.08358322249438033,0.7975852598015312
151.149625232596,0.7236688706042826,-0.15126568523015427,0.8749345558344369
151.17005984180287,0.8300292594218156,-0.14048798365035997,0.9705172430721756
151.1904942507681,1.0936828847052364,0.01972259716710001,1.0739602875381364
151.21092875962495,1.2964459311499799,0.12302822005691261,1.1734177110930673
151.23136336836615,1.441804625640758,0.1844786991962788,1.2573259264444792
151.2517978769829,1.4100213556314198,0.09388811149667187,1.316133244134748
151.27223228548974,1.3360438702269881,-0.007673051808835707,1.3437169220358238
151.2926667937645,1.2651316010693971,-0.07312130520779414,1.3382529062771913
151.31310140203277,1.2021094336038085,-0.10029295179261899,1.3024023853964275
151.33353581007395,1.1475225917534384,-0.09526785796347692,1.2427904497169153
151.35397031799948,1.100722033661378,-0.06813920359604664,1.1688612372574247
151.37440492580208,1.0630121479632382,-0.02830038000534607,1.0913125279685842
151.3948393333776,1.0329717540485375,0.012604648519996875,1.0203671055285406
151.4152738409539,1.0085324032670122,0.04436571580131299,0.9641666874656992
151.4357083485229,0.9877475076201973,0.060182579441934614,0.9275649281782626
151.45614285563352,0.9669306848643379,0.05542662476242555,0.9115040601019123
151.47657736274414,0.9504655229331586,0.03738610651584007,0.9130794164173185
151.49701186984748,0.9358574010634781,0.009588497226824644,0.9262689038366535
151.51744637672527,0.9232900824812238,-0.01990442105668111,0.9431945035379049
151.53788088337024,0.9107788087621472,-0.0449136860617565,0.9556924948239037
151.55831539000792,0.8967271337111468,-0.06019005398739663,0.9569171876985434
151.57874989642005,0.8809613337899528,-0.06173659228021766,0.9426979260701704
151.59918450283294,0.8665319089831205,-0.04587969804240832,0.9124116070255288
151.6196189090042,0.8612382145348617,-0.007979336523478597,0.8692175510583403
151.6400534151835,0.8565949891975824,0.036989096560290036,0.8196058926372923
151.68092242683633,0.8194178394235487,0.0824658614164493,0.7369519780070994
151.70135693254997,0.7856952413017035,0.06361088570983509,0.7220843555918685
151.72179143803078,0.7494369611834547,0.015535192683607701,0.733901768499847
151.7422259435043,0.721311891107373,-0.053591334548859115,0.7749032256562322
151.76266044875229,0.7144987067205554,-0.12880846987368244,0.8433071765942378
151.78309495376743,0.7718059001285211,-0.161327208067084,0.9331331081956051
151.80352935877454,0.99778974375025,-0.03718325876541895,1.034973002515669
151.82396396355762,1.2048505672435508,0.06751449197515402,1.1373360752683968
151.84439846833993,1.400724076151314,0.17238398006649436,1.2283400960848196
151.86483287288866,1.4254760321002489,0.1279850787866894,1.2974909533135595
151.88526747743163,1.3601192067083494,0.022874305963333397,1.337244900745016
151.90570198174828,1.2868081336236032,-0.0572953884595615,1.3441035220831647
151.92613638582407,1.2216684607207369,-0.09740145530398792,1.3190699160247248
151.9465708899079,1.1634595577573426,-0.10392586188633501,1.2673854196436776
151.96700549375964,1.1132057396674624,-0.08439676590527623,1.1976025055727386
151.98743999760336,1.0721682917196818,-0.04798168229901201,1.1201499740186938
152.00787440122076,1.0387534995775989,-0.006875624057196772,1.0456291236347957
152.02830900460685,1.0126168066330956,0.029486951152301155,0.9831298554807945
152.0487435079849,0.9904095700631665,0.0515611642267777,0.9388484058363888
152.06917791136948,0.9696122650205908,0.054388091872455635,0.9152241731481352
152.08961241428915,0.9523199995024773,0.04157602406554062,0.9107439754369366
152.1100470172023,0.9364844927096856,0.016052305861035454,0.9204321868486501
152.1304814201212,0.9232453845637698,-0.013688364845620304,0.9369337494093901
152.15091592280805,0.9102618703611335,-0.04173800734951072,0.9519998777106442
152.1713504252548,0.8964062826430075,-0.06170587595513144,0.9581121585981389
152.1917849277088,0.8811382659165164,-0.06882533936363344,0.9499636052801499
152.21221942992997,0.8664223218336803,-0.05911398337044882,0.9255363052041291
152.23265393215115,0.8624530822688806,-0.02413346336645772,0.8865865456353383
152.25308853413298,0.8624565089844176,0.02400742679159662,0.838449082192821
152.27352293588774,0.8544997820624745,0.06530883151223099,0.7891909505502435
152.3143918391579,0.8048654251962152,0.08006671015639488,0.7247987150398203
152.33482644068135,0.7690835708332934,0.042988718067061726,0.7260948527662316
152.3552609419712,0.7370180494677836,-0.019102607486518597,0.7561206569543022
152.3756953430202,0.719728828310295,-0.09500021191073227,0.8147290402210273
152.39612994407798,0.74651453188106,-0.15094650536063814,0.8974610372416981
152.41656444512773,0.9021391640358692,-0.09392412579386267,0.9960632898297319
152.4369989457191,1.1444194314361156,0.04477881117198779,1.0996406202641278
152.4574333463097,1.3455975628570374,0.1493501487379254,1.196247414119112
152.47786794690182,1.4429313636424623,0.1682615818279778,1.2746697818144845
152.49830244725308,1.3959312573047118,0.06983457798039883,1.326096679324313
152.51873684737802,1.3210285408392386,-0.02439360832934967,1.3454221491685883
152.5391714474972,1.2515859301107701,-0.08036660714696264,1.3319525372577328
152.55960594739008,1.191051993871258,-0.09836240258400708,1.2894143964552651
152.58004034704936,1.136235427253249,-0.08902878288304739,1.2252642101362965
152.6004748467094,1.0891621250959147,-0.06025490371673281,1.1494170288126475
152.62090944636293,1.0494821212075855,-0.023131653181595935,1.0726137743891815
152.64134384555655,1.0192205423641505,0.014523298677310947,1.0046972436868395
152.68221284393803,0.9649470691905148,0.043272155102669685,0.9216749140878451
152.70264734289958,0.9489212519696743,0.03849390024439281,0.9104273517252814
152.7230818416283,0.9342944866967078,0.018731110909741222,0.9155633757869666
152.74351634034974,0.9222071703805635,-0.008255851006208736,0.9304630213867723
152.7639509388464,0.9108153007537213,-0.0362084263111726,0.9470237270648939
152.7843853371014,0.8991105835903697,-0.058154787454473666,0.9572653710448433
152.80481983536447,0.8854070785053786,-0.06949141483794441,0.954898493343323
152.82525423362677,0.8715749182028112,-0.06500450415169712,0.9365794223545083
152.84568883142492,0.8643981913977574,-0.0382355538841056,0.902633745281863
152.86612332921504,0.8689945247481637,0.011874108412867623,0.8571204163352961
152.88655772701168,0.8684582054667024,0.061241130047002934,0.8072170754196994
152.90699232456973,0.8535881073325388,0.09155824962477066,0.7620298577077681
152.92742682190146,0.8237873663509074,0.09275753718433721,0.7310298291665702
152.9478613192332,0.7879951311693174,0.06562114462028612,0.7223739865490313
152.96829571633134,0.7539353089791305,0.012530126672797737,0.7414051823063328
152.9887303131909,0.7284938400964907,-0.061091832254155154,0.7895856723506458
153.00916481005697,0.733940945312134,-0.1301086571368507,0.8640496024489848
153.02959920668945,0.8268353039345507,-0.13102788917833563,0.9578631931128864
153.05003380331618,1.07681603951015,0.01585988106443459,1.0609561584457154
153.0704682997166,1.2625520604676586,0.10098120229348684,1.1615708581741717
153.09090269611625,1.4292009473756309,0.1811909352907224,1.2480100120849085
153.11133719204372,1.4207736389529169,0.11038920181301837,1.3103844371398985
153.13177178821206,1.3501036542508202,0.008024103395494642,1.3420795508553256
153.15220618391322,1.2797903308303282,-0.060915762647654415,1.3407060934779826
153.17264067960787,1.2178169283980678,-0.09056042299547751,1.3083773513935453
153.1930751753098,1.1614362037619053,-0.08983546904665274,1.251271672808558
153.21350977077964,1.1115584757473258,-0.06700067755020012,1.178559153297526
153.23394426600862,1.0663184604936717,-0.034557134696633574,1.1008755951903053
153.2543786610113,1.0291010357815846,0.000505180969351926,1.0285958548122327
153.2748132560082,1.0000447574759546,0.029845140086106947,0.9701996173898476
153.29524775101163,0.977296956363388,0.04629514300649906,0.9310018133568889
153.31568214554864,0.9587968537074192,0.04635052473910617,0.912446328968313
153.33611664031923,0.944197904456963,0.03211378245131269,0.9120841220056504
153.3565511346169,0.9318319269084325,0.0076074257894435116,0.924224501118989
153.37698562892183,0.9201893184684046,-0.02095076756202674,0.9411400860304313
153.39742012299394,0.9101813882376183,-0.044431489186430695,0.954612877424049
153.41785471705953,0.8979365523009045,-0.05961296010552719,0.9575495124064317
153.4382892108988,0.8846109496395544,-0.06077264899866175,0.9453835986382162
153.45872360450448,0.8730987796290561,-0.043921254076463745,0.9170200337055199
153.47915809810365,0.870577608755074,-0.00457562846660009,0.875153237221674
153.49959269147803,0.8713228509884974,0.04542056021633678,0.8259022907721606
153.52002708485088,0.8594102342620104,0.08159073329930622,0.7778195009627041
153.5404615779844,0.8337792697025456,0.09334439534416561,0.74043487435838
153.5608961708931,0.7995182288909668,0.07692821025235674,0.72259001863861
153.5813305638003,0.7639680793522333,0.033130813573311935,0.7308372657789214
153.60176505646814,0.734909268079089,-0.03327385792014925,0.7681831259992382
153.62219954914326,0.7253022213047262,-0.10809153913429947,0.8333937604390257
153.64263404158555,0.7751942369964255,-0.1457927397830413,0.9209869767794668
153.66306853378774,0.9805191596139383,-0.04140271076813418,1.0219218703820725
153.6835030259972,1.1796700844151131,0.054790489618429694,1.1248795947966834
153.70393741797307,1.3766330585773314,0.15870385311370816,1.2179292054636233
153.72437200971035,1.4277244603476689,0.1374137392232564,1.2903107211244125
153.74480650145415,1.3720744841238521,0.03803836664675364,1.3340361174770985
153.76524089296436,1.3022992720670665,-0.04276160893886427,1.3450608810059308
153.7856754844688,1.240443857640072,-0.08337834900393437,1.3238222066440064
153.80610997574695,1.1825306824071766,-0.09253726737222778,1.2750679497794044
153.8265443667915,1.1311868621696852,-0.07581914900450948,1.2070060111741947
153.84697885782953,1.0840421626184193,-0.0458768400637426,1.129919002682162
153.86741344864276,1.044154811931976,-0.010327275118814372,1.0544820870507903
153.88784783922165,1.0131465658619785,0.023084914247866073,0.9900616516141124
153.90828232979402,0.9882764013649408,0.04500108208234699,0.9432753192825938
153.9287169201416,0.9688783283954604,0.051818467090949505,0.9170598613045109
153.9491514104884,0.953108573256636,0.0427228155467384,0.9103857577098976
153.96958580059436,0.9413031524823975,0.022640192812203974,0.9186629596701935
153.9900202904755,0.9305613669796317,-0.004198504055464958,0.9347598710350966
154.01045488035743,0.920575391233625,-0.029875357031443617,0.9504507482650686
154.03088926999772,0.9096373135996534,-0.04840100771656464,0.958038321316218
154.0513237594132,0.8967385839083144,-0.05512981160925445,0.9518683955175689
154.07175834882946,0.8829365876810047,-0.04653301792510833,0.929469605606113
154.0921927380041,0.8728097521148196,-0.019311410194497003,0.8921211623093166
154.11262722718675,0.8708773495056145,0.026135199617816962,0.8447421498877975
154.13306171613658,0.8629145667012085,0.06779267034535263,0.7951218963558558
154.1534962048463,0.8407322340543307,0.0881184996114972,0.7526137344428335
154.1739306935633,0.8088691988200367,0.0823540192716623,0.7265151795483744
154.19436518204748,0.774599534192761,0.05019093890171955,0.7244085952910414
154.21479967029154,0.7431791371543292,-0.007567188513144529,0.7507463256674737
154.23523415854288,0.7240621282384331,-0.08186267299987093,0.805924801238304
154.2556686465614,0.7450278848406053,-0.1409833968440597,0.886011281684665
154.27610303457186,0.8818942726521144,-0.10128337230474127,0.9831776449568557
154.29653762212547,1.1191550556851368,0.03237383870250121,1.0867812169826356
154.31697210991115,1.3029651346684157,0.11805459482854563,1.18491053983987
154.33740649722313,1.425454048830644,0.15929201878914157,1.2661620300415024
154.35784098454315,1.3939966547173708,0.07265327741918681,1.321343377298184
154.37827557186392,1.3245438139270147,-0.02028636233385739,1.344830176260872
154.39870995871024,1.2591291779966003,-0.07623004913338671,1.335359227129987
154.41914444579743,1.2008014490187942,-0.0953249847855111,1.2961264338043053
154.43957903241972,1.148328544359347,-0.08585024753558512,1.234178791894932
154.46001351903396,1.101374119684132,-0.05783446323286867,1.1592085829170007
154.4804479054219,1.0625068240241362,-0.019442194050104833,1.081949018074241
154.5008823918106,1.0304860629929187,0.018041442259206786,1.0124446207337119
154.52131697795994,1.0064289178152397,0.047943209303659806,0.9584857085115799
154.5417513638822,0.9850814165909493,0.06062003736082644,0.9244613792301228
154.56218584957242,0.9653560409625902,0.054537700767281705,0.9108183401953085
154.5826204352561,0.9486635631685282,0.03445022400640518,0.914213339162123
154.60305482094554,0.9351150287162494,0.006798363419958098,0.9283166652962913
154.62348930640292,0.9238508785092625,-0.02127537341459218,0.9451262519238547
154.64392379162018,0.9128701722920712,-0.04368691139214753,0.9565570836842188
154.6643582766119,0.8994143781267702,-0.0566149815061503,0.9560293596329205
154.6847927616036,0.8849705114654216,-0.05480641173710199,0.9397769232025236
154.7052272463552,0.8719235501070403,-0.03572352502276621,0.9076470751298065
154.72566183111485,0.8679334719652498,0.004683946675994588,0.8632495252892552
154.74609621564014,0.8616278250554984,0.04820211207583547,0.8134257129796629
154.76653069992608,0.8443232480501648,0.0772032920936403,0.7671199559565245
154.78696518398647,0.8160055742554667,0.0821559567643616,0.7338496174911051
154.80739966804686,0.7826466689776835,0.06062118183333587,0.7220254871443477
154.82783415209997,0.7493553925373154,0.011941744149041367,0.7374136483882741
154.84826853569393,0.7251095806025469,-0.05689194621812588,0.7820015268206728
154.86870311928942,0.7274596401435572,-0.12600886894417784,0.8534685090877351
154.88913760287687,0.8066681672412336,-0.1386848117413576,0.9453529789825912
154.90957208623877,1.040192722187219,-0.007713907110991736,1.0479066292982107
154.93000656936783,1.2148653733637604,0.06537287117613566,1.1494925021876248
154.9504410522568,1.3953484457424374,0.15704131896039675,1.2383071267820407
154.97087553515303,1.408578040870168,0.10443351441274151,1.3041445264574265
154.99131001781643,1.3465816420447583,0.006667193618025813,1.3399144484267325
155.0117444004718,1.2781181486819084,-0.06454926758103796,1.3426674162629464
155.03217898290313,1.2176912070800165,-0.09626928628016751,1.313960493360184
155.05261346510088,1.164774177216114,-0.09473482504958564,1.2595090022656996
155.07304784706503,1.1188951489699102,-0.06928964085153488,1.188184789821445
155.09348242902342,1.0808660367443517,-0.02966527174074396,1.1105313084850956
155.11391691098834,1.0506054625503827,0.013553793318386465,1.0370516692319962
155.13435129247955,1.0253768279361228,0.0488327565668738,0.976544071369249
155.1547857739788,1.0030624271168123,0.0682909003391603,0.934771526777652
155.1752203554788,0.9824655083516945,0.06878517523697825,0.9136803331147163
155.19565483650513,0.9644220120584485,0.05313374552997463,0.9112882665284738
155.21608921753796,0.9501623319605902,0.0279073649448206,0.9222549670157696
155.23652369857155,0.9374019885770386,-0.0016266562954883046,0.9390286448725269
155.2569582793658,0.9260693120211108,-0.027293568645252342,0.9533628806663631
155.29782714026805,0.893484071962119,-0.054325555100421585,0.9478096270625406
155.31826172059664,0.8812235724442176,-0.04018852039729082,0.9214120928415084
155.33869610069814,0.8765507322961803,-0.004420604437398001,0.8809713367335783
155.3591305808004,0.8760945494417359,0.04387596419995632,0.8322185852417796
155.37956506042974,0.866647861096031,0.0831755162922484,0.7834723448037826
155.39999954029918,0.8408716874599903,0.09664157815217556,0.7442301093078147
155.42043401970295,0.8075850774143145,0.08407327224594263,0.7235118051683719
155.44086849910673,0.7720230958164492,0.04378746645390985,0.7282356293625394
155.46130307827116,0.7425196075465974,-0.019385490051377463,0.7619050975979749
155.48173745744134,0.730083541256869,-0.09374988567783227,0.8238334269347013
155.50217193637218,0.7716414551345401,-0.13740724419203165,0.9090486993265717
155.5226063150767,0.9570988533698572,-0.05179766033763422,1.0088965137074914
155.54304089378275,1.1594916293037025,0.04723190029809121,1.1122597290056113
155.58390975048678,1.4349977138664998,0.15232797591963454,1.2826697379468652
155.60434432849434,1.384435776315342,0.054131225043478004,1.330304551271864
155.62477880649385,1.3148273531107766,-0.03067716597968806,1.3455045190904646
155.64521328450064,1.2518174095193257,-0.07632144029893007,1.3281388498182558
155.665647662041,1.1942442374379547,-0.08820367809453589,1.2824479155324906
155.6860822395829,1.1425886831302834,-0.07368220289738914,1.2162708860276725
155.70651671711676,1.0952881691228746,-0.04443199600742376,1.1397201651302984
155.72695109419146,1.0543898808240373,-0.009127927864178709,1.063517808688216
155.74738557126693,1.0215188544803535,0.024238936885411566,0.997279917594942
155.7678201483359,0.9964067736944902,0.04837273803109421,0.948034035663396
155.78825452494493,0.9754064573360122,0.056196709147045554,0.9192097481889666
155.80868900155474,0.9578300077316853,0.04756336473643241,0.9102666429952528
155.82912357815803,0.9431308013740324,0.02611305035922673,0.9170177510148056
155.84955795430142,0.9305596753274961,-0.002017949622580395,0.9325776249500765
155.8699924306784,0.9191388240913035,-0.02963102481724611,0.9487698489085497
155.89042690658243,0.9072773874893165,-0.05046531375652097,0.9577427012458375
155.9108614824945,0.8938372248925522,-0.0596752238260535,0.9535124487186057
155.93129585817223,0.8803038311501511,-0.052859912011292476,0.9331637431614436
155.9517303336106,0.8736732991370787,-0.023822387363417796,0.8974956865004965
155.97216490905703,0.876792031502383,0.025792405335872792,0.8509996261665103
155.99259928426181,0.873611545583693,0.07244421702966208,0.8011673285540309
156.0130337592418,0.8581332105870533,0.10089343208907098,0.7572397784979823
156.03346813422104,0.8290286274678337,0.10041378175714655,0.7286148457106871
156.05390270896896,0.7926989773089489,0.06952361317216527,0.7231753641367836
156.07433718347602,0.7596647299888342,0.013834722823552026,0.7458300071652821
156.09477165799035,0.7369168883813938,-0.060597200463948564,0.7975140888453424
156.11520613226457,0.7508021366335098,-0.1240271921389402,0.87482932877245
156.13564060654608,0.8674209335062578,-0.10296929371632546,0.9703902272225833
156.15607508036192,1.1073177016518867,0.03348882275369269,1.073828878898194
156.176509454177,1.2815572628434233,0.10825881383863623,1.173298449004787
156.19694402798632,1.428154167437738,0.17091896656365568,1.2572352008740824
156.2173785013365,1.4078497871753142,0.09176702022381211,1.316082766951502
156.23781287468591,1.3393093219605,-0.004403086540981649,1.3437124085014815
156.25824734802882,1.271691368332876,-0.06660185342315494,1.338293221756031
156.27868192114693,1.2124986743371144,-0.08998113683583142,1.3024798111729459
156.29911629403068,1.1581649324072631,-0.08472708660045214,1.2428920190077153
156.3195507666751,1.1096874550501845,-0.0592834629601775,1.168970918010362
156.33998533932754,1.0654362654295761,-0.025977615120985176,1.0914138805505613
156.36041971174564,1.030038071784039,0.00959209571471109,1.0204459760693279
156.38085418392438,1.0017605496409316,0.0375470702988574,0.9642134793420742
156.4012886561104,0.9787914270248621,0.05121535342997008,0.927576073594892
156.42172322806437,0.9607816126210404,0.0492991934331618,0.9114824191878786
156.4421575997767,0.9447857523288323,0.031752027632469315,0.913033724696363
156.46259207149706,0.9325179107676579,0.006305998667643364,0.9262119121000145
156.48302664297807,0.9215115963424119,-0.021629218561874053,0.9431408149042859
156.50346101423202,0.911418014991098,-0.04423754360806431,0.9556555585991623
156.5238954852539,0.898825722100866,-0.05808155299066331,0.9569072750915293
156.54432995627576,0.8850805013610594,-0.05763941635742298,0.9427199177184824
156.56476442729036,0.8739352110780284,-0.03852907067851463,0.912464281756543
156.58519889784657,0.870728193775746,0.00143521824673698,0.869292975529009
156.60563336840278,0.8674433664093657,0.047751634775171525,0.8196917316341942
156.62606783871888,0.852326800608835,0.07990765509207687,0.7724191455167582
156.64650230904226,0.8264909599970721,0.08947868846597895,0.7370122715310932
156.6669367791328,0.7935000599007408,0.07138912350721094,0.7221109363935299
156.68737124898325,0.7613998166149557,0.02751348765608419,0.7338863289588715
156.70780571884097,0.7347188194194183,-0.04012503469231665,0.774843854111735
156.72824018823303,0.7302529988113462,-0.11295588088070463,0.8432088796920508
156.74867465785064,0.7957171414353738,-0.1372900507599507,0.9330071921953245
156.7691090270091,1.0167473166260113,-0.018088075909834744,1.034835392535846
156.7895435961691,1.1899682158144553,0.0527633484570833,1.137204867357372
156.80997806508822,1.3791252107536767,0.1508924910612368,1.2282327196924399
156.83041253378178,1.4128454454466002,0.11542374094399332,1.2974217045026069
156.85084700247535,1.3529054666136164,0.015683806405386802,1.3372216602082296
156.8712814709288,1.2863636402986502,-0.05776445487040305,1.3441280951690533
156.89171593938954,1.2268964543411052,-0.09224013586231128,1.3191365902034164
156.91215030738385,1.1738769961012532,-0.09360599904078981,1.267482995142043
156.9325848753724,1.1259718998346093,-0.07174319679908092,1.1977150966336902
156.9530193433675,1.081773553730734,-0.0384868454030729,1.120260399133807
156.97345371089614,1.0446079795390362,-0.0011135595005860033,1.0457215390396222
156.99388827841904,1.0138275585566758,0.03063524373928006,0.9831923148173958
157.01432274594845,0.9896074506410087,0.05073271590718609,0.9388747347338227
157.03475711301144,0.97022944753844,0.05501461069427893,0.915214836844161
157.0551915800679,0.9542722933066208,0.043566491706261035,0.9107058016003597
157.0756261468996,0.9408990944685248,0.02052209281778239,0.9203770016507424
157.09606051372975,0.9305636202306204,-0.006312537875798885,0.9368761581064193
157.11649498032057,0.9220157964492012,-0.029938779297149276,0.9519545757463505
157.1369295466866,0.9114678802836353,-0.04662335401262252,0.9580912342962579
157.15736401281902,0.8990173814225784,-0.05095684770501141,0.9499742291275898
157.1777983789434,0.8853338424493021,-0.0402458008846045,0.9255796433339066
157.198232844843,0.875689226071522,-0.010967760173831276,0.8866569862453533
157.21866741074336,0.8708243591539888,0.03228896569539608,0.8385353934585927
157.23910177616926,0.8589108976673647,0.06963283988711155,0.7892780577802532
157.2595362416032,0.8361439372233495,0.0878219999742007,0.7483219372491487
157.27997070703714,0.8039368426490775,0.0790970351369904,0.7248398075120871
157.30040517199814,0.7701520405833236,0.04405708910526995,0.7260949514780537
157.3208396369664,0.7410948809839515,-0.014980279151206033,0.7560751601351575
157.34127410170186,0.726322010552732,-0.08831883408506269,0.8146408446377947
157.36170856643002,0.7565917876996311,-0.14074708490653975,0.8973388726061708
157.38214303093264,0.9165645358287109,-0.07935794108783378,0.9959224769165447
157.40257749520242,1.1299276898703272,0.03042829892873633,1.0994993909415909
157.42301185947144,1.3162279219862465,0.1201034994918786,1.196124422494368
157.44344642326905,1.4193700326507468,0.14478885513526074,1.274581177515486
157.46388088707317,1.379422785656414,0.05336920631145503,1.326053579344959
157.48431525086926,1.3108062362517903,-0.03462267966026489,1.3454289159120552
157.5047498144413,1.2484273667862715,-0.08357879405417412,1.3320061608404457
157.52518427777977,1.1920622957486424,-0.09744277917200805,1.2895050749206505
157.54561864087736,1.14111391083668,-0.08426312048973039,1.2253770313264103
157.566053103983,1.0971258113557059,-0.05240865729941935,1.1495344686551252
157.58648766662373,1.0605972848647702,-0.01212130853152571,1.072718593396296
157.6069220294885,1.0308735499157418,0.02609826202637011,1.0047752878893716
157.62735649189563,1.0062981427912336,0.05317457998349029,0.9531235628077434
157.64779105430353,0.986590982035883,0.06491146665217995,0.9216795153837031
157.66822551647056,0.9672808049423145,0.05688185913972721,0.9103989458025873
157.6886598786441,0.9509063696038937,0.03539402575753481,0.9155123438463589
157.70909434035275,0.9388059079510754,0.008402281766538233,0.9304036261845372
157.72952890205488,0.9272095863340478,-0.019761820578190314,0.9469714069122381
157.74996326376277,0.9163924123102173,-0.040841478264391995,0.9572338905746093
157.77039772500575,0.9041874773792401,-0.05070992621621595,0.954897403595456
157.79083228624222,0.8899567879199235,-0.04665521021837493,0.9366119981382984
157.8112666472516,0.8768309147593325,-0.02586635342936716,0.9026972681886997
157.83170110826177,0.8710236826130122,0.013818629837058283,0.8572050527759539
157.85213556903182,0.863549487209139,0.056241260345579414,0.8073082268635596
157.8725700295763,0.8455058754766998,0.08339459789015646,0.7621112775865433
157.89300448988797,0.8157979911248688,0.08471293891724352,0.7310850522076253
157.91343895019236,0.7835293815375811,0.061139248553729875,0.7223901329838512
157.93387331027043,0.7508044386668351,0.009429392867802422,0.7413750457990327
157.9543078701172,0.728466781522859,-0.06104235140047287,0.7895091329233319
157.97474232995592,0.7356770184294363,-0.12825686029192596,0.8639338787213623
157.99517668956832,0.8296513374915578,-0.12807053821318382,0.9577218757047417
158.01561124894943,1.0677541024585537,0.00694692602221747,1.0608071764363363
158.0360457083225,1.2368400709110128,0.07540635593044231,1.1614337149805705
158.0564800672364,1.405081050522391,0.15717831948400418,1.2479027310383868
158.07691452638392,1.4007360005836416,0.09041525656017035,1.3103207440234712
158.09734908505925,1.3345511199231337,-0.00751561117548194,1.3420667310986156
158.1177835437411,1.2686047200706465,-0.07213910301208903,1.3407438230827355
158.13821790218935,1.2103107381896283,-0.09814743572875617,1.3084581739183845
158.15865246039903,1.1590633772669687,-0.09231811684159763,1.2513814941085664
158.17908691838238,1.113516627844915,-0.06516456698728201,1.178681194832197
158.19952127636498,1.0732606048817308,-0.027731015307504103,1.100991620189235
158.21995573410823,1.0416470609874122,0.012958094011618515,1.0286889669757937
158.2403902918595,1.0151238025448455,0.04486502912736179,0.9702587734174837
158.2812591066613,0.9647462099265487,0.05231632230508976,0.9124298876214589
158.30169366370683,0.9479436744745943,0.03590396627975567,0.9120397081948386
158.32212812052603,0.9353201366707924,0.011154502401275579,0.9241656342695168
158.3425624773372,0.9235186654539559,-0.01756376848178065,0.9410824339357365
158.36299693392357,0.9130601894152857,-0.041511482834650115,0.9545716722499358
158.3834314905107,0.9017611465132686,-0.05577533358571729,0.9575364800989858
158.40386594685697,0.8878797908154973,-0.05752505329467883,0.9454048441101761
158.42430030297692,0.877667098639779,-0.039407732240767324,0.9170748308805463
158.4447347588648,0.8724505746450653,-0.002783440828476258,0.8752340154735415
158.46516931474616,0.8700729810466976,0.04407715653704147,0.8259958245096561
158.48560367016762,0.8582913294146042,0.08038221519662281,0.7779091142179814
158.50603812582267,0.8347591458939534,0.0942558647445002,0.7405032811494532
158.52647268100554,0.8015821989113707,0.07895986719954995,0.7226223317118208
158.54690703619417,0.7676710822897556,0.0368474307880956,0.73082365150166
158.56734149115073,0.7395143760052934,-0.02860627945669214,0.7681206554619855
158.58777594586718,0.7316218390919034,-0.10166529562183191,0.8332871347137353
158.6082104005909,0.7819669670754694,-0.1388810272428872,0.9208479943183566
158.6286448550818,0.983725793806632,-0.038041913186001364,1.0217677069926334
158.64907930933987,1.1698782136863897,0.045148034842490636,1.124730178843899
158.6695138633586,1.3668920629157237,0.149087117230986,1.2178049456847377
158.68994821738306,1.4232367026552184,0.13301056349249096,1.2902261391627274
158.7103826711682,1.3657162710449942,0.031713995307107945,1.3340022757378862
158.730817024727,1.2958794657526165,-0.049201055444002995,1.3450805211966195
158.75125157828734,1.232600187868278,-0.09129004380327643,1.3238902316715544
158.77168603161408,1.178043084122183,-0.09712926773282526,1.2751723518550082
158.79212048470072,1.1293422073574426,-0.07778734605960613,1.2071295534170488
158.8125549375618,1.085861460478201,-0.04418164851261919,1.1300431089908203
158.8329893904156,1.047104252824854,-0.007485041766996936,1.054589294591851
158.85342384304386,1.0149407206866772,0.024803329335892244,0.9901373913507849
158.87385819543852,0.9897160278861087,0.046403664349476625,0.9433123635366321
158.8942927478347,0.9685684776035947,0.051511083405643365,0.9170573941979513
158.91472719975718,0.9523214156082872,0.04197107262679933,0.9103503429814879
158.93516155168618,0.9376392315920193,0.019032327244418057,0.9186069043476013
158.95559610360942,0.9263113689555497,-0.008387602489665191,0.9346989714452149
158.97603055507352,0.9161539081068353,-0.034247127587899384,0.9504010356947347
158.99646490653686,0.9048293767442499,-0.053184204192208706,0.9580135809364586
159.01689935800096,0.8922717932390923,-0.05960548761483253,0.9518772808539249
159.03733390899288,0.8790053396216722,-0.05050872031302711,0.9295140599346993
159.05776825999055,0.8723201491508725,-0.01987577833939491,0.8921959274902674
159.07820271075616,0.8699243129300124,0.025088768051710675,0.8448355448783017
159.09863716128166,0.8645568958577634,0.06933916284851671,0.7952177330092467
159.1190717118152,0.8430807283449919,0.09038684613556902,0.7526938822094229
159.13950606188155,0.8123541279730306,0.08579075988992857,0.7265633680831021
159.1599405119414,0.777707244878147,0.053294948647726326,0.7244122962304207
159.18037506200926,0.7467515599111108,-0.003948364660310344,0.7506999245714211
159.20080941160268,0.7281584132369776,-0.07767141453218263,0.8058298277691602
159.22124386120413,0.7480938184958748,-0.13778373437895186,0.8858775528748266
159.24167821080482,0.8818670705836255,-0.10115405027206914,0.9830211208556946
159.26211275994137,1.1129751762080191,0.026353378561976726,1.0866217976460424
159.2825472090699,1.2948122238533746,0.1100432348832403,1.1847689889701343
159.30298165797285,1.426571543421068,0.16051446661925373,1.2660570768018142
159.3234161066357,1.3946218070626557,0.07333413105339459,1.3212876760092611
159.34385055530583,1.3245036018837588,-0.020325940659909225,1.344829542543668
159.3642850035103,1.2585801398294245,-0.07683134013580628,1.3354114799652308
159.384719351714,1.19999389682266,-0.09622802523989327,1.2962219220625533
159.40515389991197,1.1496371068289608,-0.0846644503726115,1.2343015572015723
159.42558834765077,1.1036453544849392,-0.05569416047078657,1.1593395149557257
159.44602269538882,1.0619284302995868,-0.02014045549541721,1.082068885795004
159.46645724288828,1.0272343404645192,0.01469744242752613,1.012536898036993
159.48689169039426,1.0009872335953833,0.0424468565631787,0.9585403770322046
159.5073260374338,0.9789584491518142,0.05448376701676372,0.9244746821350505
159.52776048446685,0.9610327133132763,0.05023835515764663,0.9107943581556297
159.54819503150793,0.9464547836229614,0.03229204472266456,0.9141627389002969
159.56862937808182,0.9351789161861707,0.006924290470051608,0.928254625716119
159.5890638246492,0.9247348199213117,-0.020334804393794093,0.9450696243151058
159.60949827099103,0.9144065521099417,-0.04211472263576588,0.9565212747457076
159.62993281710078,0.9033257930282307,-0.052699643178155786,0.9560254362063865
159.65036716320174,0.8891207789674139,-0.05068888873020905,0.939809667697623
159.67080160884507,0.8786487633730234,-0.029065006342413158,0.9077137697154366
159.69123615448189,0.871904264859896,0.008563841657121207,0.8633404232027748
159.71167050012446,0.8646295565816646,0.05110399248933695,0.8135255640923277
159.73210494530213,0.8482704121836101,0.0810598454583088,0.7672105667253013
159.7525393904798,0.8202046962883722,0.08629172761842518,0.733912968669947
159.77297383541736,0.7869088753087647,0.06486198527410691,0.7220468900346578
159.7934082803622,0.7541264577561827,0.0167420624315483,0.7373843953246344
159.81384272484138,0.7296527216840962,-0.05226815085651226,0.7819208725406085
159.83427716931328,0.7309339223134093,-0.12240903579456386,0.8533429581079731
159.85471161355963,0.8061698063813407,-0.1390272996998273,0.945197106081168
159.87514605780598,1.038745706813339,-0.008994117044082817,1.0477398238574218
159.89558040157863,1.2132877700711482,0.0639519645160791,1.149335805555069
159.91601494536008,1.4058966495689185,0.1677148577432206,1.2381817918256979
159.93644938914076,1.4205941135904363,0.11652812018140235,1.304065993409034
159.9568838324485,1.354241390190982,0.01434961068202556,1.3398917795089564
159.97731827576354,1.2846617358055699,-0.05803966151825213,1.342701397323822
159.99775271884573,1.2238240635539674,-0.09021981094428866,1.314043874498256
160.01818716168782,1.1695313029912502,-0.09009610465332818,1.2596274076445784
160.03862160430435,1.1204817204892883,-0.06783731138221705,1.1883190318715053
160.0590560469209,1.0775726785925892,-0.03308926200956219,1.1106619406021514
160.0794904892973,1.0412598646539717,0.004099813252673945,1.0371600514012977
160.0999249314482,1.0104728782609353,0.03385633979331615,0.9766165384676192
160.1203592735983,0.9860618188603084,0.05125971922416739,0.934802099636141
160.140793815277,0.9668928925159389,0.05322283465952404,0.9136700578564149
160.1612282569622,0.9510644875566471,0.03981874031417221,0.9112457472424749
160.18166259864665,0.9383948094591565,0.01620043052164233,0.9221943789375142
160.2020971398597,0.9271280021353566,-0.011839129750328525,0.9389671318856851
160.22253158107924,0.917710817339936,-0.0356062388708388,0.9533170562107748
160.2429659220652,0.9055260393662687,-0.052396156056281784,0.9579221954225505
160.2634003628118,0.8923723585297173,-0.05545724691492049,0.9478296054446378
160.28383490356646,0.878949353632229,-0.04251947024140379,0.9214688238736328
160.30426924385392,0.8698087239440138,-0.011248644530955865,0.8810573684749696
160.32470368413487,0.8643262453646857,0.032006188247447276,0.8323200571172384
160.34513822442386,0.8528096748790381,0.06923861447627333,0.7835710604027648
160.36557266424643,0.8295654656785055,0.08525812657540466,0.7443073391031009
160.38600700406096,0.7980109125024465,0.07446005064315842,0.7235508618592881
160.4064414436507,0.7640538063623122,0.03582897511038308,0.7282248312519292
160.42687598300836,0.7349211474260307,-0.02691917201592753,0.7618403194419582
160.44731032235723,0.7219911356752158,-0.10172777016164503,0.8237189058368608
160.4677447614813,0.7579561192216173,-0.15094049460051284,0.9088966138221302
160.4881793003733,0.9367397403119302,-0.07198651723101435,1.0087262575429445
160.50861363902368,1.1471849195955273,0.035093848720217036,1.1120910708753102
160.52904807744926,1.3503736132182949,0.14333289608879052,1.2070407171295043
160.54948251587484,1.4364135335423733,0.15384474846676133,1.282568785075612
160.56991695406032,1.3819227131354326,0.051664224799695235,1.3302584883357373
160.59035139202024,1.3101161316554972,-0.035401674885583656,1.3455178065410809
160.61078582998016,1.244842555455252,-0.08336443198582133,1.3282069874410734
160.63122016747366,1.189286888329146,-0.09327170843333388,1.28255859676248
160.6516547049614,1.1389910652660549,-0.07741503964759722,1.216406104913652
160.67208914245566,1.0953938906726446,-0.04446533338096126,1.1398592240536058
160.69252347947622,1.0595426988386851,-0.004098026175041625,1.0636407250137268
160.71295801650558,1.0298433871582764,0.032473019774002854,0.9973703673842735
160.73339245330135,1.0064348926996967,0.05835187272338038,0.9480830199763163
160.75382678985625,0.9865693019193655,0.06735404773471465,0.9192152541846509
160.77426122618635,0.9668809000790167,0.0566460807815784,0.9102348192974383
160.79469576251722,0.9508735679200502,0.03391227473149083,0.9169612931885593
160.81513019860722,0.9382164064554539,0.005702992061380141,0.9325134143940738
160.8355645344709,0.9275027235548944,-0.021212748859210317,0.9487154724141047
160.85599907010328,0.9171301157410197,-0.04058356580968381,0.9577136815507035
160.87643350572762,0.9038978118398758,-0.04962115465651806,0.9535189664963939
160.89686784112564,0.889280479245164,-0.04392837251865722,0.9332088517638212
160.9173022762916,0.8770002944254087,-0.020574251753041284,0.89757454617845
160.9377368112182,0.8706801427128837,0.019579940847843647,0.8511002018650401
160.95817114615056,0.862912739585064,0.061640389462348844,0.8012723501227151
160.97860558085085,0.8438932297073466,0.08656357125454694,0.7573296584527996
160.9990401153118,0.8141203040547539,0.08544942476174289,0.728670879293011
161.01947444954567,0.7806093614719845,0.05742565359686669,0.7231837078751178
161.0399088837803,0.7485620272744004,0.0027788131278299044,0.7457832141465705
161.06034331777482,0.7271032287964148,-0.07031007421037128,0.797413303006786
161.0807777515438,0.7374062891755899,-0.13727792333206368,0.8746842125076536
161.10121218507993,0.8453551206647346,-0.12486253209483311,0.9702176527595677
161.12164661837596,1.0925581388684023,0.018907721271349764,1.0736504175970525
161.14208115168003,1.2827430628485694,0.10960509183741296,1.1731379710111565
161.16251548474975,1.4436635862457547,0.18655193958907645,1.2571116466566783
161.18294991758012,1.4182315585228948,0.10221914808861832,1.3160124104342765
161.203384250417,1.3428219090939113,-0.0008809198338488589,1.3437028289277602
161.22381878278975,1.2719685148730022,-0.0663744984372392,1.3383430133102414
161.2646876472936,1.1620813629188667,-0.08094279971970164,1.2430241626385683
161.285121979432,1.1146217044900686,-0.05449394633659832,1.169115650826667
161.30555651109898,1.071652262742751,-0.019897309177619782,1.0915495719203707
161.32599094277248,1.0351511924784917,0.014597313250014343,1.0205538792284774
161.34642527421238,1.0058251962811882,0.041543599432133815,0.9642815968490543
161.3668598054137,0.9830075993858692,0.05540856700853636,0.9275990323773329
161.38729423662153,0.9640543871188869,0.05259057096477726,0.9114638161541097
161.40772856759577,0.9486255087519049,0.03564132598639935,0.9129841827655055
161.42816299833066,0.9359153235615092,0.009767860303026565,0.9261474632584826
161.44859752884076,0.9250603130470906,-0.01801943272181017,0.9430797457689007
161.4690318591165,0.9140525731806983,-0.04156243457165221,0.9556150077523505
161.48946628939302,0.9018758306826783,-0.05502421286572656,0.9569000435484049
161.5099008194302,0.888914540357671,-0.05383739308357305,0.9427519334412441
161.53033514924027,0.8778450232015629,-0.03468877620663646,0.9125337994081993
161.550769578811,0.8730233455156493,0.0036332601365209882,0.8693900853791283
161.57120400838903,0.8703914175652092,0.05059106313511408,0.8198003544300951
161.59163853773498,0.8587929864922724,0.08627358663391316,0.7725193998583593
161.61207286684657,0.8312882234089397,0.09420354069721248,0.7370846827117272
161.63250729571882,0.7959933870658114,0.07385473291007427,0.7221386541557371
161.65294182436628,0.7615295865020363,0.027670491174000333,0.733859095328036
161.6733762530057,0.7350322231598048,-0.03972732953654523,0.77475955269635
161.6938105814188,0.727560629491821,-0.11551325226498632,0.8430738817568073
161.71424500959984,0.7846131367930492,-0.14822351043996473,0.932836647233014
161.73467953777435,1.0075499389912308,-0.027101196494516033,1.0346511354857468
161.75511386548897,1.2042123019382047,0.06718386266581722,1.1370284392723875
161.77554829320434,1.4159453898554861,0.18785754928133147,1.2280878405741547
161.7959827206796,1.4466412038315157,0.1493145411643222,1.2973266626671935
161.81641714792931,1.3771713402439338,0.03998383620620061,1.3371875040377332
161.83685157517903,1.3011001199407806,-0.043056855269637095,1.3441569752104177
161.8572860021959,1.2345482079146932,-0.08467333334088512,1.3192215412555783
161.87772052897344,1.177532671165535,-0.09007591225237688,1.2676085834179118
161.8981548555239,1.1278682913935645,-0.06999408817904307,1.1978623795726075
161.918589281835,1.081354851250125,-0.039051767337545895,1.1204066185876709
161.93902360815264,1.0426955662189235,-0.003150619203217575,1.045846185422141
161.95945813423896,1.0106670876029378,0.02738727341759284,0.9832798141853449
161.97989256009168,0.9849587134028619,0.046041858647181244,0.9389168547556807
162.0003269857043,0.9658197849811696,0.050608040186997494,0.9152117447941721
162.02076141109137,0.9486208940417165,0.037954883709129694,0.9106660103325868
162.04119583647116,0.934215358582834,0.013900192221725893,0.9203151663611081
162.0616302616254,0.9226708155870804,-0.014139890932016397,0.9368107065190968
162.08206458654604,0.9109463551098969,-0.04095745258463912,0.951903807694536
162.10249911123537,0.899562700161876,-0.05850770701182628,0.9580704071737023
162.12293353591667,0.8857160102286928,-0.06427635898983952,0.9499923692185324
162.14336786037165,0.8730122179240921,-0.052625640070341206,0.9256378579944333
162.16380238458805,0.8669197847434522,-0.019828079911336838,0.886747864654789
162.18423680857813,0.86496015990752,0.02631519440402086,0.8386449655034991
162.20467113233462,0.8565994751938812,0.06721261818817947,0.7893868570057018
162.22510555609188,0.8348546540580041,0.0864455074692918,0.7484091465887123
162.24554007960978,0.8023843281756632,0.07749773513515446,0.7248865930405087
162.2659744029006,0.7679453805481152,0.04185733991767926,0.726088040630436
162.28640882595937,0.7363589073161182,-0.01965007711519884,0.756008984431317
162.30684334901161,0.7189302593168789,-0.0955890922256094,0.8145193515424883
162.3272777716047,0.7426016632426913,-0.1545725748408,0.8971742380834913
162.34771209419705,0.8925716998436798,-0.10316196879159556,0.9957336686352753
162.36814651655004,1.1352164634828514,0.03590592280960392,1.0993105406732475
162.38858103891107,1.3482831203748349,0.15232251716823297,1.195960603206602
162.40901536079764,1.4591306369959922,0.18466903367898513,1.274461603317007
162.42944978269225,1.4059076375857074,0.07991403873733471,1.3259935988483726
162.44988410435326,1.326339074366395,-0.019095236197608445,1.3454343105640034
162.47031862578297,1.2558480099727818,-0.07622521204940935,1.3320732220221911
162.49075304720463,1.1962065595638276,-0.09341477860143854,1.2896213381652661
162.51118686817063,1.1451603948296072,-0.08036478632060717,1.2255251811502144
162.5316213891274,1.0977080830616097,-0.05198195439646236,1.149690037458072
162.5520557098571,1.0562424293658697,-0.016617820617677914,1.0728602499835476
162.57249013034743,1.0217033496862318,0.016819955265127362,1.0048833944211044
162.59292455084505,0.99441318602215,0.04122640596756566,0.9531867800545843
162.61335907087778,0.9740971951034741,0.05240250580259198,0.9216946893008822
162.63379339090898,0.9566495303933804,0.046277826637360686,0.9103717037560197
162.65422781070083,0.9417929145278122,0.026337145490050395,0.9154557690377618
162.67466233050072,0.9293605656545466,-0.0009752760034008601,0.9303358416579475
162.69509664982616,0.9196332169078337,-0.02727850811960464,0.9469117250274384
162.71553106915962,0.9092965254062647,-0.047903442262408946,0.9571999676686737
162.73596548826026,0.8981472521285658,-0.056753958662928206,0.954901210791494
162.75639990712807,0.884192940680871,-0.052465066428289964,0.9366580071091609
162.77683432575577,0.8721990188588916,-0.030581881045555037,0.9027808999044467
162.79726874439075,0.8662691878049705,0.008955167123476993,0.8573140206814935
162.8177031625528,0.8590548983767243,0.05163087204603267,0.8074240263306917
162.8381375807221,0.8417785831060727,0.07956615410927825,0.7622124289967944
162.8585719986586,0.8135645603650944,0.08241375797055628,0.7311508023945381
162.8790063165943,0.777931832633365,0.05552774280112194,0.722404089832243
162.89944083405862,0.7449599436817705,0.0036315224497681653,0.7413284212320024
162.91987525152945,0.7220914318651649,-0.06731032951513649,0.7894017613803014
162.94030956876668,0.7218833271548902,-0.1418918541756844,0.8637751813305746
162.96074398576457,0.8062372802306518,-0.1512933125143625,0.9575305927450143
162.98117850253766,1.0595113104162668,-0.0010950735604216,1.0606063839766884
163.00161281930923,1.2604035234525217,0.09915507498884102,1.1612484484636807
163.02204723584146,1.448839671575445,0.20108218068080963,1.2477574908946354
163.0424817521489,1.434917317048037,0.12468404544739742,1.3102332716006395
163.06291616821545,1.3569428334579763,0.014896650327429706,1.3420461831305466
163.0833504840557,1.282604223936344,-0.05818615771026914,1.3407903816466131
163.10378489966388,1.2191815787698124,-0.08938035852367632,1.3085619372934887
163.12421941527282,1.1644933803758606,-0.08703155862702383,1.2515249390028844
163.14465373064013,1.1159971691740207,-0.06284501445081614,1.1788421836248368
163.16508814578265,1.0714205713032643,-0.029725137653503708,1.101145708956768
163.18552266091865,1.03306804138636,0.004252845458531551,1.0288151959278284
163.20595697559475,1.007085251026688,0.03674219915530674,0.9703430518713814
163.2263913902716,0.9859955036897315,0.05493845506289985,0.9310570486268317
163.24682580471563,0.9673506266594898,0.054932691222251195,0.9124179354372386
163.26726021891955,0.9495132140244378,0.03752147200626421,0.9119917420181736
163.2876946328979,0.9347005881929684,0.010601958677995849,0.9240986295149726
163.30812904687627,0.9228011055538897,-0.018215336073566735,0.9410164416274565
163.32856356038246,0.9114681418616977,-0.043057662050268286,0.954525803911966
163.3489978738944,0.8995333441920536,-0.05799210174659797,0.9575254459386515
163.36943228717428,0.8858103479902385,-0.059626013183163185,0.9454363611734017
163.3898666004461,0.8724992027300481,-0.04464859019172385,0.917147792921772
163.41030111326108,0.8640536850184466,-0.011284660917862843,0.8753383459363094
163.4307355260753,0.8583621040099046,0.03224717332090077,0.8261149306890039
163.45116983864864,0.8459499990578347,0.06792864759538964,0.7780213514624451
163.47160435099795,0.8213676312514482,0.08078124237514217,0.740586388876306
163.49203876311367,0.7882722710290839,0.06561463783311217,0.7226576331959718
163.51247317498928,0.7538316763441514,0.023032951052213146,0.7307987252919382
163.5329074868714,0.7245404830115934,-0.0434913490152018,0.7680318320267951
163.55334199851495,0.712418896623807,-0.12072241843026399,0.833141315054071
163.57377640993218,0.7522217250276365,-0.16843872872486276,0.9206604537524993
163.59421072111581,0.9512405315965723,-0.0703198463152207,1.021560377911793
163.61464513206738,1.179800153550093,0.05527059824406444,1.1245295553060286
163.63507964301243,1.4056991650501813,0.18806258496458028,1.217636580085601
163.6555139537304,1.4589822872212006,0.16887113769624706,1.2901111495249535
163.67594836398348,1.388733819491014,0.05477972696954225,1.3339540925214717
163.69638287446287,1.3099873502595318,-0.03511546366341656,1.3451028139229484
163.71681718448235,1.2416805694935968,-0.08229610367605789,1.3239766731696547
163.73725159426976,1.1842872969713267,-0.09102019273968809,1.2753074897110148
163.7576860040499,1.1323978141879896,-0.07489383674218475,1.2072916509301743
163.77812041360448,1.0873834956890527,-0.04282421924382329,1.130207714932876
163.79855482292623,1.0493320734939773,-0.005401176744405767,1.054733250238383
163.81898923200788,1.0188934275800405,0.028650878577260563,0.99024254900278
163.83942374109756,0.9972700670644015,0.05390202624311402,0.9433680408212874
163.85985804972006,0.976860872494694,0.05979761833051789,0.9170632541641761
163.88029245833604,0.9590014184015908,0.04868734809964048,0.9103140703019503
163.9007267667257,0.9443181668002738,0.025774251782155644,0.9185439150181182
163.92116127488407,0.930794021896365,-0.0038350409705791844,0.9346290628669441
163.9415956830344,0.9183577298452,-0.03198692921789836,0.9503446590630984
163.96203009072633,0.9008182840358888,-0.05716973914256107,0.9579880231784499
163.98246449841827,0.8810769331554419,-0.07081637847318778,0.9518933116286297
164.0028989058701,0.8630831374256642,-0.0664909881241097,0.9295741255497739
164.02333331309637,0.8514668297573342,-0.0408260465418282,0.8922928762991624
164.04376762008906,0.848358114474301,0.0034033513214941635,0.8449547631528068
164.064202127076,0.8456961625013176,0.050358131263363526,0.7953380312379541
164.08463653360377,0.831942229792594,0.07914943393629936,0.7527927958562947
164.10507094013155,0.8073468694652975,0.0807274280497925,0.726619441415505
164.12550524641847,0.7776065721614713,0.0531964980622619,0.7244100740992094
164.14593975248135,0.7484984428444232,-0.0021337262240799237,0.7506321690685032
164.16637405830988,0.7317133367031758,-0.07398602111444341,0.8056993578176193
164.1868084641319,0.7478762603765126,-0.1378208091178843,0.8856970694943969
164.20724296972912,0.8740306616479443,-0.1087818118287629,0.9828124734767072
164.24811168021552,1.3927678625318278,0.20818807151986074,1.184579791011967
164.26854608511348,1.5467448103756396,0.2808293122947305,1.265915498080909
164.28898048977862,1.494960765539396,0.1737499249193919,1.321210840620004
164.3094148944365,1.4098774481524465,0.06505225913499624,1.3448251890174503
164.3298492988688,1.3329528602550123,-0.0025240093831895294,1.3354768696382018
164.35028380306903,1.267192070396016,-0.029151862351153968,1.29634393274717
164.3707182070284,1.2096277743282968,-0.024832790495516788,1.2344605648238136
164.39115251076146,1.1565458920446219,-0.0029652276159151114,1.159511119660537
164.41158691426244,1.107620601524604,0.025393027887409048,1.082227573637195
164.43202131775615,1.0630090495968487,0.050346663899533795,1.012662385697315
164.4524557210243,1.023483992001182,0.06486561069106045,0.9586183813101216
164.47289012405963,0.9887478817531743,0.0642475594320151,0.9245003223211592
164.4933246268556,0.9570472569072801,0.04627458419909669,0.9107726727081834
164.5137589294245,0.9315515662192997,0.017444602125498698,0.914106964093801
164.53419333199417,0.9065249758173387,-0.02165887265708133,0.92818384847442
164.55462773432373,0.8875570378579063,-0.05744792355358941,0.9450049614114957
164.5750621361949,0.8655621626815205,-0.0909199182766276,0.9564820809581481
164.59549653806607,0.8449663050117493,-0.11105935630122687,0.9560256613129762
164.61593093992997,0.8243273324895055,-0.11552769525200435,0.9398550277415099
164.63636524133472,0.8076093068346015,-0.10019162416753835,0.9078009310021399
164.65679974250816,0.8001717140670503,-0.0632850129439484,0.8634567270109987
164.67723414367356,0.7963824427197205,-0.017268824303110164,0.8136512670228306
164.6976685446134,0.7859290943047893,0.018606331444296798,0.7673227628604925
164.71810294532042,0.7630086567541481,0.029019843711572957,0.7339888130425751
164.73853734578734,0.7331834385231721,0.011115585378527193,0.7220678531446449
164.75897174626152,0.7025450668473043,-0.03479457082371151,0.7373396376710158
164.7794060462693,0.6788147250550448,-0.10299438040622066,0.7818091054612655
164.7998405462713,0.6746762456813287,-0.17849789056013599,0.8531741362414647
164.820274946047,0.7352774836690156,-0.20971205161589157,0.9449895352849071
164.8407092455891,0.9702356507815281,-0.0772824425723192,1.0475180933538473
164.86114374489262,1.1847258912264182,0.03559667940529909,1.1491292118211192
164.88157814396982,1.39062922846344,0.15261413380511968,1.2380150946583204
164.90201244304626,1.3861401239199536,0.08218012345517867,1.303960000464775
164.92244684188336,1.3053998763131223,-0.0344588191902675,1.3398586955033898
164.94288134049566,1.2293117547700076,-0.11343066464153662,1.3427424194115443
164.9633156388736,1.1635552349450309,-0.1505945709753036,1.3141498059203345
164.9837500370195,1.1060686414182868,-0.15371128885905505,1.2597799302773418
169.765384880302,0.6120002606068042,-0.24092789925847358,0.8529281598652778
169.78581933048554,0.6661792562755887,-0.2785109981873264,0.9446902544629151
169.80625358020188,0.9005928375229956,-0.14660749778281235,1.047200335305808
169.82668802991248,1.1513987622072475,0.0025668366780839946,1.1488319255291635
169.847122279396,1.3665655754420227,0.12879096391168798,1.2377746115303347
169.8675567286482,1.3646317448051446,0.06082553491376297,1.3038062098913816
169.8879909778916,1.2920909470489599,-0.04771638685532231,1.3398073339042822
169.9084253266774,1.223540904716464,-0.119254881470509,1.342795786186973
169.9288597752311,1.1655686280916797,-0.14872620368590828,1.314294831777588
169.94929402377602,1.1167027504796632,-0.14328920908793097,1.2599919595675941
169.9697283718633,1.0721794829590854,-0.11656011985850556,1.188739602817591
169.99016281995137,1.0321683921405107,-0.07890792072205954,1.1110763128625702
170.01059716756572,0.9963570345875823,-0.041155359181339835,1.0375123937689221
170.0310314151866,0.965024162666794,-0.01184123943546822,0.9768654021022622
170.0514657625754,0.9385091335607592,0.003583045742041824,0.9349260878187173
170.07190010972408,0.9167047608611819,0.003032698631359243,0.9136720622298227
170.09233445664722,0.8964769226698759,-0.014673360892130338,0.9111502835620062
170.11276880333753,0.8795624485393996,-0.0424806247686248,0.9220430733080244
170.1332032497885,0.8653805909905197,-0.07342968045333942,0.9388102714438591
170.15363759601314,0.850763405461928,-0.1024407987567143,0.9532042042186423
170.1945061877559,0.8160518492634387,-0.13185362136991585,0.9479054706333545
170.2149405335149,0.801630558974197,-0.1200192557551355,0.9216498147293325
170.23537487880822,0.7979355602453312,-0.08338468454040548,0.8813202447857367
170.25580922409426,0.8027481222025588,-0.02987484974918142,0.8326229719517402
170.2762436689227,0.8023938994299795,0.018534047931977216,0.7838598514980023
170.2966779137496,0.7908788840499629,0.04635379045299837,0.7445250935969645
170.31711225810432,0.7668326565458181,0.04318537817278156,0.7236472783730366
170.33754660246632,0.7391831173291037,0.011016973682238751,0.7281661436468649
170.3579809465955,0.7131540415183037,-0.04846089484763316,0.7616149363659369
170.37841529048455,0.6993263967995949,-0.12401495324830047,0.8233413500478953
170.39884963414806,0.726097510880421,-0.18230727006007674,0.9084047809404977
170.4192840775795,0.8950180659728088,-0.11315897276895337,1.0081770387417621
170.43971832076932,1.2166523741446305,0.10510072625659284,1.1115516478880376
170.46015266396716,1.4852748973360437,0.27869657475624154,1.2065783225798021
170.50102134919143,1.4873430035211863,0.15724100293411425,1.330102000587072
170.5214556916908,1.4041308891803197,0.058584366115960185,1.3455465230643595
170.54188993372372,1.3292406309839437,0.0008326636266438037,1.3284079673573
170.5623243757509,1.2657910353583635,-0.017103277223011304,1.2828943125813748
170.58275871731894,1.2108860362894558,-0.0059368331671934005,1.2168228694566492
170.60319305888697,1.1600848347904649,0.019790886690922216,1.1402939480995427
170.62362730021414,1.1146813406046885,0.050648854172526736,1.0640324864321618
170.64406174108444,1.0734580421741204,0.07578814130727496,0.9976699008668455
170.66449608195398,1.0388784505434234,0.09061811324079283,0.9482603373026306
170.68493032258266,1.009425085988755,0.09016122236265622,0.9192638636260988
170.7053647629873,0.983829655903071,0.07365780376220654,0.9101718521408645
170.72579910315835,0.9612996543373118,0.04447608614389387,0.9168235681934179
170.74623334308853,0.9403908948178356,0.008040857880077579,0.932350036937758
170.76666778302751,0.9219370601477554,-0.026641784708240523,0.948578844855996
170.78710212250007,0.9017961344171623,-0.0558527319763884,0.9576488663935507
170.80753636173176,0.8803381918956066,-0.07321768906929427,0.9535558809649008
170.8279707009715,0.8661230960169136,-0.06723272075954057,0.9333558167764542
170.84840513974632,0.8581938641521238,-0.03962255130235559,0.8978164154544794
170.86883937851235,0.8603501021129208,0.008948837623936279,0.8514012644889846
170.88927371682075,0.8592764974648882,0.057696399831612566,0.8015800976332756
170.90970815512992,0.8400707641435868,0.08248512743677128,0.7575856367068156
170.9301424929654,0.8080716990736636,0.07925130543265424,0.7288203936410094
170.95057673080737,0.7711011768323761,0.04791642841419563,0.7231847484181805
170.97101106841728,0.7339595831696519,-0.011655385109219485,0.7456149682788714
170.99144550578785,0.7071997014593463,-0.08988099986543785,0.7970807013247841
171.01187974293134,0.7053713353513296,-0.168845575544616,0.8742169108959456
171.03231407984276,0.7895957837710804,-0.18007217934523512,0.9696679631163155
171.05274851651484,1.0886380966905598,0.015553166891387304,1.0730849297991725
171.07318275295984,1.3458521082090165,0.17322672176056653,1.17262538644845
171.09361708917277,1.5107539637477718,0.2540370705181705,1.2567168932296013
171.1140514251456,1.4596247631945343,0.14384263959777122,1.315782123596763
171.1344857611257,1.3691940014672268,0.02553338610770406,1.3436606153595227
171.15492009664013,1.288426496234928,-0.05005893978934228,1.3384854360242704
171.17535443191446,1.220022709949844,-0.08285452034268803,1.302877230292532
171.19578876719606,1.160177414956858,-0.0832501375473762,1.2434275525042342
171.216223102012,1.106611399840219,-0.06295044434184272,1.1695618441820617
171.23665743682068,1.0590708004957161,-0.032904143801444574,1.0919749442971607
171.2570916711702,1.0198316580555464,-0.001070674831698648,1.020902332887245
171.27752610552125,0.9914389082154241,0.026925524998742567,0.9645133832166816
171.29796043963142,0.9713301905823041,0.04363124444914357,0.9276989461331605
171.3183946735153,0.9560169250854801,0.04457660330746893,0.9114403217780112
171.338829106935,0.9421010181110967,0.029232973509796145,0.9128680446013006
171.3592634403467,0.9304620816110014,0.004476771436587201,0.9259853101744142
171.37969777353283,0.9193887674040957,-0.023536101323692438,0.9429248687277881
171.40013200648536,0.9071893739668917,-0.04832820965098206,0.9555175836178738
171.42056643919932,0.8947916850587168,-0.062105652068461525,0.9568973371271783
171.44100077168696,0.8795010759553441,-0.06336020822973731,0.9428612841850814
171.461435003941,0.8660078373632537,-0.046740939135181736,0.9127487764984354
171.4818694361893,0.8612328806834499,-0.008448019214165159,0.8696808998976151
171.50230376797845,0.8584888147374052,0.03836963355039469,0.8201191811870105
171.522737999534,0.8454965884673354,0.07268839115083836,0.7728081973164971
171.54317233109032,0.8179884212308227,0.08070455291626,0.7372838683145627
171.56360676217446,0.7820618573345341,0.05986238793257381,0.7221994694019603
171.58404099303152,0.7450241547202142,0.011272794315810741,0.7337513604044035
171.60447532388207,0.7141390497402216,-0.06033893142656277,0.7744779811667843
171.624909754275,0.6991970979599944,-0.14344364351634054,0.8426407414763349
171.6453439846664,0.7397555041447431,-0.19254107847562363,0.9322965826203667
171.66577831482573,0.9651118054050009,-0.06895563992802123,1.034067445333022
171.68621264451212,1.2465021690964475,0.11002839560614719,1.1364737734903003
171.70664707420656,1.4787713183610978,0.25114032081551363,1.2276309975455841
171.72708130365936,1.4855780612051448,0.18855561358793338,1.2970224476172114
171.74751563288737,1.39928444544522,0.0622142987205061,1.337070146724714
171.7679500618833,1.3154779681997215,-0.0287555349961488,1.3442335031958703
171.78838429041207,1.242940873125247,-0.07653082083596163,1.3194716939612086
171.8088186189343,1.1806794373875495,-0.08730913834972776,1.2679885757372773
171.82925284723024,1.1246207341819843,-0.07369100046727173,1.198311734649256
171.84968727528758,1.0750315687237226,-0.045826908316003,1.1208584770397256
171.87012160335144,1.03268233132532,-0.013556447590040044,1.04623877891536
171.89055593094963,1.0008557540498513,0.017289257419321302,0.98356649663053
171.910990258315,0.9777750359062249,0.03870341024287505,0.9390716256633499
171.93142458544025,0.9614158147434865,0.04618180101811997,0.9152340137253665
171.95185891233996,0.9471879540781701,0.03660865400884061,0.9105793000693295
171.9722931392389,0.9348525068126587,0.01469056878817887,0.9201619380244799
171.99272756566643,0.9236296047407309,-0.01301468740767353,0.9366442921484044
172.01316189186764,0.9123237951630896,-0.03945411339448546,0.951777908557575
172.0335961180681,0.9004761854599752,-0.057552794182938016,0.9580289796429132
172.05403054379713,0.8854842953087474,-0.06457716709036909,0.9500614623991165
172.07446486953268,0.8704159473763529,-0.05540405507586921,0.9258200024522221
172.09489909502736,0.8617383043955718,-0.025283566114487566,0.8870218705100593
172.11533342006442,0.8608944143177742,0.021926822691432757,0.8389675916263415
172.13576784510224,0.851191754373177,0.06149115345994638,0.7897006009132306
172.1562021698992,0.829379101289983,0.08072595778492919,0.7486531435050539
172.176636394237,0.7953062341042846,0.07030032886306248,0.7250059052412221
172.19707081857632,0.7579161258697291,0.03187257282659506,0.7260435530431341
172.21750514267478,0.7237224175056187,-0.032063076941555746,0.7557854944471745
172.23793936654693,0.7000232082516643,-0.114104760064902,0.8141279683165663
172.258373690187,0.7129513369261631,-0.18370220372722734,0.8966535406533904
172.27880811358773,0.8457523259639784,-0.1493915679483262,0.9951438939123046
172.29924233652855,1.1548065651736157,0.0560848320078593,1.0987217331657564
172.31967665947013,1.4058075660174496,0.21036176406860196,1.1954458019488476
172.34011108217237,1.5048729546075374,0.23078769498497675,1.2740852596225607
172.36054530488036,1.4330838380262128,0.10728535903337688,1.3257984789928359
172.38097962712345,1.344455034175098,-0.0009835980792487486,1.3454386322543468
172.4014139491337,1.2671549648772928,-0.06511150486222883,1.3322664697395217
172.42184827090387,1.2013995849380765,-0.08856725208688365,1.2899668370249602
172.44228259244846,1.1435478288067895,-0.08241645729787028,1.2259642861046598
172.46271691375296,1.0928333718972572,-0.05732475363143741,1.1501581255286946
172.4831513350655,1.0501820875188221,-0.02310808243245943,1.0732901699512816
172.50358555591083,1.0181790785581184,0.0129576497242343,1.005221428833884
172.5240198765241,0.9951107465243273,0.04171328294882548,0.9533974635755018
172.54445409712935,0.9760089785044119,0.05424111192181558,0.9217678665825964
172.56488851727772,0.9597846791279792,0.04946262677335045,0.9103220523546287
172.58532283741806,0.9452164712046747,0.02989611629347355,0.9153203549112011
172.60575705709925,0.932787542242037,0.002621829516757379,0.9301657127252796
172.62619147678197,0.9205892083812021,-0.026173738886708486,0.9467629472679105
172.64662579599826,0.907048179461932,-0.050073876922403726,0.9571220563843357
172.66706011520728,0.8916951616178364,-0.06323319000772176,0.9549283516255581
172.68749433395715,0.8761124410657505,-0.06068987979805762,0.9368023208638081
172.70792875270126,0.8638996268162658,-0.039129531895688685,0.9030291587119544
172.72836307121906,0.8610708617670912,0.003440776022669345,0.8576300857444219
172.74879728927044,0.8548042641826052,0.04704984905839282,0.8077544151242124
172.76923170732334,0.8372995473780371,0.07480501280370566,0.7624945345743315
172.78966602513538,0.8069273477403452,0.0756022716440995,0.7313250760962458
172.8101002427211,0.7709053520109251,0.04848166867300763,0.7224236833379175
172.83053456007474,0.7357866342575146,-0.005381282728059933,0.7411679169855745
172.85096897718904,0.7073886788933803,-0.08167436738388956,0.7890630462772699
172.87140319384343,0.7019145931761032,-0.16137271684885657,0.8632873100249597
172.8918375104986,0.7702101572554799,-0.1867365720226455,0.9569467292781254
172.9122719269144,1.0500048108629505,-0.0099911212760051,1.0599959321389556
172.93270614310313,1.3080365237027705,0.14734992841252503,1.1606865952902454
172.9531404590598,1.4982052830208363,0.25089156977845284,1.2473137132423835
172.97357477477635,1.4610450543887592,0.1510846028025261,1.309960451586233
172.99400919026812,1.372540851422545,0.03056735244270037,1.3419734989798446
173.01444340552553,1.2911335336060514,-0.049784237139268495,1.34091777074532
173.0348777205436,1.2225717878484423,-0.08628971910275274,1.308861506951195
173.0553121355697,1.16194572422338,-0.08999996794735154,1.2519456921707315
173.0757463501286,1.1092570575771328,-0.07006157800382051,1.1793186355809533
173.09618066444818,1.0626899848028244,-0.038918721112617405,1.1016087059154418
173.1166149785422,1.0271744168866437,-0.0020290275906049704,1.0292034444772487
173.1370492924034,1.0006958100960595,0.030084277354923694,0.9706115327411358
173.17791791965283,0.9544276654624824,0.04201530399613995,0.9124123614663424
173.19835223281552,0.940059337789908,0.028177285243758288,0.9118820525461497
173.2187865457381,0.9284158777593762,0.004483136101542051,0.9239327416578341
173.23922085866798,0.9165640713161088,-0.024286789712194445,0.9408508610283033
173.25965507113142,0.9043378933865782,-0.050076890450024836,0.954414783836603
173.28008948335628,0.8908998111917117,-0.06661123072470854,0.9575110419164202
173.30052379558765,0.8751459583763237,-0.07039384625091594,0.9455398046272396
173.3209580073526,0.8634812744821448,-0.05388414147886256,0.9173654159610074
173.3413924191118,0.8620643094459876,-0.013577171357801565,0.8756414808037891
173.36182673041185,0.8642334816339435,0.03777911739411699,0.8264543642398265
173.38226094171114,0.8536934876516177,0.07535797495756846,0.7783355126940492
173.40269525253825,0.826997483852559,0.08618544150412566,0.7408120423484333
173.4231296633734,0.7907065430361012,0.06796610785506718,0.722740435181034
173.44356387374137,0.7536420946537121,0.02293831699729454,0.7307037776564176
173.46399818410282,0.7209197422457521,-0.046830609987682625,0.7677503522334347
173.48443259400665,0.7040244405336493,-0.12866828588634727,0.8326927264199966
173.50486690390971,0.7345275394712504,-0.18556321228559647,0.9200907517568468
173.5253011135719,0.93032547517514,-0.09061006930901594,1.020935544484156
173.5457354227765,1.2184618745759657,0.09453614650155173,1.123925728074414
173.56616983198182,1.456976445283954,0.2398479786199028,1.2171284666640512
173.5866040407127,1.490015200334142,0.20025462617784107,1.289760574156301
173.6070383494516,1.4091275958862333,0.07532701687617727,1.333800579010056
173.62747275795846,1.3232500295105547,-0.021907701297173565,1.3451577308077283
173.64790696622367,1.2500251186445388,-0.07419679614057384,1.3242219147851126
173.66834127403126,1.1854900150795022,-0.0902088802874279,1.2756988953669302
173.68877558183885,1.1298534909637863,-0.07791306835375034,1.2077665593175366
173.70920988940634,1.0777000386994915,-0.052995354294641306,1.1306953929941328
173.72964419674827,1.0343616220677607,-0.020804815754645656,1.0551664378224064
173.75007850362454,1.0002343336300055,0.009666143838266694,0.9905681897917388
173.7705129104943,0.9763661752516243,0.032810766292683535,0.9435554089589407
173.79094711713697,0.9595112758734673,0.042403130770684805,0.9171081451027825
173.81138142354757,0.9450030744304984,0.03476470056254666,0.9102383738679517
173.8318156297173,0.932815910622392,0.014425213181019969,0.918390697441372
173.8522500354302,0.9212509706542809,-0.013203055897750171,0.934454026552031
173.8726843411423,0.9096911475595696,-0.040514331272487936,0.9502054788320575
173.89311854661355,0.8979935154894563,-0.059939881614284984,0.9579333971037413
173.91355295186077,0.8814914637940714,-0.07046221175913514,0.9519536755532065
173.9339872568744,0.8671955510746652,-0.06255998486398973,0.9297555359386549
173.9544215616479,0.8614577519564387,-0.03111753298564146,0.8925752849420802
173.9748557661951,0.8642385741527735,0.018943673469197342,0.8452949006835762
173.995290170511,0.8591861032096983,0.06350961710818148,0.7956764861015169
174.01572447458602,0.8387977403229668,0.08573364456756338,0.7530640957554035
174.03615867843473,0.8047850354202285,0.07802151508647093,0.7267635203337576
174.0565930818193,0.7675002581355874,0.04311747297900648,0.7243827851565809
174.07702738519583,0.7323302877374621,-0.01808350918495194,0.7504137969224141
174.09746158834605,0.7068682153111413,-0.09843081950720689,0.8052990348183482
174.1178958912642,0.7133137343971994,-0.17183856419690935,0.8851522985941087
174.138330293943,0.8251973347488079,-0.15698683219432108,0.9821841669431289
174.15876449639472,1.1270459945242968,0.04127356845998653,1.0857724260643102
174.17919879861438,1.370125801720727,0.18611216043391599,1.184013641286811
174.1996332005947,1.4954768287591584,0.22998730751706087,1.2654895212420976
174.22006750234868,1.4369623893807708,0.1159878752071295,1.3209745141736413
174.24050170386909,1.3501818137418622,0.005380461400726455,1.3448013523411357
174.26093600515014,1.2726959279331465,-0.06296245643813236,1.3356583843712788
174.2813704062064,1.2062515067656263,-0.0904434318993379,1.2966949386649642
174.30180460702832,1.1475571037229864,-0.08736617345620101,1.2349232771791874
174.32223890761088,1.09600694796222,-0.06400726760788222,1.1600142155701023
174.34267330820148,1.0527620027424522,-0.029937489174719722,1.082699491917172
174.3631075083249,1.0207843812171082,0.007741435956359677,1.0130429452607486
174.38354180820897,0.9969631338935738,0.03809671024615435,0.9588664236474195
174.4039761078675,0.9777965889687553,0.05319548810297736,0.924601100865778
174.42441040729318,0.9619411934810137,0.05120231723348179,0.9107388762475319
174.44484470647876,0.9461360955212849,0.032160833624286345,0.9139752618969985
174.4652790054388,0.9340027048518663,0.00599517919364112,0.9280075256582252
174.48571330416598,0.9215875136250417,-0.023256021003109306,0.944843534628151
174.50614770265383,0.9089506009155887,-0.047439435813081965,0.9563900367286706
174.5265819009146,0.8946996787673547,-0.06134228274197018,0.9560419615093249
174.5470161989433,0.8789379740248573,-0.061057710254006636,0.9399956842788639
174.5674504967319,0.8667122992717917,-0.04134285334294274,0.9080551526147345
174.58788479429495,0.8627897183168043,-0.0009991852037389837,0.8637889035205433
174.60831909162516,0.858621782836995,0.04461622257456266,0.8140055602624323
174.62875338871527,0.842384323716541,0.07475111182103877,0.7676332118955023
174.64918768581265,0.8121065490392582,0.07791603252953272,0.7341905165097254
174.66962198244437,0.7761934043487642,0.054084955466349394,0.7221084488824148
174.69005627883598,0.7401500705402247,0.0029611458385990774,0.7371889247016257
174.71049057500204,0.7107932026203236,-0.07067223866141736,0.781465441281741
174.73092487093527,0.7022442775987509,-0.15042052605849976,0.8526648036572506
174.7513591666284,0.7601801320228433,-0.18418894654766493,0.9443690785705082
174.77179346209596,1.013101983429323,-0.033757914614286566,1.0468598980436095
174.7922277573307,1.2662905410008038,0.11777771101588197,1.1485128299849219
174.81266205232532,1.47001132045687,0.23249430483658595,1.2375170156202842
174.83309624709364,1.4576088820649653,0.15396889988743667,1.3036399821775286
174.85353064163064,1.3752121275928324,0.03546081384001476,1.3397513137528176
174.87396493592678,1.2961991755661932,-0.04665249888835299,1.3428516744545462
174.8943991299966,1.227095085296533,-0.08735447992721368,1.3144495652237467
174.9148335238351,1.1666906511949326,-0.09352732273695352,1.2602179739318862
174.93526781743276,1.112402404367938,-0.07659946405004847,1.1890018684179864
174.95570211080485,1.0656387628882755,-0.04569815127308785,1.1113369141613634
174.97613630394335,1.0299986013358051,-0.007737713304634131,1.0377363146404393
174.99657069684326,1.0024442334867267,0.025418588843795886,0.9770256446429308
175.01700498951686,0.9831525675430801,0.04814247969943419,0.9350100878436459
175.03743918195687,0.9653505850569568,0.05166947482101392,0.9136811102359429
175.0578735741583,0.9502899355993722,0.03919081003872049,0.9110991255606518
175.0783078661334,0.936177833803575,0.014220780695800905,0.9219570531077741
175.09874205787492,0.9237401991728075,-0.014979775719141886,0.9387199748919494
175.13961074065446,0.8922461784094234,-0.06563309304079545,0.9578792714502189
175.16004493169748,0.8762870692727702,-0.07166863151497793,0.9479557007877482
175.18047922250116,0.8625573509802827,-0.05920617130897521,0.921763522289258
175.20091361308005,0.8599672970282952,-0.021515710227731022,0.8814830072560262
175.22134780342458,0.8620415100205937,0.029232231668359643,0.8328092783522341
175.24178209353704,0.8540600470441743,0.07002376862330095,0.7840362784208733
175.2622163834094,0.8296089767189864,0.08495295748256126,0.7446560192364251
175.28265077305696,0.7936003434223127,0.06989822951959834,0.7237021139027143
175.30308496223006,0.7567666129439328,0.02864243016814927,0.7281241827757835
175.3235192514112,0.724097088051558,-0.037372228827913245,0.7614693168794713
175.34395364036027,0.7053145808991138,-0.11778677207636978,0.8231013529754836
175.3643878290677,0.7299198390914913,-0.17817366523398315,0.9080935043254744
175.38482211755036,0.897380620146336,-0.11044916355632706,1.007829783702663
175.4052563057994,1.1784886810314352,0.06727793073633004,1.1112107502951052
175.42569069380988,1.4073237255511388,0.20103760786388536,1.2062861176872535
175.4461249813612,1.4759644550167286,0.19393260358752107,1.2820318514292075
175.46655926891253,1.4076529195434366,0.07765202432675355,1.330000895216683
175.48699355622375,1.3260563462408124,-0.019504915018907276,1.3455612612597196
175.50742784330942,1.2544821900212084,-0.07404827666334057,1.328530466684549
175.52786212992942,1.1911247207445466,-0.09197744854707102,1.2831021692916176
175.54829631654138,1.133878647036546,-0.08320402926783754,1.2170826763043836
175.56873070292932,1.084605751586439,-0.055960356259372235,1.1405661078458111
175.58916498885083,1.0456197292797484,-0.018659468709454785,1.0642791979892032
175.60959917477157,1.0149422641862245,0.017080782037236952,0.9978614821489875
175.63003356045374,0.9934107285837441,0.0450337053413733,0.9483770232423708
175.65046784567676,0.9761867925071982,0.0568853047332355,0.9193014877739627
175.67090203089174,0.9600405919370344,0.049899784769272926,0.9101408071677615
175.69133631588193,0.9450504395626458,0.028304371028626485,0.9167460685340193
175.71177070040721,0.9318139362167283,-0.0004423891647350464,0.9322563253814633
175.73220498492446,0.9192308990560732,-0.029269708115073567,0.9485006071711468
175.75263916898257,0.9067850029910662,-0.05082888780137362,0.9576138907924399
175.7730735530422,0.8907592513885563,-0.06282310673530911,0.9535823581238654
175.79350783662812,0.8759336179011862,-0.05751518826938229,0.9334488061705685
175.81394202022057,0.8681020745816808,-0.02986495338652928,0.89796702796821
175.8343763033481,0.8693194631061667,0.017732957270700123,0.8515865058354666
175.85481068646914,0.8671815297971098,0.06541353198457567,0.8017679978125342
175.87524486913026,0.847724403911602,0.0899835725165884,0.7577408313950136
175.89567915179214,0.8152168359391452,0.0863083345039034,0.7289085014352418
175.91611353398184,0.7775443196633364,0.054364163333428306,0.7231801563299081
175.9365477161773,0.7419694423704917,-0.003535589257651184,0.7455050316281429
175.95698199790786,0.7157573475713368,-0.08111085177485133,0.7968681993461881
175.9774162794056,0.7192657321017745,-0.15465568663136076,0.8739214187331352
175.99785056089604,0.8151392474156373,-0.15418226622725417,0.9693215136428914
176.0182848419281,1.0986750883119856,0.02594700844324538,1.0727280798687402
176.03871912272007,1.3279978622794886,0.1556951157475388,1.1723027465319498
176.05915350328723,1.480216040400882,0.22374824487647804,1.256467795524404
176.07958768385288,1.4402469235743347,0.12461173231553446,1.3156351912588002
176.10002196395362,1.3604445375331111,0.016813553907015777,1.3436309836260953
176.1204561438135,1.2851992711077225,-0.05337208067710675,1.3385713517848292
176.16132480284432,1.163121894246211,-0.08055578451543743,1.2436776787616484
176.18175898201298,1.1101039564218513,-0.05973667884345435,1.1698406352653057
176.20219336095033,1.0635509999546011,-0.028690798350343272,1.0922417983049444
176.22262763988692,1.0250719307260505,0.003949400059694241,1.0211225306663563
176.24306191835058,0.9975254913120248,0.03286219919385858,0.9646632921181663
176.26349609658791,0.9772160959851438,0.049447914714083496,0.9277681812710603
176.28393047458667,0.9614184377312336,0.0499848739144666,0.911433563816767
176.3043647523591,0.9475715232313298,0.03476742410891098,0.9128040991224188
176.32479892966512,0.9345052827747728,0.00861284006899865,0.9258924427057742
176.34523330697266,0.9235651012658979,-0.019270753498564885,0.9428358547644627
176.36566758403933,0.9120685921125417,-0.043394413764007544,0.9554630058765492
176.38610176087968,0.8987818942565122,-0.05811804415534805,0.9568999384118603
176.40653603748797,0.8833223177527889,-0.05960935676643031,0.9429316745192192
176.4269704138569,0.8718456492614434,-0.041036919243206516,0.9128825685046499
176.44740458976594,0.8720958998306805,0.002235327220542205,0.8698605726101383
176.46783886567573,0.8729090754174269,0.05259432229883554,0.8203147531185914
176.48827324134618,0.8589294481733143,0.08594622662658402,0.7729832215467303
176.50870741655672,0.829864619875121,0.09246180358874212,0.7374028162863788
176.52914169176802,0.7933246138795402,0.07109249677504814,0.7222321171044921
176.5495759667392,0.7565822865515919,0.022902964378822444,0.7336793221727694
176.57001034125278,0.725745966545849,-0.04855252861610326,0.7742984951619523
176.59044451576483,0.713754255350425,-0.12861207291570242,0.8423663282661275
176.6108787898047,0.7634552504283709,-0.16850145179528664,0.9319567022236576
176.6313131638526,0.9919131689830654,-0.04178839107803789,1.0337015600611033
176.65174733743333,1.2346415622485976,0.09851627804639507,1.1361252842022025
176.67218161100755,1.44529318768658,0.21795042893163386,1.2273427587549461
176.69261588412337,1.4624365323650257,0.16560673072150545,1.2968298016435202
176.71305015700636,1.3890673953255754,0.05207360010360551,1.33699379522197
176.73348442988208,1.3128424171955457,-0.03143565189048547,1.3442780690860312
176.75391870229942,1.2428445952281835,-0.07678011326393408,1.3196247084921175
176.77435297448392,1.1813887870224562,-0.08683425324399296,1.2682230402664492
176.79478724666114,1.1251494156594068,-0.07344076162674806,1.198590177286155
176.81522151837999,1.076488551865734,-0.04465208002135568,1.1211406318870896
176.83565568986523,1.0350150931481439,-0.011471288746264907,1.0464863818944088
176.8560900611119,1.0026170420046856,0.018867588171035732,0.9837494538336499
176.87652433213225,0.9795795551783452,0.04040539767512741,0.9391741575032178
176.896958502919,0.9620147136690933,0.04675925140268333,0.91525546226641
176.91739287346718,0.9469972605073282,0.036463623191101746,0.9105336373162265
176.93782714378904,0.9344842483331574,0.014409127785362297,0.9200751205477951
176.9582613138773,0.9228644097427574,-0.013684097894640312,0.9365485076373977
176.97869558372622,0.9114087208345224,-0.04029739917162756,0.95170612000615
176.99912995335035,0.8985983230087622,-0.059409800521516565,0.9580081235302788
177.01956412274012,0.8843145775373427,-0.0657928282954412,0.9501074058327839
177.03999839165772,0.8702124049870746,-0.055721905579245834,0.9259343105663205
177.06043276058335,0.8660531267361087,-0.021137565663638558,0.8871906923997472
177.0808670292754,0.867694579929188,0.02852967721240618,0.8391649027167818
177.10130119749374,0.860517367233517,0.07062547077635972,0.7898918964571573
177.12173546572012,0.8369366153857498,0.08813641008135698,0.7488002053043928
177.14216983370716,0.80203092818121,0.07695612631442261,0.7250748018667874
177.16260400123429,0.7655396506755572,0.039528930370870796,0.7260107203046864
177.18303826876217,0.7322296896531031,-0.023411862951861595,0.7556415526049647
177.20347263582516,0.7119495582866352,-0.10193155072758642,0.8138811090142216
177.22390680287936,0.7317362646827565,-0.16459026235303797,0.8963265270357945
177.24434106947592,0.8763429418527192,-0.11843029209046751,0.9947732339431867
177.26477533583966,1.1487723880978136,0.05041969014960457,1.098352697948209
177.28520960219612,1.3687860911402094,0.17366302991269178,1.1951230612275177
177.3056438680942,1.4630479688483722,0.1892002883712034,1.2738476804771688
177.32607813375944,1.4075689484950644,0.0818949929274484,1.325673955567616
177.34651249918534,1.3309552866505399,-0.014482804916394754,1.3454380915669346
177.36694666438416,1.2611092315410013,-0.07127438660799834,1.3323836181489996
177.3873809293509,1.1984284131520975,-0.09175083136773332,1.2901792445198308
177.4078150940768,1.1423771496557915,-0.08386042068596922,1.2262375703417607
177.42824945857865,1.0925099993531822,-0.05794037628035342,1.1504503756335356
177.4486837228469,1.0488515874001074,-0.0247095767247949,1.0735611641249023
177.4691178868743,1.0145020354983314,0.009065394925169779,1.0054366405731616
177.48955225067766,0.9894352636379516,0.03590059421938696,0.9535346694185647
177.50998651424743,0.970293320264219,0.04847281432857686,0.9218205059356421
177.5304207775771,0.9550777701723394,0.044778499623955414,0.910299270548384
177.55085494068044,0.9428460729432331,0.02760169851501726,0.9152443744282158
177.57128930331965,0.9314834001582604,0.0014154041882188384,0.9300679959700415
177.59172356595082,0.9221292016179242,-0.024548170906006916,0.9466773725239311
177.61215772812284,0.9110263122854401,-0.04605279517374539,0.9570791074591855
177.63259209029638,0.8984165305580528,-0.05653246906789178,0.9549489996259446
177.65302635199623,0.8835396386516451,-0.05335406325827241,0.9368937019099175
177.6734605137026,0.8717415352453004,-0.031442138458381175,0.9031836737036816
177.69389477494406,0.8693334248482053,0.011508352626543927,0.8578250722216614
177.714329136179,0.8641567308012853,0.05620048304778846,0.8079562477534968
177.73476329695404,0.8459034172142942,0.08323753419488022,0.762665883019414
177.755197557497,0.81488966690007,0.08346102461980276,0.7314286422802673
177.77563191780064,0.7791554526310056,0.05672473634383435,0.7224307162871713
177.79606617811078,0.7440605128803716,0.002997276129497073,0.7410632367508745
177.8165003379545,0.7183637473970937,-0.07048346002427008,0.7888472074213638
177.83693459755887,0.7185670649934103,-0.14441227096599518,0.8629793359594055
177.85736895693844,0.8008741248491568,-0.1557057330031243,0.9565798578522811
177.87780311608367,1.0609804221925543,0.0013686572462632274,1.059611764946291
177.89823737475672,1.2754493700669411,0.11511605891890397,1.1603333111480372
177.9186717334378,1.4492105765922865,0.20217624595079253,1.247034330641494
177.93910589188454,1.4330555187922567,0.12326824331298836,1.3097872754792683
177.95954015009193,1.3584244097576486,0.016499617056979554,1.341924792700669
177.97997440807376,1.284968595346656,-0.056025411224420285,1.3409940065710764
178.00040866558993,1.2200257597891568,-0.08901979510896685,1.3090455548981237
178.02084292309883,1.1638775466253177,-0.0883289491950201,1.2522064958203378
178.04127718014934,1.111451085558193,-0.06816405374763157,1.1796151393058245
178.06171143719985,1.065594953935032,-0.036303520161238056,1.10189847409627
178.08214569377742,1.0318811331232955,0.00243285663534043,1.0294482764879551
178.10257995036227,1.0055264280159546,0.03474263884614548,0.9707837891698091
178.1230141064807,0.9854034943707585,0.05413105257643236,0.9312724417943261
178.14344846236054,0.9672490477633957,0.05483232349019895,0.9124167242731968
178.16388271801407,0.9529168523384544,0.04109466689529673,0.9118221854431576
178.184316873434,0.9389853042653711,0.015147566392230472,0.9238377378731406
178.20475122884818,0.9277167073254143,-0.013038670654661133,0.9407553779800755
178.22518548380322,0.9161501927447145,-0.038201821290502536,0.9543520140352171
178.24561963852466,0.9036043404872999,-0.05390217497101035,0.9575065154583102
178.26605389277393,0.8878710085417925,-0.05773562568108681,0.9456066342228793
178.28648824703123,0.874135910653804,-0.04336501022299699,0.917500920876801
178.30692250105494,0.8677273497789149,-0.00810108685601274,0.8758284366349276
178.32735665484506,0.8653120788399443,0.03864951813290529,0.826662560707039
178.3477910083966,0.850947888316017,0.0724214989019295,0.7785263894140875
178.368225261489,0.8231073237649407,0.08216011841376147,0.7409472053511792
178.38865941457334,0.7876920700361407,0.06490525094888966,0.7227868190872511
178.40909366720007,0.7526446017615214,0.02200477515592547,0.7306398266055959
178.42952801982756,0.7233821984716202,-0.044188789206155765,0.767570987677776
178.44996217198786,0.7103289689152277,-0.1220803396677217,0.8324093085829494
178.47039642414165,0.7524828613457225,-0.1672495228232731,0.9197323841689956
178.49083077583782,0.9520388161580391,-0.06850537416807057,1.0205441903261097
178.51126492729236,1.1837546496920102,0.06020757733718707,1.123547072354823
178.5316991785221,1.3902315318057308,0.1734226311884941,1.2168089006172367
178.55213342951902,1.4353172400309568,0.14577795162586304,1.2895392884050938
178.57256768027582,1.372743477101433,0.03904170963258369,1.3337017674688494
178.59300193080708,1.2984665297458353,-0.046722124601493276,1.3451886543473286
178.6134361811055,1.2326212285905827,-0.09175032565545727,1.32437155424604
178.63387053116458,1.1755495404371674,-0.10039035758847081,1.2759398980256382
178.65430468099657,1.1255721755375019,-0.08248877430622548,1.2080609498437274
178.6747389305965,1.0839756897838237,-0.047023567319943504,1.1309992571037673
178.6951731797235,1.048112919642594,-0.00732528180144798,1.055438201444042
178.71560742885777,1.0225724685190978,0.03179753126886964,0.9907749372502281
178.73604167752637,1.0005356284078473,0.05685754009910604,0.9436780883087412
178.7564759261877,0.9800754282343191,0.0629319887341615,0.9171434395001576
178.77691017439065,0.9624188253614073,0.05221927450358044,0.9101995508578269
178.79734442236077,0.9461069247046237,0.027802976123447287,0.9183039485811764
178.8177786703236,0.934227314205157,-0.0001258397889410956,0.9343531539940981
178.83821291782806,0.9215327005796519,-0.028593043666406026,0.9501257442460579
178.85864716509968,0.9083140197553058,-0.049590529094708624,0.9579045488500144
178.8790814121312,0.8941480226503761,-0.05784623486428486,0.9519942575146609
178.8995155589364,0.8776040990074624,-0.05226524814471312,0.9298693471521755
178.9199499055103,0.8681961319829374,-0.024553541510744625,0.8927496734936821
178.94038415184332,0.8655461331690927,0.020042949997944537,0.8455031831711481
178.9608183979508,0.8561917126038083,0.060309033502656595,0.7958826791011517
178.98125254382467,0.8334974756903741,0.08026950864462534,0.7532279670457488
179.00168688922713,0.8014543278258083,0.07460654339188666,0.7268477844339216
179.0221211346361,0.7657578868288095,0.041397058536005504,0.724360828292804
179.04255527957866,0.7332098883858602,-0.01706352805956124,0.7502734164454214
179.06298962451547,0.7116678146131517,-0.09337892288058947,0.8050467374937411
179.08342386899312,0.7274527086836383,-0.15735822666634947,0.8848109353499878
179.12429225747474,1.1150255678439767,0.029651282862968475,1.0853742849810082
179.14472660125466,1.3130291894319206,0.1293695848532308,1.1836596045786898
179.165160844801,1.434013562376555,0.1687918394257737,1.2652217229507814
179.18559498811373,1.3959076030071218,0.07508340322769236,1.3208241997794294
179.2060293311879,1.324427451227807,-0.02035582582398532,1.3447832770517922
179.22646357403573,1.2583178226000065,-0.07745003154754393,1.3357678541475504
179.2468977166427,1.1984903338440176,-0.09842024781907388,1.2969105816630915
179.2673319590249,1.1445747859688256,-0.09063400821374712,1.2352087941825727
179.28776630094217,1.0944690482324102,-0.06585698117178018,1.1603260294041904
179.30820044285792,1.0539705565753241,-0.029024078981457535,1.0829946355567817
179.32863468453434,1.0227279233881532,0.009445279237745074,1.0132826441504081
179.34906892575236,0.9979938741201803,0.038968193277146734,0.9590256808430335
179.36950326673104,0.9784367606955464,0.053766376124023685,0.9246703845715227
179.410371648235,0.93901254532572,0.02511062445843215,0.9139019208672878
179.4308059885152,0.9260111506559667,-0.00189519340892208,0.9279063440648888
179.45124012856832,0.9158247648113346,-0.028925831238028832,0.9447505960493634
179.47167436838936,0.9036392229278496,-0.052699367537996644,0.9563385904658462
179.49210870797106,0.8896768340983223,-0.06637898972689127,0.9560558238252136
179.51254284732568,0.8738833467778592,-0.06620125920410658,0.9400846059819657
179.53297708644823,0.8648550923928935,-0.04335745202854402,0.9082125444214375
179.55341132533795,0.8676579254385235,0.003665247662574589,0.8639926777759489
179.57384556375473,0.8703464171714951,0.0561248095617376,0.8142216076097575
179.5942798021788,0.8581097459858432,0.09028862053360764,0.7678211254522356
179.6147140401299,0.829783841448115,0.09547327201673927,0.7343105694313757
179.63514837808907,0.7934452311430806,0.07131659454341521,0.7221286365996654
179.65558251558105,0.7575385021909725,0.020447643272567095,0.7370908589184054
179.67601675284095,0.7302817183810244,-0.050966401204622036,0.7812481195856464
179.69645089009282,0.7265833185066256,-0.1257618053114301,0.8523451238180557
179.71688522688783,0.7986854168946877,-0.1452959635566028,0.9439813804512905
179.73731946344196,1.0391531838197194,-0.007295574867217658,1.046448758686937
179.75775359976979,1.2360370681820787,0.08790957087190954,1.1481274973101692
179.77818793563347,1.4192725285966707,0.18206717079485424,1.2372053578018165
179.7986221714964,1.4249069641628938,0.12146822581464023,1.3034387383482535
179.8190564071192,1.3583418090948323,0.018660409205138784,1.3396813998896935
179.8394905425157,1.2896161329230802,-0.053300076619922754,1.342916209543003
179.8599248774408,1.2267478919834527,-0.08788439606892395,1.3146322880523766
179.8803591123724,1.169618058645936,-0.09086954943900816,1.260487608084944
179.90079324683757,1.118266053704716,-0.07105032731673622,1.1893163810214522
179.92122758107143,1.0726409264184245,-0.039008973596511565,1.111649900014936
179.94166181529727,1.0327427177386694,-0.005263372054262305,1.0380060897929317
179.96209594906395,1.0026374389105106,0.02541550707702056,0.97722193183349
179.98253018259857,0.9797137217266124,0.04459753725532967,0.9351161844712828
180.00296451589384,0.9634969146037682,0.049798837904906246,0.9136980766988619
180.02339864896203,0.9481103169677862,0.03706574758045611,0.9110445693873301
180.04383288156532,0.9355165476484012,0.01365586760538251,0.9218606800430187
180.0642672141621,0.9248010501698196,-0.013817249627560702,0.9386182997973803
180.0847013465318,0.9138222249135445,-0.039246604392535134,0.9530688293060796
180.1051355784366,0.9006301374070156,-0.057236716554589395,0.957866853961605
180.12556981033413,0.8863262060870963,-0.061691704010027104,0.9480179100971234
180.14600414177403,0.8752174859707541,-0.046682322681711685,0.9218998086524658
180.16643827297958,0.8730181205910773,-0.008658929214421796,0.8816770498054991
180.1868725041786,0.874143394247131,0.04111372589912243,0.8330296683480085
180.20730683492002,0.86368562088586,0.07944222486391983,0.7842433960219402
180.22774096542707,0.8372664572477051,0.09245781554507437,0.7448086417026307
180.24817519569478,0.8024331595978151,0.0786695076648074,0.7237636519330077
180.26860942573694,0.7668260406354765,0.03875604561805135,0.7280699950174252
180.28904365531344,0.7359124004585279,-0.025379109410707645,0.7612915098692355
180.30947788488265,0.7217638761942373,-0.1010464424775801,0.8228103186718174
180.32991211422632,0.756241945320167,-0.15147649726219636,0.9077184425823633
180.35034634309704,0.9353461185802997,-0.0720664832425909,1.0074126018228906
180.37078057197505,1.159664194121624,0.04886240034270095,1.110801793778923
180.3912148003874,1.3573516746054786,0.15141738395050286,1.2059342906549757
180.41164892856614,1.4330647259874194,0.15128504325782766,1.2817796827295918
180.4320832565063,1.381152470839313,0.05127510630670029,1.3298773645326127
180.45251748445298,1.3109359094356123,-0.034640342014461645,1.345576251450074
180.47295161193324,1.2456784023598542,-0.0829964753155008,1.328674877675355
180.49338593894208,1.1881040260504512,-0.09524479282021625,1.2833488188706674
180.51382016619027,1.1369052291664394,-0.08048629002456376,1.2173915191910032
180.5342542927392,1.0921830003009205,-0.04870906804894126,1.1408920683498618
180.55468851928163,1.0511908501490825,-0.013385693165587131,1.0645765433146697
180.57512284559925,1.0144901321639914,0.01639711858184123,0.9980930135821502
180.5955569714497,0.9835287547345202,0.03500747158707229,0.9485212831474479
180.6159911970608,0.956462545701491,0.037110115244938235,0.9193524304565528
180.63642552267993,0.9328493610542875,0.022739119225293036,0.9101102418289945
180.65685974783264,0.910941639519402,-0.005718732013433758,0.9166603715328357
180.67729387274449,0.894577885034676,-0.03757273552243934,0.9321506205571153
180.69772809743154,0.87838823899276,-0.07002441142336213,0.9484126504161221
180.71816242187924,0.8621552981332479,-0.09542112010476012,0.957576418238008
180.73859654609987,0.8443677999960519,-0.10924898329743726,0.9536167832934892
180.7590307698556,0.8269889437219147,-0.10657218426061466,0.9335611279825293
180.7794650936121,0.8177710368736212,-0.08037472024384307,0.8981457571174642
180.79989921689412,0.8188415251180501,-0.032964081190563266,0.8518056063086134
180.82033344018419,0.8194951820985912,0.017505472921890197,0.801989709176701
180.8407676630086,0.8078512453557933,0.049929172625923,0.7579220727298703
180.8612018855929,0.7852988633863527,0.05628936926140504,0.7290094941249476
180.88163610795164,0.7586069030411577,0.03543631542480419,0.7231705876163536
180.90207033007755,0.7341900745700051,-0.01118004868994038,0.7453701232599454
180.92250465196412,0.7187554228472999,-0.07785659441093729,0.7966120172582372
180.9429387736236,0.7357536279058361,-0.13781230923463839,0.8735659371404745
180.96337299505103,0.8510249046353998,-0.11788066110573447,0.9689055657411343
180.98380711623759,1.1097735808392284,0.0374735701203861,1.0723000107188423
181.00424143696728,1.3055441787029143,0.13362875047429434,1.17191542822862
181.0246756576962,1.4638482953575906,0.20768094440325524,1.2561673509543354
181.04510977795144,1.4532573483006817,0.13780026893093122,1.3154570793697504
181.06554409798264,1.3935572889486116,0.049964305778124496,1.3435929831704871
181.08597831778025,1.3332415472801595,-0.005429559999481581,1.3386711072796411
181.10641253733775,1.2798432107356126,-0.0234340181350432,1.3032772288706558
181.12684665666893,1.2312356076689204,-0.01273943071500705,1.2439750383839274
181.1472809757688,1.1863789460901388,0.016206857995560098,1.1701720880945787
181.16771519462782,1.1449361870443215,0.052375014903765615,1.092561172140556
181.1881493132605,1.108992637506624,0.08760421066140278,1.0213884268452211
181.2085835314283,1.0778355786301486,0.11298922837745862,0.9648463502526899
181.22901784958958,1.0503198713204984,0.122464087830915,0.9278557834895834
181.24945196729095,1.0262672540048847,0.11483543614725644,0.9114318178576283
181.26988618476025,1.0065673515218962,0.09383286402822721,0.912734487493669
181.29032050222304,0.9907503983040687,0.06496194499654495,0.9257884533075238
181.31075461922592,0.9773970041013003,0.03466146133958836,0.9427355427617119
181.33118883599673,0.9634185886825345,0.008015994051390085,0.9554025946311444
181.3516230522946,0.9478525088878742,-0.009053729550305922,0.9569062384381801
181.3720573686005,0.9323577929373366,-0.010659093086767601,0.9430168860241042
181.39249148467206,0.9218156289838881,0.008773331263359885,0.9130422977205283
181.41292570027144,0.9222097602599134,0.05213697364562442,0.870072786614289
181.43336001587886,0.9291743152779307,0.10862986416469533,0.8205444511132354
181.4537941310191,0.8526605209951681,0.07947189623155837,0.7731886247636097
181.47422834591998,0.9080084177278895,0.17046786742438202,0.7375405503035075
181.49466246059455,0.8840119172888535,0.1617449015977842,0.7222670156910693
181.51509677503782,0.8578279889206634,0.12423821105448918,0.7335897778661742
183.72198970672616,1.0974785013558244,0.18028739852589926,0.9171911028299251
183.74242389276333,1.0635905274312438,0.15343066209069234,0.9101598653405515
183.76285807856766,1.0341907475613137,0.11598332658992438,0.9182074209713893
183.78329226389906,1.0085390218152397,0.07429949741143971,0.9342395244038
183.80372644923773,0.9856007412410474,0.035564455466313816,0.9500362857747335
183.82416063411074,0.9617582179710701,0.0038840631296259698,0.9578741548414441
183.84459481874364,0.9360113845762216,-0.01603331215612447,0.952044696732346
183.865029003151,0.9128209501862649,-0.017183762786997847,0.9300047129732627
183.8854631873255,0.8975348611493099,0.004579170850284586,0.8929556902990253
183.90589727125916,0.8914754639739348,0.04572681872484652,0.8457486452490883
183.92633155496878,0.883524495686172,0.08740031953573602,0.796124176150436
183.94676573821198,0.864293236542828,0.11087491901220248,0.7534183175306255
183.96719982144714,0.8348488029916273,0.1079047242092448,0.7269440787823825
183.98763410422544,0.8021112107373738,0.07778010860580176,0.724331102131572
184.00806828677014,0.7727364898879684,0.022632478465898,0.7501040114220704
184.02850236907398,0.7555355023355036,-0.04920835989396932,0.8047438622294729
184.04893665115378,0.7786227042299856,-0.10578033480721916,0.8844030390372047
184.06937083276716,0.9195290751156373,-0.0617931465274113,0.9813222216430486
184.08980501437327,1.1632549640655263,0.07835449508195658,1.0849004689835697
184.11023909552023,1.3525107738094344,0.169274222046641,1.1832365517627934
184.13067337643588,1.4852126363675937,0.22031088573547364,1.26490175063212
184.1511075573435,1.4548872120023073,0.13424342172149317,1.3206437902808141
184.17154163755913,1.3859090782122265,0.04115000083766973,1.3447590773745568
184.1919759177763,1.3194786633012892,-0.01641657531955487,1.335895238620844
184.21241009775258,1.2592372023931164,-0.037926381877010806,1.2971635842701272
184.23284417726973,1.2065657635758282,-0.028980204128012943,1.2355459677038412
184.25327835678763,1.1568494382572225,-0.003846873638905679,1.1606963118961282
184.27371263583336,1.1108027097441877,0.027457837529018647,1.083344872215169
184.29414671465202,1.07006288660247,0.056493453262447924,1.013569433340022
184.3145808932386,1.0323731266275404,0.07315457697829009,0.9592185496492504
184.33501517158584,0.9985069187138091,0.07374895646262603,0.9247579622511831
184.355449249706,0.9688988218210679,0.05818231150695519,0.9107165103141127
184.37588342736126,0.9434693967406378,0.029647886547129576,0.9138215101935082
184.39631770501,0.9208587577603313,-0.006933881045425805,0.9277926388057571
184.4167518821996,0.9024169531388028,-0.0422291368451585,0.9446460899839613
184.4371859591556,0.8839146374301169,-0.0723673746101734,0.9562820120402903
184.45762013587228,0.8646612795950099,-0.09141387397564715,0.9560751535706571
184.47805441236414,0.8447751552343707,-0.09541584567346706,0.9401910009078378
184.49848848838883,0.8296029624717377,-0.07879559080793963,0.9083985532796773
184.518922664407,0.825143338982405,-0.03908888181168768,0.8642322207940927
184.53935693996755,0.8220666804091101,0.007592310483299336,0.8144743699258108
184.55979101529374,0.8102072351543012,0.042167095657530296,0.7680401394967709
184.5802251903806,0.7876444280535208,0.05319547568968119,0.7344489523638396
184.60065936524188,0.7601140336946708,0.03796519402045717,0.7221488396742136
184.62109353987034,0.7325009916714965,-0.0044703899262917846,0.7369713815977883
184.6415277142587,0.7127854979141537,-0.0682024026058109,0.7809879005199646
184.66196188818867,0.7173850456932767,-0.13458000961784577,0.8519650553111224
184.68239616188657,0.7951237305704929,-0.1483969994088038,0.9435207299792967
184.70283023557568,1.0246385788057424,-0.021321466335715744,1.0459600451414581
184.72326440880715,1.1971530222645286,0.04948266844303717,1.1476703538214914
184.74369868180656,1.382144337433259,0.14530972935143427,1.2368346080818247
184.7641327543315,1.398243610418086,0.09504584752332845,1.3031977628947575
184.7845669268645,1.3382288161274818,-0.0013671775753036908,1.3395959937027855
184.80500099893106,1.272994173438771,-0.06999568095260789,1.342989854391379
184.82543527075904,1.214661706462868,-0.10018470376386057,1.3148464102267285
184.84586944259354,1.16325486253881,-0.09755009714738128,1.2608049596861912
184.86630361396237,1.1164959814924023,-0.07319101540941264,1.189686996901815
184.88673778485827,1.0753271888109779,-0.03669360136333255,1.1120207901743104
184.90717195576144,1.042943252298404,0.004615555824193374,1.0383276964742105
184.92760612643178,1.0158766006878124,0.03841949079962814,0.9774571098881842
184.94804019662843,0.9933084051158699,0.05806205057400449,0.9352463545418654
184.96847446660104,0.9744610297425872,0.06073697523335586,0.9137240545092313
184.9889085363393,0.9580438510947846,0.047057402385977554,0.9109864487088071
185.0093427058382,0.9439144110428636,0.0221612531760893,0.9217531578667743
185.02977697511233,0.9324158744000308,-0.006087898003087844,0.9385037724031187
185.05021114392002,0.921955465597268,-0.03103379264283157,0.9529892582400996
185.09107938106172,0.8893529604994728,-0.058740247227271336,0.9480932077267441
185.11151354917092,0.8778169542385597,-0.04424446004742366,0.9220614142859833
185.13194771704002,0.8741827396624732,-0.007722088183537923,0.8819048278460111
185.15238188468356,0.8731311150671146,0.039843444579494625,0.83328767048762
185.17281605209428,0.8626177214436748,0.07813232725189934,0.7844853941917754
185.19325021903205,0.836943902068102,0.09195855400284736,0.7449853480652546
185.2136843859771,0.8041214534423318,0.08028881733274407,0.7238326361095877
185.2341185524565,0.769848993376336,0.04184645725720626,0.7280025361191298
185.25455271869578,0.7408264390402078,-0.02025196359863146,0.7610784026388393
185.2749868847095,0.728476051972875,-0.09398826530955162,0.8224643172824266
185.2954209502568,0.7657842710568057,-0.14148838292074484,0.9072726539775505
185.31585521579836,0.9427527848411891,-0.06416495263197419,1.0069177374731633
185.33628938088077,1.1417348521865525,0.03141875632426849,1.110316095862284
185.35672344596242,1.329748256785058,0.12423214630256685,1.2055161104824912
185.37715771057265,1.411031394731375,0.12955129408279875,1.2814801006485763
185.39759187495656,1.3656860175249892,0.03595717213004335,1.3297288453949458
185.41802603910764,1.2994531575421497,-0.046138110717694136,1.3455912682598439
185.43846010278503,1.2391055404004196,-0.08973719402403524,1.3288427344244549
185.4588943664712,1.185406443883778,-0.09823165716845472,1.2836381010522326
185.47932852969097,1.1356994618596008,-0.0820560569443467,1.2177555188039475
185.49976259267714,1.0913715035890303,-0.04990506668721384,1.1412765702762442
185.52019685542473,1.0511213147601959,-0.01380700484767905,1.064928319607875
185.540631017946,1.0190841034424398,0.02071443526511685,0.998369668177323
185.5610650802264,0.9930811545298712,0.04438544339869466,0.9486957111311766
185.58149924204918,0.9727756541454269,0.05335772477697931,0.9194179293684476
185.60193350363988,0.956490578380446,0.046410239542969745,0.9100803388374763
185.62236756522907,0.9424205712544312,0.025855117495228952,0.9165654537592023
185.64280172634608,0.9303947892893856,-0.0016371776488856016,0.9320319669382712
185.66323598700546,0.9199182032212951,-0.028395924210547596,0.9483141274318427
185.68367004765605,0.9087905512719758,-0.0487454593775426,0.9575360106495184
185.70410420808184,0.8958812971313684,-0.057778347296728705,0.9536596444280971
185.72453836804198,0.8835044108274525,-0.050189771652876414,0.9336941824803289
185.74497262776276,0.8760682055244057,-0.02228783062896933,0.898356036153375
185.76540668725647,0.8739369374852017,0.021874950642903457,0.8520619868422983
185.7858408465181,0.8682751308299271,0.06602717100609856,0.8022479598238286
185.8062751055404,0.8483205169168938,0.0901883657737993,0.7581321511430945
185.8267091641028,0.8177511606851778,0.08862619669319016,0.7291249639919877
185.84714332266594,0.7835323178356621,0.0603764388576159,0.7231558789780462
185.86757738076267,0.7514984052405794,0.006290652827433796,0.7452077524131456
185.8880116386208,0.7314427622990278,-0.06486381467438895,0.7963065769734168
185.90844579625264,0.742584369350017,-0.13056014094159774,0.8731445102916148
185.92887995364435,0.8535799900160971,-0.11483312909509824,0.9684131191111953
185.9493141105777,1.0881909128019727,0.016396446233394757,1.071794466568578
185.96974826751102,1.2580125818069006,0.08655584237150138,1.1714567394353992
185.9901824239787,1.4079732060215193,0.15216191616561914,1.2558112898559002
186.0106164802055,1.3925487003907915,0.07730386823857871,1.3152448321522128
186.03105073620827,1.3271369538760753,-0.016408548408624046,1.3435455022846994
186.05148489173735,1.2636250942104463,-0.0751611003444499,1.3387861945548962
186.07191894727293,1.2072486604507364,-0.09628190940523562,1.303530569855972
186.09235320234438,1.1555527251065794,-0.08877054372681203,1.2443232688333914
186.11278735741507,1.1106097761009974,-0.059952949338667905,1.1705627254396653
186.13322141201206,1.0685699592636735,-0.024368854228117298,1.0929388134917908
186.15365556638426,1.033453508492032,0.01174975674919132,1.0217037517428407
186.17408982028428,1.0055803725577306,0.040515015952126476,0.9650653566056041
186.19452397419082,0.9828619618502958,0.05489776536406299,0.9279641964862329
186.21495802763093,0.9663763283888127,0.05494069473256702,0.9114356336562457
186.23539228083973,0.9518357563707257,0.03917689340823971,0.912658862962486
186.25582643380767,0.9404580837565517,0.01478609079083204,0.9256719929657197
186.2762604865493,0.9300059709644047,-0.012616948185827703,0.9426229191502324
186.29669463905884,0.9203678911434554,-0.034967896806049836,0.9553357879495052
186.31712889132905,0.9088414325573683,-0.048075044331480465,0.9569164768888487
186.33756294313935,0.8944113549324538,-0.04870736662730668,0.9431187215597605
186.35799709471758,0.8815518214838348,-0.031678046101983104,0.9132298675858179
186.37843134605646,0.8748451386451879,0.004524367792882122,0.8703207708523057
186.39886539716827,0.8704373185374006,0.04962457932129061,0.82081273921611
186.41929954804073,0.8545022500590205,0.08107538014480453,0.7734268699142159
186.4397336984548,0.8279024346034448,0.09020331720219887,0.7376991174012459
186.46016784863605,0.7939611303061201,0.07165655166910845,0.7223045786370117
186.4806019988173,0.7610903452592533,0.027609131939976272,0.7334812133192771
186.5010361485256,0.7348323034321744,-0.038989860918420605,0.773822164350595
186.52147039777628,0.7297139580340379,-0.11193372473301255,0.8416476827670505
186.54190444701817,0.7899087264702791,-0.14115936998568857,0.9310680964559677
186.56233859580243,1.0057003435523753,-0.027044045278389772,1.032744388830765
186.58277264458593,1.1822288331724224,0.04701416579327855,1.135214667379144
186.6032068929053,1.3751407167061371,0.14855124224388216,1.226589474462255
186.62364104098378,1.4118692102148946,0.11554655555601401,1.2963226546588806
186.64407508883596,1.3541849205096252,0.017397468843816766,1.3367874516658085
186.66450933621672,1.2869120435178774,-0.05747305184564433,1.3443850953635217
186.684943483604,1.226568207137735,-0.093445505035336,1.320013712173071
186.70537763052562,1.1741776752683852,-0.094647288669089,1.2688249639374742
186.72581167721364,1.1268878873188426,-0.07242244676282206,1.1993103340816647
186.74624592366308,1.0838080941920374,-0.0380648967364825,1.1218729909285199
186.76668006965338,1.0462853332053823,-0.0008471979470052737,1.0471325311523876
186.7871141156429,1.016503595541126,0.032269268360423764,0.9842343271807021
186.80754836116103,0.9920351730254219,0.05258043572460169,0.9394547373008202
186.82798250645283,0.9727540088746834,0.05742486050940798,0.9153291483652755
186.84841655174387,0.9570763327987027,0.04664062659832757,0.9104357062003752
186.8688506963299,0.9441522691439661,0.02428161184285249,0.9198706573011136
186.88928494092397,0.9331706024426324,-0.00314928689242866,0.936319889335061
186.90971898505086,0.9229213865448426,-0.02861497813847136,0.9515363646833139
186.93015312917123,0.9118638955167854,-0.04610179985908602,0.9579656953758714
186.95058737283398,0.899446886801543,-0.05078557889561841,0.9502324656971615
186.97102141626237,0.8854983339709314,-0.040732537575791095,0.9262308715467225
186.99145555945142,0.8767940341184691,-0.01083057141727839,0.8876246055357475
187.0118897021821,0.8727752265675144,0.033106621329342945,0.8396686052381714
187.0323239446734,0.8612181007626294,0.07084259465274956,0.7903755061098798
187.05275798717048,0.8378626978428876,0.08869441919361276,0.7491682786492748
187.07319212920265,0.8050669917682163,0.07982591152386298,0.7252410802443533
187.09362637100276,0.769854750538763,0.04394008029111518,0.7259146702476478
187.1140604123284,0.7406804995922054,-0.014579316990870117,0.7552598165830755
187.13449455366208,0.7241247471417236,-0.08910823555504377,0.8132329826967674
187.1549286945301,0.7502086192091435,-0.14526514847944405,0.8954737676885876
187.175362835158,0.9015746630753376,-0.09223516151438027,0.9938098245897179
187.19579697556037,1.1210355510229888,0.023643088260416167,1.0973924627625726
187.2162311157299,1.3083024721400698,0.11402027058177033,1.1942822015582994
187.2366652554265,1.4189549537677004,0.14572782860807898,1.2732271251596214
187.25709939513035,1.3797892013080968,0.054445135633805375,1.3253440656742914
187.27753353436856,1.3121468827019318,-0.0332813331284032,1.345428215830335
187.2979675733659,1.2487234920176693,-0.08395494417438143,1.3326784361920507
187.3184018121392,1.192124361810604,-0.0985970806732781,1.2907214424838822
187.3388359506789,1.144255858436766,-0.08268243963265332,1.2269382980694192
187.35926998874493,1.1002439276189815,-0.05096136496348547,1.151205292582467
187.3797042265869,1.0643212374946556,-0.009942954535228754,1.0742641920298843
187.4001383641953,1.0340495574197759,0.028049414650011206,1.0060001427697647
187.42057240156282,1.009379235755571,0.055476744085113605,0.9539024916704575
187.44100653870555,0.9886689276784759,0.06669505754882188,0.921973870129654
187.4614407756162,0.9704618815152638,0.06020184937505502,0.9102600321402088
187.4818748120524,0.9535905314284296,0.03852168826736957,0.9150688431610601
187.50230894826382,0.9407104518300233,0.010875384153816059,0.9298350676762073
187.52274318424315,0.9291649219997942,-0.017308630722838614,0.9464735527226328
187.54317731998162,0.9182299852042707,-0.038751467141628804,0.9569814523458995
187.56361135549378,0.9055219780379238,-0.04948856516590938,0.9550105432038332
187.58404549054103,0.8911065758351018,-0.04602633596954053,0.9371329118046423
187.60447972534894,0.8789452018481888,-0.02463434483915672,0.9035795466873455
187.62491375992977,0.8738559779340951,0.015534868914947486,0.8583211090191476
187.64534789427853,0.8657141999231822,0.05724599913317918,0.808468200790003
187.66578212838795,0.8464912835789711,0.08339555781347929,0.7630957257654918
187.68621616203745,0.816697878044965,0.08501440602042876,0.7316834720245362
187.70665029568772,0.7819542210608061,0.059516953514862525,0.7224372675459436
187.72708442886506,0.748829036318594,0.008046596087620705,0.7407824402309733
187.74751856181683,0.7259956779891596,-0.06228705281147229,0.7882827308006319
187.76795269430295,0.7331487461414605,-0.12902927943111342,0.862178025572574
187.7883868267818,0.8183428588550644,-0.13728317987447103,0.9556260387295354
187.808821058803,1.0552475832358488,-0.0033698258169083672,1.0586174090527571
187.82925509058987,1.2297871455094256,0.07037055589317887,1.1594165896162467
187.84968922213739,1.4072296720896098,0.16092355598481078,1.246306116104799
187.8701232534586,1.4057238804704693,0.09639082375986452,1.3093330567106047
187.89055748454848,1.3387500219427089,-0.0030411306718807207,1.3417911526145896
187.91099161516468,1.2708757311788141,-0.07030637475682222,1.3411821059356364
187.93142564555455,1.2118396389498887,-0.09767293423284795,1.3095125731827366
187.95185987571313,1.1592479107406768,-0.09362431832618245,1.2528722290668592
187.97229400563083,1.1132498252428604,-0.06712699855813842,1.1803768238009988
187.99272813532298,1.0737053511864028,-0.028941529856666426,1.1026468810430692
188.0131621645487,1.0414813768145892,0.01139549105575588,1.0300858857588333
188.03359639376868,1.0157559137729526,0.04451710385586938,0.9712388099170832
188.07446455105674,0.9657549565673077,0.05330833745884378,0.9124466191084639
188.09489877911255,0.9501508647456823,0.03846264463892446,0.9116882201067579
188.1153329071749,0.9365975789111083,0.0129841615855264,0.9236134173255819
188.1357669347708,0.9255091675037783,-0.01501837178388743,0.9405275392876657
188.15620106212737,0.9141676500065302,-0.0400371775159708,0.954204827522501
188.17663528925914,0.9024200832682018,-0.05508464058099094,0.9575047238491927
188.19706931615656,0.888824657290099,-0.0569584325338911,0.9457830898239901
188.2175034425818,0.876513273687938,-0.04133650229985053,0.9178497759877885
188.23793766878225,0.8721349332183991,-0.0041694872756921075,0.8763044204940912
188.25837179498194,0.8710533899901696,0.04386469329988629,0.8271886966902833
188.27880582070793,0.859702563127757,0.08069527197631055,0.7790072911514464
188.2992399459763,0.8351796313025783,0.09389608868694199,0.7412835426156363
188.31967417124542,0.8003708298080037,0.07747641439333175,0.7228944154146719
188.3401081960401,0.7658670590091046,0.03540217850779892,0.7304648805013056
188.36054232060997,0.7378414774805029,-0.0292584641216459,0.7670999416021488
188.38097654494777,0.7267891136021982,-0.10488547907724344,0.8316745926794417
188.40141056904395,0.7708027589969626,-0.1480033556072936,0.9188061146042562
188.4218446926825,0.9654855053877328,-0.05404529038798611,1.019530795775719
188.44227881632105,1.1668839221858167,0.04431576895184697,1.1225681532339697
188.46271293948666,1.3716750250312995,0.15569266279102512,1.2159823622402743
188.48314706242672,1.429129637577242,0.14016624739053873,1.2889633901867033
188.50358118513395,1.3716323961849133,0.03819261933283746,1.3334397768520758
188.52401530736824,1.2995582323532555,-0.04570136293564109,1.3452595952888966
188.5444494296098,1.2376943436693537,-0.08705370236841237,1.324748046037766
188.56488355138572,1.1819305193948515,-0.09462318285819027,1.2765537022530418
188.58531757292803,1.1326160761248985,-0.07619784970883381,1.2088139258337323
188.60575179399893,1.086789074927529,-0.044990871308653535,1.1317799462361826
188.62618591507635,1.0480221047267988,-0.00811879347311506,1.0561408981999139
188.64661993568006,1.0170377575778868,0.025722113738885888,0.991315643839001
188.66705415605975,0.9908259081789653,0.04681935329910647,0.9440065548798589
188.68748827620584,0.9709389627082063,0.05368746404583413,0.9172514986623722
188.70792229611834,0.9542767225853594,0.04415726049138646,0.910119462093973
188.7283564157915,0.9409011240576962,0.022800043316752117,0.9181010807409441
188.74879053500626,0.9301260663147152,-0.003986825638959912,0.9341128919536751
188.76922465398093,0.9184545784328808,-0.031482250695031966,0.9499368291279128
188.78965877273004,0.9066180432222034,-0.05122399497471264,0.957842038196916
188.8100928912463,0.8935853366223491,-0.05851965478488197,0.952104991407231
188.83052700929693,0.8807473038127241,-0.0494150042533501,0.9301623080660743
188.85096112734027,0.8726072613026552,-0.020586537571144925,0.8931937988738001
188.87139514492446,0.8716904948589855,0.02565930154997642,0.8460311933090091
188.89182936227007,0.8643985537760095,0.06799686354558876,0.7964016902304207
188.91226347938937,0.8433036784527069,0.08966734779700813,0.7536363306556988
188.93269749604224,0.8110774339317157,0.08402479443180577,0.72705263949991
188.9531317124638,0.7761610882784605,0.05186732989349763,0.7242937583849629
188.9735658286445,0.74419508816888,-0.00570965822260916,0.7499047463914892
188.99399994459964,0.7241726039057449,-0.08021848826036992,0.8043910921661148
189.01443396032118,0.7390039957540104,-0.14492358625318846,0.8839275820071989
189.03486817580415,0.8608071745802656,-0.11996969098716459,0.9807768655674302
189.05530229082797,1.104484594710066,0.020136067790213374,1.0843485269198527
189.0757363056182,1.294468469634273,0.11172405497708637,1.1827444146571866
189.09617052016984,1.4310149577459292,0.16648657291231417,1.264528384833615
189.11660463449516,1.3970600889237326,0.07662828109061248,1.32043180783312
189.13703864835406,1.3252436834162467,-0.01948472416397795,1.3447284075802246
189.15747276197362,1.2586795638471695,-0.0773609853352335,1.336040549182403
189.1779069753684,1.2012689037842275,-0.09618625416931437,1.2974551579535418
189.1983409885288,1.1500711650676756,-0.08586443530421772,1.2359356003718933
189.21877510144986,1.104555293843687,-0.056569654347128795,1.1611249481908157
189.2392093139133,1.0637729812799122,-0.019979423449649758,1.083752404729562
189.2596433261424,1.0300477325632245,0.016143395203359612,1.0139043373598648
189.28007743813214,1.0024143161738148,0.0429684576312972,0.9594458585425176
189.30051154989633,0.9818482348709284,0.056983845183290915,0.9248643896876375
189.32094576142845,0.9641532205034966,0.05344204201809721,0.9107111784853994
189.3413797724861,0.9490926299435082,0.03535860873629437,0.9137340212072138
189.36181388331897,0.9375272202620436,0.00986100527132383,0.9276662149907198
189.3822480939125,0.9268128560804166,-0.017716736697195534,0.9445295927776122
189.40268210427894,0.915735887782908,-0.040484150567045574,0.9562200383499536
189.4231162144133,0.904564912209267,-0.05153483660343117,0.9560997488126982
189.44355022408126,0.8897408573380401,-0.05057460772978073,0.9403154650678208
189.46398443351063,0.8793544408336498,-0.029259094117727424,0.9086135349513772
189.48441854271368,0.870948121821087,0.006440033800291678,0.8645080880207954
189.5048526516839,0.8660206048871226,0.05125535423994032,0.8147652506471823
189.5252867601812,0.8501546957864516,0.08186376712284682,0.7682909286636048
189.54572086868575,0.8221983625775915,0.08759215284656363,0.7346062097310279
189.56615497672465,0.7870434710471248,0.06487411379550956,0.7221693572516152
189.58658898428985,0.7531597604645721,0.016329472879725526,0.7368302875848466
189.60702319186385,0.7261931142828829,-0.054491209264647344,0.7806843235475303
189.62745729919698,0.7232659511967982,-0.12825658890563918,0.8515225401024373
189.64789130607096,0.7896601426245985,-0.15332389212841557,0.9429840347530141
189.66832541271287,1.0240693227488025,-0.021322568667285546,1.045391891416088
189.68875961912272,1.2171839844422976,0.07004541133948505,1.1471385731028125
189.7091936250581,1.41891134185138,0.18250940766228108,1.2364019341890988
189.72962773100153,1.4295847302794893,0.1266686826168748,1.3029160476626145
189.75006193647278,1.358381661967613,0.0188871889765736,1.3394944729910394
189.7704960417177,1.2863373421648208,-0.05673509069868121,1.343072432863502
189.79093004649621,1.2233026827240538,-0.09178951166101634,1.3150921943850702
189.81136415127548,1.1689545316803727,-0.0922164576917559,1.2611709893721286
189.83179835558258,1.1208957454121768,-0.06922001028772429,1.1901157556999011
189.8522323596626,1.0770774733695214,-0.035373541785813645,1.112451015155335
189.87266646351054,1.0398144420781834,0.0011122698684165044,1.038702172209767
189.89310066711914,1.0096109147779804,0.031878078514249064,0.9777328362637313
189.91353467026784,0.9865372281950606,0.05113582317034493,0.9354014050247157
189.93396877318446,0.967166836770323,0.05340742497760298,0.91375941179272
189.95440277586022,0.9523503937656481,0.04142558991233136,0.9109248038533168
189.97483697831194,0.9391267318905674,0.017492446328037592,0.9216342855625298
189.99527108053007,0.9283990550728266,-0.009977089081623314,0.9383761441544499
190.01570518227527,0.9179851918135893,-0.034915874208445996,0.9529010660220353
190.0361392837949,0.9060583128799933,-0.05178679279908527,0.9578451056790785
190.05657338508172,0.8917738831083182,-0.05640773501364038,0.9481816181219586
190.07700748612842,0.8780661206476125,-0.044181969178886726,0.9222480898264992
190.09744148671598,0.8698085800332288,-0.01235866941756314,0.882167249450792
190.11787568730506,0.8662424456934803,0.032658546696684776,0.8335838989967955
190.13830978742044,0.8548913847730862,0.07012911432202851,0.7847622704510577
190.15874378707667,0.8304672460436597,0.08528035430579073,0.745186891737869
190.17917798673443,0.7972450531223068,0.07333554102334805,0.7239095120989587
190.1996120859185,0.7621215757229184,0.034199672759013366,0.727921902963905
190.22004608510906,0.7319051460616829,-0.02892434192573312,0.760829487987416
190.24048018383473,0.7160604663023833,-0.10600149593727859,0.8220619622396619
190.26091438208823,0.7452423681112242,-0.161514151235008,0.9067565193462322
190.28134848034824,0.9125468494797386,-0.09379709639067779,1.0063439458704164
190.30178247814183,1.14972525111272,0.039972944234610175,1.1097523068781099
190.32221667569684,1.3612570035648166,0.15622544863834764,1.205031554926469
190.34265077302553,1.4453154658971517,0.16418438672396518,1.2811310791731865
190.36308477012062,1.389332695615502,0.05977828763118698,1.3295544079843151
190.38351886674354,1.3145677670263813,-0.031038189189184662,1.345605956215566
190.40395306314167,1.2484419525458457,-0.08059216305051575,1.3290341155963614
190.42438705930545,1.1916001082990901,-0.09237066547479911,1.2839707737738892
190.44482115522987,1.1412786549763507,-0.07689680834899337,1.218175463325344
190.46525535069668,1.0967339668479041,-0.044986625641191935,1.141720592489096
190.48568934616196,1.0603881606955001,-0.004948815459582034,1.0653369761550822
190.50612344115507,1.030697553963837,0.032005173648348095,0.9986923803154889
190.52655753592262,1.0068596380181414,0.05795840132029939,0.948901236697842
190.5469916302245,0.9868185591632705,0.0673200110331924,0.9194985481300781
190.56742572451913,0.9688275912450633,0.05877629721532951,0.9100512940297338
190.58785981835535,0.9533132286756589,0.03685177778628679,0.9164614508893721
190.60829401195952,0.9406555923227237,0.008755433620769915,0.9319001587019538
190.62872800508922,0.9288353289303652,-0.019369174770267894,0.9482045037006331
190.64916209822695,0.9177083893313819,-0.0397841198051897,0.9574925091365716
190.66959609089827,0.9042461587246007,-0.04946483527592782,0.9537109940005285
190.690030283331,0.8878542040042773,-0.045994046172468495,0.9338482501767458
190.7104643755374,0.875415646215535,-0.023182576561116552,0.8985982227766516
190.730898467511,0.8714851190761422,0.019128932887051642,0.8523561861890906
190.75133255901164,0.8650466006786385,0.06250297653073245,0.802543624147906
190.77176665028674,0.8451243482626478,0.086752099112817,0.7583722491498308
190.792200741329,0.8140447531833943,0.08478935644557029,0.729255396737824
190.81263473213767,0.7785971197115424,0.055460929551451654,0.7231361901600908
190.83306892247492,0.7441438284649606,-0.0008745283304119056,0.7450183567953725
190.85350301258586,0.7204618108287256,-0.07549054768188246,0.7959523585106081
190.87393700245593,0.726571223806452,-0.14608465790738778,0.8726558817138398
190.89437119210197,0.8223924165130744,-0.145450646303244,0.9678430628163184
190.91480528151442,1.081518225052167,0.010309568891982535,1.0712086561601846
190.93523927046044,1.2850770590827356,0.11415213301629445,1.1709249260664412
190.95567335916712,1.4547004058502895,0.19930266919548734,1.2553977366548021
190.976107547649,1.4269694246851583,0.11197186397896752,1.3149975607061908
190.99654153588926,1.349803669492499,0.006315709640798861,1.3434879598517002
191.0169756236719,1.2780778361508183,-0.06083866891415446,1.3389165050649727
191.0578437985314,1.1635256945209527,-0.0811986561170408,1.2447243506379935
191.07827788561553,1.1146852655037984,-0.05632816392814055,1.171013429431939
191.098711972234,1.0717943848198148,-0.02158057949913683,1.0933749643189516
191.11914615884598,1.0384608055909763,0.016391348596027866,1.0220694569949484
191.13958014499804,1.0127105831108774,0.04738854406760906,0.9653220390432683
191.1600142306852,0.9913172734116601,0.06322328353662177,0.9280939898750383
191.18044841636583,0.9725064541429881,0.06106114532000828,0.9114453088229798
191.20088240158657,0.9558830021864267,0.04330589438621335,0.9125771078002134
191.22131648657523,0.9410929709299537,0.015550055261130624,0.9255429156688231
191.2417505713238,0.9272765762357733,-0.015221082780462969,0.9424976590162363
191.2621846558468,0.9158168401384199,-0.039445466643435956,0.9552623067818559
191.28261873990414,0.9015067097144176,-0.05542389315360208,0.9569306028680197
191.3030528239542,0.8857270704825301,-0.05750983001695098,0.9432369004994811
191.32348690731305,0.8744480728852174,-0.03899764335639644,0.9134457162416139
191.3439209906719,0.8701273372526611,-0.00047833728122337327,0.8706056745338845
191.36435507379065,0.868108812966839,0.04698934417858358,0.8211194687882554
191.38478905645024,0.8558643927233164,0.08216538936550632,0.7736990033578101
191.40522323887853,0.8286246900454397,0.09074562864557911,0.7378790613998606
191.42565732106596,0.7926187401191862,0.0702735469457636,0.7223451931734226
191.44609130279423,0.7575495274617732,0.0241959701002058,0.7333535573615674
191.4665254842912,0.7281396287423577,-0.04538238716076437,0.7735220159031221
191.48695956578013,0.7171677091791306,-0.1240285697604977,0.8411962789396283
191.50739354657708,0.7651808310448827,-0.16533046311375799,0.9305112941586406
191.5278276273748,0.9798011808154612,-0.05234404734060227,1.0321452281560635
191.54826180770033,1.2036040985470775,0.06895880578427738,1.1346452927628001
191.56869588803238,1.425039855999075,0.1989229111274038,1.226116944871671
191.58912986766518,1.4512424088147082,0.15523967311899156,1.2960027356957167
191.60956404729222,1.375919285499294,0.03926423968815862,1.3366550458111355
191.62999812646012,1.2987581427638106,-0.04568950508337255,1.3444476478471832
191.65043210562726,1.2332386893869347,-0.08701378346014987,1.3202524728470846
191.6708661843295,1.1748638468084596,-0.09433350040826616,1.2691973472167257
191.69130036255956,1.1248428615177797,-0.07491399829042034,1.1997568598082
191.71173434079537,1.0802457713628,-0.042084151881390364,1.1223299232441903
191.732168418559,1.0435498172598578,-0.0039882167940088475,1.0475380340538667
191.75260259609786,1.0140122830819962,0.029471764642276632,0.9845405184397196
191.77303657340235,0.9908518647295266,0.05121566377004916,0.9396362009594774
191.79347065024194,0.9709579755932578,0.055574832301447885,0.9153831432918099
191.81390472684143,0.9524322769913666,0.04204877221034187,0.9103835047810247
191.83433890344895,0.9367329289369497,0.01698070474254998,0.9197522241943997
191.85477287934918,0.923144039375126,-0.013041343850613285,0.9361853832257393
191.87520695525745,0.9109369429924662,-0.04050022649647633,0.9514371694889425
191.91607510590984,0.8791170376817088,-0.07119565777066983,0.9503126954523786
191.9365091808795,0.8656530582608131,-0.0607624246809777,0.9264154829417908
191.95694315562287,0.8604872902003919,-0.027405506388137102,0.887892796588529
191.9773773298948,0.8627098199893386,0.022731363465443133,0.8399784565238955
191.99781140394043,0.858394743200481,0.06772233632271063,0.7906724068777704
192.01824547775323,0.8378634152529623,0.08847088273300785,0.7493925325199544
192.0386795513332,0.8056877516183949,0.08034787716527747,0.7253398744531174
192.05911362444022,0.7676991408327446,0.0418484548496213,0.7258506859831233
192.0795476973217,0.7341893561265891,-0.020829558793862057,0.7550189149204511
192.09998166996957,0.713644606105635,-0.09918231249496834,0.8128269186006033
192.12041584237886,0.7301623880685522,-0.16477865791657564,0.8949410459851278
192.140849914329,0.8636888640479351,-0.1295196194632674,0.9932084835112025
192.1612838862784,1.1307109879276516,0.033918515576856434,1.0967924723507951
192.18171805752354,1.3523227399823747,0.15856618857981908,1.1937565514025557
192.2021521287752,1.4656396746229896,0.19280174816641082,1.2728379264565788
192.22258609979326,1.4086736647225944,0.08353875701416702,1.3251349077084273
192.24302017033915,1.3289355733979205,-0.016482336598308,1.3454179099962285
192.26345434066025,1.258527289945236,-0.07433016289860928,1.3328574528438453
192.283888310747,1.1974122042972732,-0.09364315596264738,1.2910553602599206
192.30432238036155,1.1437883102430273,-0.08358393080602089,1.2273722410490482
192.32475644975057,1.095220361096353,-0.05645342473787629,1.1516737858342292
192.34519061890023,1.0529215072822393,-0.021781187895447474,1.0747026951776868
192.36562458782282,1.017521071759686,0.011166498465184915,1.0063545732945012
192.3860586562805,0.9911224660866175,0.03698573035268593,0.9541367357339315
192.4064927247382,0.9703071319739817,0.04823057135119735,0.9220765606227843
192.42692679272295,0.9538520496668332,0.043607879291705065,0.9102441703751282
192.44736086048215,0.9391112790113784,0.024142694450590696,0.9149685845607877
192.46779492777569,0.9257486328465847,-0.003950069352116725,0.9296987021987014
192.48822899482911,0.9145798961866923,-0.03177401003730185,0.9463539062239942
192.50866296165623,0.9026975576563813,-0.05422837803560343,0.9569259356919847
192.52909712825203,0.8893226038914245,-0.06572916153681818,0.9550517654282427
192.54953119460697,0.8764808990081523,-0.06080125955362181,0.9372821585617741
192.56996526050352,0.8670328295169636,-0.03679155955305169,0.9038243890700153
192.59039922616648,0.8649315716990876,0.006305202438378843,0.8586263692607088
192.61083339159086,0.8619549457484312,0.05317314901436687,0.8087817967340644
192.6312674565561,0.8457041259156375,0.0823458786237341,0.7633582472919034
192.65170142152056,0.8154297982476999,0.08359267355612654,0.7318371246915734
192.67213548601285,0.7801592948898248,0.05772218538058449,0.7224371095092403
192.69256965004752,0.7449772926212501,0.00437259233750853,0.7406047002837416
192.71300361408066,0.7182465815653066,-0.06968265695315334,0.78792923851846
192.73343767764163,0.7151916817305639,-0.14648633463896388,0.8616780163695278
192.7538718409778,0.7870685976344898,-0.1679638168218328,0.9550324144563226
192.77430580407963,1.0456023006439565,-0.012394668314440693,1.0579969689583972
192.7947398669421,1.2722601218293659,0.11341527276500507,1.1588448490643608
192.8151739293462,1.469295887296761,0.22344476938143654,1.2458511179153244
192.83560799151746,1.4506409188378053,0.14159316435612945,1.3090477544816759
192.85604205344862,1.3680598778151758,0.02635580506068469,1.341704072754491
192.8764761149214,1.2903292755327167,-0.05096540856633758,1.3412946840990543
192.89691027639492,1.2240764595707787,-0.08572165963286582,1.3097981192036445
192.917344237394,1.1663111358420353,-0.08697153364757249,1.2532826694896078
192.93777829816827,1.1169384325479677,-0.06390988871079561,1.1808483212587633
192.95821225847612,1.0717076835487858,-0.031404753132635355,1.1031124366814211
192.9786464185454,1.0324896982370637,0.0020057783415778907,1.0304839198954858
192.99908047838835,1.0044933115973205,0.03296712305608296,0.9715261885412375
193.0195144379977,0.9840627231231872,0.05239639656124828,0.9316663265619389
193.0399485973685,0.9660482440714907,0.05357498329146959,0.9124732607800211
193.06038265628013,0.9491739576025546,0.03756009999596066,0.911613857606594
193.08081671495893,0.9355009998651868,0.012018257714952352,0.9234827421502344
193.10125067339686,0.9235686106349397,-0.01682518426792845,0.9403937949028681
193.12168483137793,0.9116512008057894,-0.04246829687074449,0.9541194976765339
193.14211888935824,0.8989649379735142,-0.058542488994258846,0.957507426967773
193.16255284686486,0.8841796088164507,-0.06171445139862064,0.9458940602150714
193.1829870039146,0.8699883990665349,-0.04807679584369273,0.9180651949102276
193.2034210609636,0.8619490031856176,-0.014648094773540565,0.8765970979591582
193.22385501753888,0.8587591393033729,0.031247617599401645,0.8275115217039712
193.24428907388938,0.845598232923261,0.06629744805128479,0.7793007848719762
193.2647232300078,0.820313981786579,0.07882683447091143,0.7414871473156676
193.28515718565177,0.787088764252374,0.06413194017936152,0.7229568240730124
193.30559124130377,0.751116025442357,0.020763285186665592,0.7303527402556914
193.32602539649088,0.721793790885545,-0.045011642060209134,0.7668054329457541
193.34645945120428,0.705504468533501,-0.12571222816436256,0.8312166966978636
193.3668934059242,0.7376717814293138,-0.18055838468556618,0.91823016611488
193.38732746017922,0.9259369741797573,-0.09296428601986395,1.0189012601996212
193.4077616141949,1.1846088610434933,0.06264896247067764,1.1219598985728156
193.4281955679835,1.4206107450681689,0.20514323137611146,1.2154675136920574
193.4486296213072,1.4700826893055294,0.18147949392087814,1.2886031953846513
193.46906377439154,1.395828831380598,0.06255518956845774,1.3332736418121403
193.48949772724882,1.3152018266441627,-0.030097465667614065,1.3452992923117768
193.50993177987402,1.2459542210440349,-0.07902296941080467,1.3249771904548395
193.5303657320328,1.1853295806882784,-0.09160109673135186,1.2769306774196303
193.550799883953,1.1334604170549356,-0.07581728111114372,1.2092776981660793
193.5712339356469,1.0872810768026187,-0.04498217458121645,1.132263251383835
193.59166798710066,1.0491516999223673,-0.007426302209859292,1.0565780021322266
193.6121019380953,1.0197128855475799,0.02805844676620084,0.991654438781379
193.63253608885861,0.9970905175358766,0.05287443235482758,0.944216085181049
193.65297013938107,0.9777359890866961,0.06040989519029916,0.917326093896397
193.6734040896772,0.9607610869347569,0.050682636141817006,0.9100784507929399
193.6938382395092,0.946290142032095,0.028305889247389082,0.917984252784706
193.71427228910034,0.933169824124994,-0.0008024135686465206,0.9339722376936406
193.73470623846515,0.9208583729954263,-0.028968063394680832,0.9498264363901071
193.7551402875979,0.9087330619536594,-0.0490748310276351,0.9578078929812945
193.77557443625847,0.8936861457256372,-0.058489568959480986,0.9521757146851182
193.79600838469196,0.8793447395453812,-0.05099892627499514,0.9303436658203763
193.81644243289338,0.8682809943515591,-0.02518558178210184,0.893466576133661
193.83687658062263,0.8652180101846975,0.018864323634722235,0.8463536865499752
193.85731062812556,0.8567074894517933,0.059989406604399664,0.7967180828473936
193.8777445753949,0.8356463401896206,0.0817620260702503,0.7538843141193703
193.89817862243217,0.8033924926162955,0.07621773184699243,0.7271747607693031
193.9186127692301,0.7660759158960577,0.041827392982136335,0.7242485229139214
193.9390467155681,0.7322475300874964,-0.017426122008263323,0.7496736520957598
193.95948076166678,0.7083188896595883,-0.09566457651153193,0.8039834661711203
193.97991490730783,0.7143257012256266,-0.16905518760174587,0.8833808888273724
194.00034885294735,0.8212444597585612,-0.15890400730543286,0.9801484670639941
194.0412169430565,1.349414463147805,0.16723727304363956,1.1821771901041656
194.06165098753263,1.4924412817979145,0.2283444118534248,1.2640968699444897
194.0820850320015,1.437893979053623,0.1177085029216749,1.320185476131948
194.10251907601196,1.3527095580275434,0.008019196647644167,1.3446903613798993
194.1229531197896,1.278444465631153,-0.05776011832094197,1.336204583952095
194.14338716310158,1.2137391129100195,-0.08404888543415967,1.2977879983441791
194.16382120640628,1.1583024123703836,-0.07807917596767555,1.2363815883380591
194.18425514925184,1.1072494446231291,-0.05436775430673868,1.1616171989298678
194.20468929162598,1.0613895341176591,-0.022832172733546985,1.0842217068512061
194.22512333400664,1.0224623277020641,0.00817108880563211,1.014291238896432
194.24555727592087,0.9948786952775195,0.03516798648236752,0.959710708795152
194.26599141759652,0.9747743763900658,0.04978326670310862,0.9249911096869572
194.28642545904586,0.9577954226214526,0.04708501976207058,0.910710402859382
194.30685950002953,0.9429755694969039,0.02933653179862261,0.9136390376982813
194.32729344077234,0.9297283699953732,0.002202151229468985,0.9275262187659042
194.3477275812911,0.9177080594985872,-0.026692067369043393,0.9444001268676306
194.3681616215763,0.9062225807485724,-0.04992953138896228,0.9561521121375347
194.38859556139505,0.8928635951572745,-0.06326630339800665,0.9561298985552812
194.40902970097522,0.8783287954784724,-0.0621296541639591,0.9404584496424315
194.42946374032908,0.8672795116090898,-0.0415800353186776,0.9088595469277674
194.44989767944207,0.866678363426703,0.0018551527774850474,0.864823210649218
194.47033171809744,0.8654580948794128,0.05036143307729879,0.815096661802114
194.49076585652074,0.8516285878165271,0.08305253342170904,0.768576054394818
194.51119979470968,0.8221705089269017,0.08738637058548215,0.7347841383414195
194.53163383242645,0.7865951403453004,0.06440462381397982,0.7221905165313206
194.55206797015126,0.749721236386465,0.01305452936012308,0.736666707026342
194.57250190716877,0.7201958746624435,-0.06013824362664533,0.7803341182890888
194.59293594419432,0.7105525863717634,-0.14046051239954993,0.8510130987713134
194.61336998098704,0.7639434658266672,-0.17842470327518112,0.9423681691018483
194.6338040173141,1.007284459168646,-0.03745485624004696,1.044739315408693
194.65423805340106,1.2611151654459962,0.11458878415001994,1.1465263812959763
194.67467208902963,1.4842924775815738,0.24838807071465996,1.2359044068669138
194.69510622441885,1.477075080023915,0.17448413326667844,1.3025909467572365
194.71554015981383,1.3897105541676091,0.050335416638096264,1.3393751375295129
194.73597419451107,1.3074092324094986,-0.03575522139192966,1.3431644538014282
194.75640812920756,1.2368568433601745,-0.078514676115913,1.3153715194760875
194.77684226343263,1.176688448032243,-0.08490008950498185,1.2615885375372249
194.79727629743138,1.1243848619664887,-0.0662220955995283,1.190606957566017
194.81771033119003,1.0754004542026534,-0.03754387667999359,1.112944330882647
194.8381443644903,1.034374537752312,-0.004758437605530297,1.0391329753578422
194.85857839755772,1.0027448819890534,0.024692498689875664,0.9780523832991778
194.87901243039232,0.9787009582328567,0.04311749397128373,0.935583464261573
194.89944636298605,0.9608913628774781,0.047086340335887766,0.9138050225415904
194.91988049512292,0.9455995761523276,0.034739969191385334,0.9108596069609423
194.94031452701893,0.932662145573194,0.011158867295949282,0.9215032782772448
194.9607484586886,0.9193965496370697,-0.01883793775617315,0.9382344873932429
194.98118258989416,0.9083564180402502,-0.04444723086103919,0.9528036489012894
195.00161662109895,0.894849213832308,-0.06298630076904443,0.9578355146013524
195.02205055183003,0.8804658400968195,-0.06781816919017247,0.948284009286992
195.0424845821035,0.8672670714021319,-0.0551948097245657,0.9224618811266976
195.06291871237045,0.8639520356356731,-0.01851408058254367,0.8824661162182168
195.0833526421775,0.8620229845526295,0.028101530676692077,0.8339214538759374
195.10378667175246,0.8516007534904914,0.06652354931378668,0.7850772041767047
195.12422080086253,0.8269071090825357,0.08149224537127608,0.7454148637112596
195.14465482996457,0.7932671515339049,0.06927198706903726,0.7239951644648677
195.16508875860745,0.7564367578028748,0.028609397378174473,0.7278273604247003
195.18552278678544,0.7226259581366117,-0.0379169460696801,0.7605429042062918
195.20595691495691,0.7021045833335179,-0.11949584946092917,0.821600432794447
195.22639084266848,0.7225405483338782,-0.1836225037038779,0.906163052037756
195.24682487014798,0.8769043097255119,-0.12878056221847556,1.0056848719439875
195.26725899738813,1.168070482697748,0.05896445678074813,1.1091060259169998
195.28769292416837,1.4158220538577686,0.21134837913937132,1.2044736747183973
195.30812695071654,1.494917855908249,0.21418922913907035,1.2807286267691786
195.3285609770246,1.4207308647608552,0.09137879487000289,1.3293520698908523
195.3489950028743,1.3342333638422965,-0.011386536456421181,1.3456199002987177
195.36942902872397,1.2601182117589433,-0.06913270698818641,1.3292509187471298
195.38986305410072,1.1969900318111872,-0.08735921421687087,1.2843492460280581
195.41029717901984,1.141312412973514,-0.07734188672510522,1.2186542996986192
195.43073110393743,1.0915036193772747,-0.050726126367385715,1.1422297457446604
195.45116512838285,1.0476986811437818,-0.018107063246963317,1.0658057443907452
195.47159905260196,1.0123577956941248,0.013293322270254038,0.9990644734238707
195.49203317635693,0.9864929263550847,0.03735250450668304,0.9491404218484016
195.51246720010386,0.9682310715848421,0.04863541674884764,0.9195956548359945
195.53290112339164,0.953040470321606,0.043017106325834775,0.9100233639957712
195.5533352464481,0.9397706266921583,0.023422892117439198,0.9163477345747191
195.5737692690309,0.9277853535387663,-0.003968616064627395,0.9317539696033937
195.5942032913881,0.9160965535265844,-0.03198652804638158,0.948083081572966
195.61463721351174,0.9043835371227932,-0.05306194474093351,0.9574454818637267
195.6350713353968,0.8902309240195172,-0.06354015425374626,0.9537710782732635
195.6555053568227,0.8751355935809949,-0.058889090188903426,0.9340246837698983
195.675939278015,0.8648822416027816,-0.03399206468985472,0.8988743062926363
195.69637339896872,0.8637963419685928,0.011105402336795578,0.8526909396317972
195.71680741969612,0.857522652150592,0.05464313393267528,0.8028795182179167
195.7372413399571,0.8379560120893177,0.07931165922670436,0.7586443528626133
195.75767535997875,0.8060874838939702,0.07668522468827843,0.7294022592056918
195.77810947954276,0.7690904622464626,0.04597886164869436,0.7231116005977682
195.79854339910526,0.7331037821154044,-0.01169577279170464,0.744799554907109
195.81897741819557,0.7058475834814272,-0.08969784810772707,0.7955454315891543
195.8394115370611,0.7043886419791199,-0.167708013797365,0.8720966557764849
195.85984545545944,0.7856170511635523,-0.181572253234783,0.9671893043983353
195.88027947361843,1.0759455876934616,0.005408908524919154,1.0705366791685424
195.90071349155187,1.3268036619387977,0.1564882681544928,1.170315393784305
195.92114760925324,1.5003328714260618,0.24540959146919938,1.2549232799568624
195.94158152648015,1.4548373606178115,0.1401257110893419,1.3147116495284696
195.96201554348227,1.3675095809791757,0.02409024117008962,1.3434193398090861
195.98244956025155,1.2863850383314732,-0.05267753840068612,1.3390625767321593
196.00288357678073,1.2193718400169753,-0.08477763589848664,1.304149475915462
196.02331759285153,1.1600144195415671,-0.08516650965264527,1.2451809291942124
196.04375150868873,1.1067036464828843,-0.06482449820437775,1.171528144687262
196.06418562428735,1.0638090265528952,-0.03006535795026566,1.0938743845031609
196.08461953942606,1.0291062510766564,0.00661554097384176,1.0224907101028147
196.10505365433346,1.0031876711471306,0.037569002700954535,0.965618668446176
196.125487669,0.9829043013114429,0.05465758841408819,0.9282467128973547
196.14592168344097,0.9653081860649082,0.05384658593822633,0.9114616001266819
196.16635559741553,0.9490925997239262,0.03660358814711362,0.9124890115768126
196.18678961115074,0.9358937867322779,0.010493350211247643,0.9254004365210302
196.20722372442833,0.9224002320447389,-0.019958553652083766,0.9423587856968226
196.22765773770516,0.9096545340936878,-0.0455269858143702,0.955181519908058
196.2480916505083,0.8952119347176941,-0.06173670202234771,0.9569486367400418
196.26852576308738,0.8784573512719812,-0.06491516270123754,0.9433725139732188
196.2889596751993,0.864338537339309,-0.04935336472018681,0.9136919020594958
196.3093936873047,0.8590533653394781,-0.011876215271957813,0.8709295806114359
196.3298276989517,0.8567899479135485,0.03532199945075276,0.8214679484627957
196.35026171013305,0.8427187760503371,0.06871159937056492,0.7740071766797721
196.37069572130713,0.8139496641130102,0.07586735671342071,0.7380823073995895
196.39112973202282,0.7780469113931179,0.0556575051920325,0.7223894062010854
196.41156374227285,0.7408788539140698,0.007672805250270809,0.733206048663799
196.4319977525156,0.7087196034986711,-0.06445782923465981,0.773177432733331
196.45243176229997,0.6948640176641149,-0.14581549018468076,0.8406795078487956
196.47286567185074,0.7316640438980243,-0.19821018599341234,0.9298742298914366
196.49329978116293,0.94886610438705,-0.0825940617277513,1.0314601661148013
196.51373379001598,1.224614516573262,0.09062219705336538,1.1339923195198967
196.5341677986362,1.4648562185288772,0.2392814336079836,1.2255747849208936
196.5546018070163,1.4796438097742954,0.18400865253400545,1.29563515724029
196.57503581493802,1.3942059488682839,0.05770521321791655,1.3365007356503673
196.59546972285898,1.3106247755166112,-0.03389147360223488,1.344516249118846
196.6159037300822,1.237790696748824,-0.08273174333105437,1.3205224400798783
196.63633783729892,1.174379747929228,-0.09524045390906188,1.2696202018382898
196.6567718440565,1.1193723541730238,-0.08089411866764795,1.2002664728406718
196.6772057505732,1.0717087813528148,-0.051143024047812125,1.122851805400627
196.69763985686586,1.036341221569563,-0.011660999948294393,1.0480022215178575
196.71807386292494,1.0056343417105678,0.02074071687994139,0.9848936248306264
196.7385077685176,0.9839224719976408,0.04407500743416892,0.9398474645634719
196.7589417738709,0.965490281761142,0.05004056912953048,0.9154497126316116
196.7793758787666,0.9492283686441757,0.03889914724711474,0.910329221397061
196.79980978342064,0.9347514823955064,0.015129487072509162,0.9196219953229973
196.8202437878499,0.9217776586796115,-0.01425878599588204,0.9360364446754935
196.8406778920471,0.9096383376800091,-0.04168920096955786,0.951327538649567
196.8611117957771,0.8967659508076756,-0.061155167699733615,0.9579211185074092
196.8815457995006,0.8809931289257059,-0.06941212038772493,0.9504052493134308
196.90197980253288,0.8649800423625117,-0.06164601163338235,0.926626053995894
196.92241390555864,0.8557519422863485,-0.032445120573871944,0.8881970628602205
196.9428478081245,0.8546805146397587,0.014350296240451477,0.8403302183993072
196.96328181045828,0.8475633772700999,0.05655466174534496,0.7910087155247549
196.98371591255273,0.8247302100095774,0.07508428770047748,0.7496459223090999
197.02458381558972,0.7595897825908511,0.03381396922067337,0.7257758133701777
197.0450177167586,0.7234568155332245,-0.031285361399017386,0.7547421769322419
197.06545181745605,0.698771504930755,-0.1135914115220551,0.8123629164528101
197.0858858179272,0.7085000441978916,-0.18583182397538178,0.8943318681732734
197.10631971816474,0.8314937751513234,-0.16102663834026787,0.9925204134915913
197.1267538181637,1.1413393900613384,0.045232141696724515,1.096107248364614
197.14718781770353,1.395613590482435,0.20245889748623758,1.1931546929961974
197.16762181700324,1.5025556476516115,0.2301643044919528,1.2723913431596587
197.18805571607663,1.4326269484930292,0.10773332190369111,1.324893626589338
197.2084898146859,1.343512620079844,-0.001890604013985664,1.3454032240938296
197.22892381306156,1.2651771642703964,-0.06788190496618318,1.3330590692365796
197.24935771119635,1.197311968785111,-0.09412180142037196,1.291433770205483
197.2697918088743,1.1394337413063005,-0.08843145417352449,1.227865195479825
197.29022580631135,1.0890684451727384,-0.06313923864117976,1.1522076838139181
197.3106597035221,1.046736807273416,-0.028467652833550128,1.0752044601069661
197.3310937005008,1.0144866612117318,0.007725575948688279,1.0067610852630435
197.35152779701457,0.9909489263696136,0.03654142636110491,0.9544075000085087
197.37196169328672,0.9723660859723224,0.050167685518245464,0.922198400454077
197.39239568933408,0.9550707835054999,0.044839496956690206,0.9102312865488097
197.41282978490926,0.9390740445554755,0.02421449964841893,0.9148595449070566
197.43326378025813,0.9243568056646108,-0.005191265084926289,0.929548070749537
197.4536976753734,0.9113524326279209,-0.034869051209530766,0.9462214838374516
197.4741316702566,0.898179696817248,-0.058685793447580736,0.9568654902648287
197.49456576466764,0.8823361783036267,-0.07276402273834381,0.9551002010419705
197.5149996588516,0.866662343596967,-0.07079018522713021,0.9374525288240972
197.53543365256337,0.8563154592877004,-0.04778694898502922,0.9041024082727296
197.55586774628318,0.8578969624405832,-0.0010749355639270153,0.8589718980045102
197.5763016395358,0.8588712873137492,0.049734219745562025,0.8091370675681872
197.59673563232354,0.8417055832078782,0.07805068938426085,0.7636548938236174
197.617169625104,0.8105840023328924,0.0785742317204291,0.7320097706124633
197.63760361742607,0.7719902245426863,0.04955523420206265,0.7224349903406236
197.6580376092752,0.7349338367669015,-0.005466658432124016,0.7404004951990255
197.6784716011316,0.7046373863582754,-0.08288829115819663,0.7875256775164721
197.69890559252235,0.6965950168488818,-0.16451287514209156,0.8611078919909734
197.71933958368027,0.7598328438674244,-0.19452184725978228,0.9543546911272067
197.73977357459808,1.0350576529490578,-0.02223247805457973,1.0572901310036376
197.76020746505674,1.3007465823502382,0.14255458828610146,1.1581919940641368
197.78064155527682,1.5005834043068313,0.2552522874931331,1.2453311168136982
197.80107554527058,1.468228082629489,0.15950792164210492,1.308720160987384
197.82150943479792,1.3797179153198293,0.0381159498260335,1.3416019654937958
197.84194352409395,1.2972852487913151,-0.04413460518708656,1.3414198539784017
197.8623775131491,1.2257352646320856,-0.08438591967303677,1.3101211843051224
197.8828115017459,1.1644482068264803,-0.08929963056830759,1.253747837394788
197.90324539010908,1.1095390853956366,-0.07184530047898874,1.1813843858746254
197.92367947823368,1.0638599642152653,-0.03978187776376041,1.1036418419790257
197.94411346613197,1.028575143122285,-0.0023639114745004353,1.0309390545967854
197.96454735356383,1.0026181866173378,0.030761579608449496,0.9718566070088883
197.98498134075635,0.9832259009349172,0.05137887088289306,0.9318470300520242
198.00541542749124,0.9657617517459793,0.05325312903145585,0.9125086227145235
198.02584931422462,0.9493170366617231,0.037782571277959365,0.9115344653837637
198.06671738628938,0.9159205264459335,-0.02432546177593653,0.94024598822187
198.08715127209143,0.9034929062337541,-0.050532601477956796,0.9540255077117109
198.1075852574213,0.8894322093555714,-0.06808019298124102,0.9575124023368125
198.12801924252562,0.8742913326336869,-0.07172949964281294,0.9460208322764998
198.14845322716428,0.860937819784001,-0.057372101123787544,0.9183099209077885
198.16888721156283,0.8586077703569155,-0.01832082045344019,0.8769285908103557
198.18932119573583,0.8618509531387726,0.03397477958135142,0.8278761735574212
198.209755179676,0.8524690471697103,0.07283694096748727,0.779632106202223
198.23018916314322,0.8255909360796329,0.08387430046379085,0.741716635615842
198.2506231463849,0.7891442048921483,0.06611847354224187,0.7230257313499064
198.27105702939298,0.7513693310893209,0.021145787157733742,0.7302235439315872
198.29149111192964,0.716678574020699,-0.049790309062766824,0.7664688830834658
198.31192509424,0.6946741215032105,-0.13602072088090378,0.8306948423841143
198.33235897631675,0.7235609802692325,-0.1940131170627818,0.9175740973320143
198.3527930579221,0.9106503134640263,-0.1075342764128906,1.0181845898769168
198.37322703930113,1.2125160420624288,0.0912500294653662,1.1212660125970626
198.39366102044733,1.4622788171274186,0.2473984569461125,1.214880360181306
198.41409490111982,1.4996294933807226,0.2114384624572765,1.2881910309234461
198.43452898180112,1.4150521900176973,0.08197053528062415,1.3330816547370732
198.454962962016,1.328501596550673,-0.01683980333645163,1.3453413998871246
198.47539684175717,1.2523733334128233,-0.07286163617018948,1.3252349695830128
198.49583092127432,1.1863278748804733,-0.09102836228804168,1.277356237168515
198.51626490055787,1.1289961650372735,-0.08080769548936995,1.2098038605266435
198.53669877960056,1.077834010475398,-0.054978784560005156,1.1328127950354032
198.55713275818562,1.0375552350036965,-0.019521148735975657,1.0570763837396722
198.5775668365386,1.007964432544085,0.015922590541120663,0.9920418420029644
198.59800071464997,0.9867080152733744,0.04224975845918466,0.9444582568141897
198.6184346923037,0.9671491764969554,0.04973347523346361,0.9174157012634918
198.63886876972538,0.9495846081168438,0.03954756468265197,0.9100370434341918
198.65930264690542,0.9346697773329024,0.016813298096724716,0.9178564792361776
198.67973662386066,0.9210809061640972,-0.012735884238669115,0.9338167904027663
198.70017060035025,0.9077660037806808,-0.0419385826805343,0.9497045864612151
198.7206046766005,0.8937293885184338,-0.0640420531212974,0.9577714416397312
198.74103855239082,0.8780889687875858,-0.07416822146935476,0.9522571902569406
198.76147252794908,0.8624739825206658,-0.06807542220763241,0.9305494047282982
198.781906603268,0.8555906151809718,-0.03818427810715386,0.8937748932881256
198.80234047835984,0.8578606189527027,0.011141871488210331,0.8467187474644924
198.82277445298678,0.8549612231678068,0.0578856724989415,0.7970755506688653
198.84320832738013,0.8339491142780062,0.07978536341423759,0.7541637508637686
198.8636424015349,0.7995982134643077,0.07228678097467223,0.7273114324896355
198.8840763752305,0.7613723193251205,0.03717695141553179,0.7241953679095887
198.90451034868602,0.7247899362562512,-0.02462007656025078,0.749410012816502
198.92494432191597,0.6985263143976478,-0.10499342065906925,0.803519735056717
198.94537829468027,0.7010528626905979,-0.18170512476668133,0.8827579874572792
198.96581226720446,0.8008115226807997,-0.1786226363337705,0.9794341590145702
198.98624613950233,1.1114158393015274,0.028427320748666718,1.0829885185528607
199.00668021133606,1.3725116305684857,0.19098059441256243,1.1815310361559233
199.02711418292893,1.5090688421092764,0.24546409179425543,1.263604750315021
199.04754805429548,1.445645907404794,0.12574300525487092,1.3199029021499231
199.06798212543072,1.3537694699812317,0.009125357976568438,1.3446441120046633
199.08841609609226,1.2722903313989924,-0.06409760720746283,1.3363879386064552
199.1088499665275,1.2030639156745968,-0.09509957409613667,1.2981634897707335
199.1292839364978,1.1440538289599484,-0.09283295629617605,1.2368867852561245
199.1497180062288,1.0943205117868144,-0.06785440579139013,1.1621749175782046
199.17015197573346,1.0550831262883689,-0.029671970447135765,1.0847550967355046
199.19058584500453,1.024839732996704,0.01010656498138629,1.0147331680153178
199.2110199138042,1.000830160092211,0.04081563897328033,0.9600145211189306
199.23145388237754,0.9801701541593392,0.05503063294703714,0.925139521212302
199.2518877507173,0.9599091762809837,0.049194564884908476,0.9107146113960752
199.27232171858486,0.941612077661681,0.028075758581647015,0.913536319080034
199.29275578622764,0.9270649646392736,-0.00030724554125771686,0.9273722101805313
199.31318965363607,0.9125052085723877,-0.03175186495102034,0.944257073523408
199.33362362057233,0.8982884620215593,-0.057789271270494824,0.9560777332920541
199.35405768728378,0.8840400186282467,-0.07212549200993079,0.9561655106381775
199.3744915537609,0.8662257879753239,-0.07439539819109542,0.9406211861664193
199.39492551976582,0.8518652769042255,-0.057272771757647445,0.909138048661873
199.41535948577803,0.8481852735400425,-0.01699359080299001,0.8651788643430325
199.43579345109174,0.8464260725222433,0.03095576229591368,0.8154703102263297
199.45622741639818,0.8296610745444267,0.060763553823249605,0.7688975207211771
199.47666138124623,0.801009340851834,0.06602556629945977,0.7349837745523742
199.51752931000374,0.7333476140422543,-0.0031318081883325855,0.7364794222305869
199.53796327392047,0.7036306721834314,-0.07630539438621142,0.7799360665696429
199.5583971376036,0.6909691483028472,-0.15946516225036833,0.8504343105532155
199.57883120104816,0.7409277928294843,-0.2007407652432468,0.9416685580727311
199.59926516403357,0.9883359085597416,-0.05566189663256571,1.0439978051923073
199.61969902678538,1.262950186509429,0.1171198711306447,1.1458303153787843
199.64013308929862,1.4809156537074057,0.2455778199359382,1.2353378337714676
199.6605670513527,1.4685319550835942,0.1663130218285449,1.3022189332550493
199.68100101317395,1.382279391575877,0.04304252163815425,1.3392368699377228
199.7014348745288,1.2977812690949826,-0.045484494334031345,1.343265763429014
199.72186893587786,1.2255547398295625,-0.09013042963301943,1.315685169462582
199.74230279676704,1.164171054961785,-0.09788935721592429,1.2620604121777093
199.76273675718403,1.112019119729271,-0.07914392758348754,1.1911630473127586
199.78317081760906,1.0698719474359737,-0.043632207455568395,1.113504154891542
199.80360477756767,1.0366339047687667,-0.0029893873421098505,1.0396232921108766
199.82403863705986,1.0115832230574664,0.03316540277044866,0.9784178202870177
199.84447259654553,0.9905180103322094,0.05472373945226161,0.9357942708799478
199.86490655557282,0.9710440514965628,0.05718245455735382,0.913861596939209
199.88534051412717,0.9531112253258995,0.04232042539067549,0.910790799935224
199.9057744726888,0.9383372292518075,0.016977640829528684,0.9213595884222788
199.92620843078475,0.9241576801830336,-0.01392051510306036,0.9380781952860939
199.9466423886479,0.9099420068345802,-0.042754310033858545,0.9526963168684387
199.96707634603808,0.895133855380595,-0.06269269938045507,0.95782655476105
200.00794426012726,0.8593728526022134,-0.06333062598560424,0.9227034785878176
200.0283782165934,0.8569001871838856,-0.0259036973381237,0.8828038845220093
200.0488120730588,0.8643171748318353,0.030015203189575734,0.8343019716422596
200.06924612882722,0.8604183628021637,0.07498673889184793,0.7854316239103157
200.0896800845876,0.8378597228293977,0.09218833259998815,0.7456713902294095
200.1101140398896,0.8026970706057828,0.07860664855471955,0.7240904220510632
200.130547894958,0.7637902144886142,0.03607142208503644,0.7277187924035777
200.150981949555,0.7292281120130877,-0.030988984683474774,0.7602170966965625
200.17141580415773,0.7073209608722761,-0.11375455240775922,0.8210755132800354
200.19184975806274,0.7260687031535132,-0.17942117408198055,0.9054898772354938
200.21228381196124,0.8835747081826117,-0.1213629781789285,1.0049376863615402
200.2327177654006,1.1991684496587975,0.09079714295884567,1.1083713066999519
200.25315161860635,1.450164713869989,0.24632501049584232,1.2038397033741466
200.27358557157277,1.519647402538772,0.2393772064684494,1.2802701960703227
200.29401962408156,1.4408882763309827,0.11176837917504434,1.3291198971559384
200.33488742815825,1.2688223333008861,-0.06067122292383775,1.3294935562247239
200.35532147996855,1.2001000895339724,-0.08467551346465751,1.28477560299863
200.37575533107884,1.1416036205357738,-0.07759276734340603,1.2191963878791798
200.3961892821826,1.0897286706287572,-0.0530775548208664,1.1428062254496236
200.416623232828,1.04412838360071,-0.022209881690555155,1.0663382652912652
200.43705718324054,1.0084392866789567,0.008951102313057291,0.9994881843658994
200.457491133413,0.9833534634648935,0.03393814049776567,0.9494153229671278
200.47792508312705,0.9359450031617316,0.016234591286137467,0.9197104118755941
200.49835913260176,0.9498744545363385,0.039877613374653786,0.9099968411616847
200.5187929818494,0.937039546383369,0.020815602948492273,0.9162239434348767
200.53922693063214,0.9239993072053126,-0.007593625188727304,0.93159293239404
200.55966077918129,0.9112886614259552,-0.03666033823959214,0.9479489996655474
200.58009482749185,0.8968677150069899,-0.06052687719585159,0.9573945922028415
200.60052877534326,0.881004128299955,-0.07283613538301648,0.9538402636829715
200.6209626229611,0.8662659898322046,-0.06795852703106087,0.9342245168632655
200.64139667034033,0.8602512668709845,-0.03893416678772965,0.8991854336587142
200.66183061726042,0.8660805609486975,0.013012306163230458,0.853068254785467
200.68226446394692,0.8675512781414658,0.06429326440466743,0.8032580137367984
200.70269841016125,0.8530836529049427,0.09413352047689372,0.758950132428049
200.7231324563836,0.8206913418244631,0.09112488898523141,0.7295664528392317
200.74356640213227,0.7827281021206918,0.05964593120043005,0.7230821709202617
200.7640002474218,0.7450600179106338,0.0005091771244457588,0.744550840786188
200.78443429271283,0.7154018285239814,-0.07968263311942847,0.7950844616434098
200.80486823753745,0.7139165454485804,-0.15754563907031527,0.8714621845188957
200.82530208188837,0.79648538481809,-0.16996333255109763,0.9664487173691876
200.84573602624732,1.0958300486777126,0.026054914821702635,1.06977513385601
200.8661700701341,1.3518495982286034,0.18222566548700403,1.1696239327415994
200.88660391356098,1.5155008306621833,0.26111786486824684,1.2543829657939365
200.9070378569886,1.4684839528313796,0.1540986133197586,1.314385339511621
200.92747189995134,1.3784036289330723,0.03506505221184497,1.3433385767212274
200.94790574243962,1.2959633635273895,-0.043261490432281224,1.3392248539596707
200.96833968493593,1.2240203304779493,-0.0804989805301064,1.3045193110080557
200.98877362696658,1.1625021674721878,-0.08319378805302824,1.245695955525216
201.00920766852505,1.1073890241156878,-0.06471990727733767,1.1721089313930255
201.02964151008928,1.0589251034718499,-0.03551528884378197,1.0944403923156318
201.0500754511886,1.0193865181774375,-0.003582079646982095,1.0229685978244196
201.07050949181576,0.9907602163461539,0.024802626850062626,0.9659575894960912
201.09094333244866,0.9699884009725548,0.04156440928578631,0.9284239916867685
201.11137727261666,0.9550751646085167,0.04359014561878438,0.9114850189897323
201.13181111231097,0.9402329497754788,0.027838468929105686,0.9123944808463731
201.15224515201407,0.9268302365760894,0.0015861368472845916,0.9252440997288048
201.17267909125076,0.914862465702889,-0.027343076777942454,0.9422055424808314
201.1931130300145,0.9021911143151071,-0.05290176269503688,0.955092877010144
201.21354696878552,0.8877136616053946,-0.06925680932108147,0.956970470926476
201.23398090709088,0.8717650714220337,-0.07176110161522498,0.9435261730372587
201.2544148449233,0.8604423893637615,-0.053526789037696365,0.9139691784014579
201.27484868276224,0.8613419705129697,-0.009952127656509324,0.871294098169479
201.29528272013704,0.8628805654074793,0.04102101994861207,0.8218595454588672
201.31571665703814,0.8503874126686952,0.0760340361495857,0.7743533765191095
201.33615049394575,0.8205090152535786,0.08219895515252318,0.7383100601010554
201.35658443038847,0.7839561669065008,0.061518392018913626,0.7224377748875872
201.377018466359,0.746630253810572,0.013592118040723355,0.7330381357698487
201.3974523023353,0.7151257115051305,-0.05766145368726516,0.7727871651923957
201.4178862378467,0.7000381645139813,-0.14005666610680068,0.8400948306207819
201.4383202728859,0.7390316589305136,-0.19012285130397777,0.9291545102344914
201.45875420793163,0.9603690503449471,-0.07031585193051337,1.0306849022754605
201.47918804251094,1.2403178837734186,0.10706497976089935,1.1332529040125192
201.49962197661807,1.4680624031271001,0.2431023904940619,1.2249600126330382
201.5200560105004,1.4835599906377857,0.18834291474626141,1.2952170758915242
201.5404898441484,1.4014495435439982,0.06512625423904561,1.3363232893049526
201.56092377755704,1.3180556380070876,-0.026534852336156822,1.3445904903432444
201.58135781050805,1.2448125848887783,-0.07601160203580304,1.3208241869245814
201.60179164322471,1.181340631588864,-0.08875544392977108,1.270096075518635
201.62222557570203,1.1244696226191464,-0.07637142999892133,1.2008410526180677
201.64265950772096,1.0744706218414708,-0.04897053224713166,1.1234411540886025
201.66309343950707,1.032719900670623,-0.015808664989579446,1.0485285656602024
201.68352737105306,1.0005946148659521,0.015299171503332487,0.9852954433626196
201.70396130214067,0.9775820315220243,0.03749203028028092,0.9400900012417434
201.72439523299545,0.9615673967361047,0.046037743778915896,0.9155296529571888
201.7448291633773,0.9481207054804479,0.037847719408160785,0.9102729860722871
201.76526309353358,0.935446904407673,0.015966975590240406,0.9194799288174326
201.78569692345627,0.925000345198582,-0.01087207702407833,0.9358724222226603
201.80613095314038,0.9132260697064372,-0.03798074010944319,0.9512068098158803
201.82656488236535,0.9006106930181359,-0.057286732902835924,0.9578974259209718
201.84699871135672,0.8854722968019718,-0.06503808943980871,0.9505103862417805
201.86743273987668,0.8715031874236892,-0.055359954861774696,0.9268631422854638
201.88786666840315,0.8644695998153759,-0.02407008783821163,0.8885396876535875
201.90830049623037,0.8642910218598427,0.023565607941846478,0.8407254139179963
201.92873452405183,0.8545481327179334,0.06316210762952978,0.7913860250884036
201.94916845141415,0.8310660896436647,0.08113594461735141,0.7499301450263133
201.96960237854364,0.7983624108705342,0.07278900287612056,0.7255734079944136
201.99003620519943,0.7601359985370452,0.03444595892335045,0.7256900396136947
202.01047023186402,0.7253676182236118,-0.02906198403162763,0.7544296022552395
202.03090415782935,0.7027009780545602,-0.1091375259232682,0.8118385039778284
202.05133798379393,0.7155080610225539,-0.1781356086863609,0.8936436697089148
202.0717720092871,0.846701660889553,-0.14504286305290903,0.991744523942462
202.09220593455393,1.152267064195077,0.056934569955494174,1.0953324942395828
202.11263975934708,1.3927678469078362,0.20029433213174141,1.1924735147760948
202.13307368391543,1.4936783029718002,0.22179348676625965,1.2718848162055405
202.1535077082517,1.429633568964386,0.10501487807440957,1.3246186908899764
202.17394153211353,1.3450914875389426,-0.00029191720402677035,1.3453834047429694
202.19437545575056,1.2692574070004223,-0.06402609121772951,1.3332834982181518
202.21480947915552,1.2023805368798428,-0.08947716897224312,1.291857705852086
202.23524330208602,1.1439372182998149,-0.08448300236364958,1.2284202206634645
202.25567722479173,1.0924055575944156,-0.06040460469912201,1.1528101622935376
202.2761111472646,1.0502556833314274,-0.025515182227763722,1.075770865559191
202.2965451692653,1.0186369730592668,0.01141539119568069,1.0072215818635861
202.31697899103892,0.9956844634024224,0.040967565748455614,0.9547168976539668
202.33741291258048,0.9766810985349159,0.0543407668077841,0.9223403317271318
202.35784693364985,0.9607207431328845,0.05049898550115861,0.9102217576317259
202.37828075449215,0.9460796389897623,0.03133817523317073,0.9147414637565916
202.39871467510238,0.9333580356931341,0.0039755238115044556,0.9293825118816297
202.4191484952462,0.921411068990933,-0.024664565958687934,0.9460756349496209
202.43958251515141,0.9085875599469128,-0.04821207867561006,0.9567996386225228
202.4600164345975,0.8929499527523795,-0.06220597395821026,0.9551559267105898
202.4804503540363,0.8774141311250083,-0.060230255064337435,0.9376443861893458
202.5008842730167,0.8652911208865792,-0.03912348396345888,0.9044146048500381
202.52131819153146,0.8639118496136672,0.004551561788859737,0.8593602878248074
202.5417521098061,0.8599070880779722,0.05037174255974719,0.809535345518225
202.56218592785444,0.8424493703539784,0.07846204275363444,0.7639873276003439
202.58261994567147,0.810684039694932,0.07848136119397875,0.7322026785009532
202.6030538630148,0.7740355426821721,0.05160428696421537,0.7224312557179567
202.6234876801318,0.7370129096352387,-0.0031564440090388057,0.7401693536442775
202.64392169678467,0.7082913436251039,-0.07877871166782857,0.7870700552929325
202.66435561319668,0.7035604563770393,-0.15690412826092515,0.8604645846379645
202.68478942938236,0.772951889419536,-0.18063810391358337,0.9535899933331193
202.70522334510315,1.0419132862221603,-0.014578365995044695,1.056491652217205
202.7256573605846,1.285395189956006,0.1279398664690783,1.1574553234869278
202.74609127583972,1.472169734900762,0.22742713751239219,1.24474259738837
202.76652509062842,1.4500670659791726,0.141719311637178,1.3083477543419946
202.78695910517854,1.370447860965444,0.028964042266449885,1.3414838186989941
202.80739301950234,1.2926247082024607,-0.048933012691319666,1.3415577208937803
202.82782683335972,1.2242993945683174,-0.0861830768335774,1.3104824714018948
202.84826074697776,1.1632369721108728,-0.09103346059069128,1.2542704327015641
202.868694760371,1.1091922272555819,-0.07279466527998601,1.1819868925355679
202.88912857329706,1.0634252393460721,-0.04081455656924615,1.1042397959153183
202.90956248599105,1.0289560861320604,-0.002498165068359315,1.0314542512004197
202.9299964984457,1.0029504755106298,0.030718769854315875,0.9722317056563139
202.95043031044042,0.9828511322660408,0.050796173216714036,0.9320549590493268
202.99129813349282,0.9419170552371566,0.030466972104232215,0.9114500831329244
203.011732044557,0.9307505350153662,0.007568774145636392,0.9231817608697298
203.03216595538834,0.9190227326569431,-0.021060410078369673,0.9400831427353128
203.05259986597957,0.9078808770990178,-0.046041533316150574,0.9539224104151683
203.0730338761132,0.8938898167432027,-0.06362962946704365,0.9575194462102463
203.09346768577234,0.8777910229048234,-0.06837285287756423,0.9461638757823876
203.11390159543953,0.8669879596462834,-0.05159661119410319,0.9185845708403866
203.1343354046403,0.8655130830109575,-0.011787279226225023,0.8773003622371826
203.15476941360976,0.868188523673245,0.03990362768095934,0.8282848959922856
203.17520332210552,0.8582957631644818,0.07829255238452448,0.7800032107799573
203.19563713037496,0.830075666024997,0.08810242325084605,0.741973242774151
203.21607113840582,0.7942723954020968,0.07117049612522097,0.7231018992768758
203.23650504597754,0.7566201472269295,0.026542865952392414,0.7300772812745371
203.25693895331642,0.7239480149958639,-0.04214152061178367,0.7660895356076476
203.27737276018888,0.7071063948795469,-0.12300037718211809,0.8301067720616649
203.2978067670556,0.7396373757339207,-0.17719839540076332,0.9168357711346841
203.31824067346315,0.9307162312816076,-0.0866604791097344,1.017376710391342
203.3386744794043,1.203890730494619,0.0834074078973428,1.1204833225972761
203.35910848510684,1.429600153003177,0.2153829984770148,1.2142171545261622
203.37954239058308,1.4736460000242722,0.1859211261575502,1.287724873866722
203.39997619582573,1.4016259131898896,0.06876356374681358,1.332862349443076
203.4204101005962,1.3222629444329317,-0.023122574509123917,1.3453855189420556
203.44084410490905,1.2505949616809253,-0.07492679215639053,1.3255217538373159
203.46127790922037,1.187213096289152,-0.09062044267522196,1.277833538964374
203.48171181305952,1.129421373616013,-0.08097381029010542,1.2103951839061184
203.5021457166731,1.0790175428115438,-0.054413399603374435,1.1334309424149183
203.52257961982104,1.0358637510401747,-0.021774643474752997,1.0576383945149277
203.54301352272887,1.0030510974411084,0.01056980488978021,0.9924812925513282
203.5634474251783,0.9791928732784141,0.03445829059750416,0.9447345826809099
203.58388132762775,0.9612414024536515,0.043720206127371264,0.9175211963262803
203.60431522960425,0.947057128536447,0.03706166464424521,0.9099954638922018
203.62474913112237,0.9332224275276717,0.015504840957548227,0.9177175865701235
203.6451830326405,0.9217193795590125,-0.011926735600721772,0.9336461151597343
203.66561693345284,0.9097543933263897,-0.03981621075431496,0.9495706040807047
203.68605083427246,0.8982415260911788,-0.05949077992314877,0.9577323060143276
203.70648463462567,0.8833406195834625,-0.06900887198275008,0.9523494915662126
203.7269186347403,0.8688398751669225,-0.061940515646977556,0.9307803908139001
203.747352434395,0.8643728005353811,-0.029748266239245647,0.8941210667746268
203.76778633381764,0.8681346183736468,0.021007084660845443,0.8471275337128014
203.78822033300094,0.8641390901184026,0.0666637084688041,0.7974753816495985
203.8086542317251,0.8420735361243701,0.08759771337686684,0.7544758227475032
203.82908803021564,0.8087596556091387,0.08129593240650512,0.7274637232026335
203.84952192846686,0.7723238708755403,0.04818935840471128,0.724134512470829
203.86995592626045,0.7362572378459312,-0.01285556700362267,0.7491128048495539
203.89038972381968,0.7127735429093841,-0.09022384861584198,0.8029973915252261
203.91082362113957,0.7210805422819905,-0.16097647810668225,0.8820570203886727
203.93125761800184,0.8342030027862255,-0.14442707866723548,0.978630081453461
203.95169141462975,1.1212803937502103,0.03910664183355861,1.0821737519166517
203.9721253107855,1.346690953579298,0.16588890817251323,1.1808020454067847
203.9925592069485,1.4762189361305282,0.21317049153007162,1.2630484446004566
204.01299310241302,1.4284194176051264,0.1088371268150019,1.3195822907901245
204.03342699787027,1.3482767087541887,0.003687985154594564,1.3445887235995941
204.05386089286912,1.273642514289748,-0.06294847862747277,1.3365909929172208
204.07429488762864,1.2081275454408225,-0.09045490751016239,1.2985824529509848
204.09472868192825,1.1501496806594715,-0.08730296193518483,1.2374526425946564
204.11516257599578,1.0991070193100132,-0.06369522397628513,1.1628022432862983
204.13559636982973,1.0534536643374126,-0.031902735589619535,1.0853563999270321
204.15603036319226,1.0174859219461336,0.00225395056950517,1.0152319713766285
204.17646425632847,0.991091268032621,0.03073115658477421,0.9603601114478468
204.19689804899826,0.9726101943046929,0.04729909640502117,0.9253110978996717
204.21733204142947,0.9563698255922192,0.045645539254983936,0.9107242863372352
204.23776593363436,0.943154103152826,0.02972825467552931,0.9134258484772967
204.25819972560566,0.9322479639814497,0.005044697671754084,0.9272032663096956
204.2786336171048,0.9219926460202373,-0.022107150793367003,0.9440997968136043
204.29906760837912,0.9109304937814644,-0.04506600328531907,0.9559964970667835
204.31950149918703,0.8983207188355763,-0.05788594282096626,0.9562066616565426
204.33993528975407,0.8833317185012246,-0.057472199283500225,0.9408039177847248
204.36036928009707,0.8718550618411599,-0.037594643434645914,0.9094497052758058
204.38080316997366,0.8687235646603712,0.0031467821553307074,0.8655767825050404
204.40123695960938,0.8657690286060616,0.04988062530542814,0.8158884033006335
204.42167084878747,0.8499489485587741,0.08069218526116417,0.76925676329761
204.44210483796633,0.8195794735001652,0.084373011780155,0.7352064617200103
204.46253862667072,0.7835412853734733,0.06130473159944827,0.7222365537740251
204.4829725149175,0.7471532419405855,0.010884935089620296,0.7362683068509652
204.5034065029322,0.7183184405191096,-0.061170020792812974,0.7794884613119226
204.52384029070527,0.7110176622925477,-0.1387665487828984,0.8497842110754461
204.54427417802071,0.7711543143956988,-0.169727306109689,0.9408816205053878
204.56470806510333,1.014644685579826,-0.028518661735444262,1.0431633473152702
204.5851420519466,1.2455809378563332,0.10053311737240334,1.1450478204839298
204.60557583832997,1.4434424691258154,0.20874375508652188,1.2346987140392935
204.62600972448126,1.4482559046756276,0.14645773104705606,1.3017981736285715
204.6464437103932,1.3757036841755539,0.03662543707572685,1.339078247099827
204.66687749584526,1.300421484059674,-0.04295462990966015,1.343376113969334
204.68731138106523,1.233582850194311,-0.08245202313876754,1.3160348733330784
204.7077451658115,1.1723696886861479,-0.09021843062597323,1.2625881193121211
204.72817915056658,1.118633801237354,-0.07315228074365088,1.1917860819810049
204.7486130346224,1.0705146677856803,-0.04361887914976048,1.1141335469354408
204.76904691867094,1.0310311470537399,-0.00914487741758041,1.0401760244713203
204.7894808022611,1.000074206412038,0.021243182275716754,0.9788310241363213
204.80991468561842,0.97933128396843,0.043296279107090996,0.9360350048613391
204.8303485685028,0.9631716826327861,0.04924171658154408,0.913929966051242
204.8507823511609,0.9494503414331629,0.03873179955180872,0.9107185418813541
204.87121633335482,0.9365704643150953,0.015367481908119096,0.9212029824069762
204.8916502153079,0.9264639600969606,-0.01144261008058034,0.937906570177541
204.91208399703464,0.91588698191959,-0.036691578442926365,0.9525785603625163
204.9325179785301,0.9037605327187169,-0.05405742792893142,0.9578179606476483
204.95295185955183,0.8882755363028936,-0.060256163612021796,0.9485316999149154
204.97338564034726,0.8732601932495166,-0.04971382855566431,0.922974021805181
204.99381962067855,0.8665471828612482,-0.0166340192119534,0.8831812020732016
205.01425350076897,0.8656882078033383,0.03096160771975065,0.8347266000835877
205.03468738063384,0.8551737945984149,0.06934635813898293,0.785827436459432
205.0551211600323,0.8305508415252486,0.08459327560411622,0.7459575659211324
205.07555513919215,0.7957221356077713,0.07152613339205405,0.7241960022157172
205.0959890181257,0.7601990324928043,0.032602688078885445,0.7275963444139188
205.11642279659281,0.7279856609835008,-0.03186517173169201,0.7598508327151928
205.13685677458852,0.7108258908505904,-0.109661505644159,0.8204873964947494
205.15729065259075,0.7380015571559658,-0.16673356070027068,0.9047351178562365
205.17772443012655,0.9051589680351533,-0.09893907675855917,1.0040980447937125
205.198158307423,1.1691348825478916,0.06158923835614427,1.1075456441917473
205.21859228426183,1.384558996181371,0.18143175581566928,1.2031272403657016
205.2390260608663,1.459351704392445,0.17959824544688763,1.2797534589455575
205.25945993723872,1.4009546807896995,0.07209867631198397,1.3288560044777156
205.27989391313895,1.326017072342587,-0.019626292488949426,1.3456433648315365
205.3003276888121,1.2559834359081605,-0.07377891853514806,1.3297623544433086
205.32076156401308,1.193254104691753,-0.09199748078254855,1.2852515854743016
205.3411954389885,1.137861026513679,-0.08194111174370433,1.2198021382573834
205.3616293137311,1.0897280383973056,-0.05372419244075188,1.1434522308380575
205.3820631882336,1.0514480935920116,-0.015488336730244079,1.0669364303222557
205.4024970622777,1.0211062574385743,0.021140158249470797,0.9999660991891035
205.4229310358569,0.9990504352884481,0.04932334781455394,0.9497270874738941
205.44336480919446,0.9797563769230411,0.059912704101656944,0.9198436728213841
205.46379868230724,0.9639031760836835,0.05393108560702797,0.9099720904766555
205.48423245518643,0.9490608812748893,0.03297095583310039,0.9160899254417889
205.5046664275942,0.9369346483272553,0.005518065589286358,0.9314165827379689
205.52510029977566,0.9267302139254455,-0.021071780205517587,0.9478019941309631
205.54553417149145,0.9137718813957894,-0.043567544882809006,0.9573394262785984
205.56596804296714,0.8997643529996253,-0.05415405994265654,0.9539184129422819
205.58640191421728,0.8839089127004973,-0.050538732928452235,0.9344476456289496
205.60683578500175,0.87344032060563,-0.02609260173784711,0.8995329223434771
205.62726955555263,0.8733581013107153,0.019868697296419935,0.8534894040142954
205.64770352586493,0.8667432396132428,0.06306364475319914,0.8036795948600437
205.66813739571808,0.8460074333278118,0.08671669207086785,0.759290741256944
205.68857116533036,0.8135124442082987,0.0837632138673089,0.7297492303409898
205.70900513448578,0.778891799332731,0.05584346636675852,0.7230483329659725
205.72943900364044,0.743168483796873,-0.0011034884526935906,0.7442719722495665
205.74987277209584,0.7190313387002718,-0.075535909467498,0.7945672481677698
205.77030664054473,0.7243902777615818,-0.14636059598858875,0.8707508737501706
205.790740608536,0.8215391722566344,-0.14408001598532905,0.9656191882419635
205.8111743760528,1.08772550037506,0.01880439634716824,1.0689211040278919
205.83160824334482,1.295654323457212,0.12680758874030928,1.1688467347169027
205.85204221040476,1.4512541014546194,0.19747802105331225,1.2537760804013072
205.87247607722384,1.4269293924466337,0.11291239701523548,1.3140169954313983
205.89290984358377,1.3522832001482383,0.009038649355711748,1.3432445507925266
205.91334370971163,1.2797236345322824,-0.05967954846910861,1.339403183001391
205.9337776753673,1.2157169354592638,-0.08921338025086456,1.3049303157101284
205.97464530599245,1.1102485414607435,-0.0625111920549668,1.1727597335157103
205.99507927071681,1.0642848346429,-0.030789630126044853,1.0950744647689448
206.0155130352141,1.0276459323521403,0.004139759238582341,1.023506173113558
206.03594689924648,1.0011625746216806,0.03482159002520124,0.9663409845964793
206.05638076303876,0.9796072538980384,0.050980390357521554,0.9286268635405168
206.07681462660548,0.963407841785414,0.05189170821209976,0.9115161335733143
206.09724848970654,0.948792636952588,0.036499055959228976,0.912293580993359
206.11768235257477,0.9370999815492062,0.012026597447890142,0.925073384101316
206.13811631520366,0.9252215274472715,-0.01681602884179656,0.942037556289068
206.15855007737264,0.9139465311482271,-0.041049423528897844,0.954995954677125
206.17898393930227,0.9010474685427324,-0.05594850577850363,0.9569959743212361
206.1994177010056,0.8866269266144542,-0.05707118885120199,0.9436981154656562
206.21985166224476,0.8760591645780963,-0.03821945332044596,0.9142786178985423
206.24028552325035,0.8758558872842266,0.004155769934020781,0.8717001173502058
206.26071928378224,0.8766395616195716,0.05434319476130545,0.8222963668582661
206.2811532440901,0.8623609539029569,0.08762175089026458,0.7747392030126923
206.30158710415708,0.8331408521546125,0.09457753312829953,0.738563319026313
206.32202096376568,0.7978154336497264,0.0753245292306336,0.7224909044190928
206.3424547231407,0.760759874013467,0.02791038490570208,0.7328494891077649
206.36288868205156,0.7309156305684341,-0.041434948181580555,0.7723505787500147
206.38332254072157,0.7220393590157504,-0.11740158000947065,0.8394409390252211
206.40375629916525,0.7735035963679503,-0.1548438106948843,0.9283474070628346
206.42419025713752,0.9939933825738458,-0.03582277232082509,1.029816154894671
206.44462411488348,1.2129421590655107,0.08051750757267162,1.132424651492839
206.46505787239585,1.4096342379104787,0.18536425930308242,1.2242699786073963
206.4854917294433,1.439394045075311,0.14464821900484282,1.2947458260704683
206.50592568625143,1.3757383732547936,0.03961687654428969,1.336121496710504
206.52635944283247,1.3053457368066956,-0.0393243329936519,1.3446700698003475
206.54679329894861,1.2378478536484896,-0.0833112871172137,1.3211591407657033
206.56722725459258,1.1785007299771062,-0.09212491581171811,1.2706256457888243
206.5876610102423,1.124987506885303,-0.07649494923568456,1.2014824561209876
206.60809486542712,1.079179981952785,-0.04492089745066452,1.1241008794034495
206.628528720139,1.0417498311924462,-0.007369028783895892,1.0491188599763421
206.6489626746261,1.0133692552709475,0.027621696730350087,0.9857475585405974
206.66939642887883,0.9911738215764907,0.05080829677935694,0.9403655247971338
206.68983028289222,0.9726385832998179,0.05701468774928142,0.9156238955505365
206.71026423644798,0.9552160362990786,0.04500098319957602,0.9102150530995026
206.73069798953657,0.9409236292237697,0.02159804020754119,0.9193255890162285
206.75113184261863,0.9269985236183224,-0.008694391678993774,0.9356929152973161
206.77156559524155,0.9156566455570323,-0.03541782413825212,0.9510744696952844
206.79199954740034,0.9022751582494107,-0.055597230341877135,0.9578723885912879
206.81243339931825,0.8872338404615855,-0.06339424370507885,0.9506280841666643
206.8328672510106,0.8725018388852136,-0.05462572800584686,0.9271275668910605
206.85330110247014,0.8669376451929703,-0.02198354196751051,0.8889211871604809
206.87373495345673,0.8673483323749281,0.026183264390908678,0.8411650679840195
206.89416880398494,0.8592136380632164,0.06740745610564625,0.7918061819575701
206.91460255451238,0.8356214180381215,0.08537496977750558,0.7502464482606159
206.93503650433559,0.8030405045200367,0.07733061862324753,0.7257098858967892
206.9554703541653,0.7671569493167367,0.041563298722935293,0.7255936505938014
206.9759041035286,0.7342911158309523,-0.01978824647453792,0.7540793623054902
206.9963380526533,0.7157010071927778,-0.09555097854338657,0.8112519857361644
207.01677190131886,0.7385445474219822,-0.1543302832586121,0.8928748306805943
207.03720564975083,0.8825445890369473,-0.10833062428765772,0.990875213324605
207.05763949794346,1.135283144621116,0.04081875348298203,1.094464391138134
207.0780733456777,1.3343742592465566,0.14266396650935587,1.1917102927372007
207.0985071931791,1.433401754688193,0.1620857222631813,1.2713160324250117
207.11894104020757,1.3880655382176024,0.06375798474256977,1.3243075534750326
207.13937498701125,1.3167835818762188,-0.028574124052442862,1.3453577059286617
207.15980873358058,1.2502900746145003,-0.08324078675172686,1.3335308613662271
207.18024257967772,1.1903665361930393,-0.10196291201822882,1.2923294482112682
207.20067642554932,1.1364245235075174,-0.09261406471052336,1.2290385882180408
207.22111027118808,1.0884477158393953,-0.06503514717267622,1.1534828630120715
207.2415441163539,1.0486990567655707,-0.027706077207221513,1.0764051339727922
207.26197796129418,1.0182642363639263,0.010524713266058194,1.007739523097868
207.2824118057688,0.9950846413701989,0.04001836886474275,0.9550662725054562
207.3028456500033,0.9765520996252217,0.054048522258976384,0.9225035773662453
207.32327949401224,0.9593850030723227,0.049168914942165354,0.9102160881301573
207.34371323755477,0.9440724678023582,0.029458191376871,0.9146142764254872
207.3641471808587,0.931909037437187,0.002707331029023985,0.929201706408163
207.3845810237035,0.9201761928275086,-0.025739717600031464,0.9459159104275401
207.4050147663147,0.9106213738478136,-0.04610653811889054,0.9567279119667041
207.42544870868733,0.8968394494631104,-0.0583793328665132,0.9552187823296237
207.4458825506008,0.8814583959668711,-0.05639989893535868,0.9378582949022298
207.46631629228068,0.8699531872173688,-0.03480914451104111,0.9047623317284099
207.48675013372122,0.8664457843946258,0.006653348949750004,0.8597924354448758
207.50718407470413,0.8609881586039037,0.05100970498045476,0.8099784536234489
207.5276178154527,0.8429288520720215,0.07857199280512994,0.7643568592668916
207.54805165572907,0.8130518679740768,0.08063478361918275,0.732417084354894
207.5889193355979,0.7501049371849495,0.010193881754561818,0.7399110554303877
207.60935317494295,0.725033450836899,-0.06152732124044791,0.7865607720773469
207.62978701406246,0.7257006171381005,-0.13404489612501325,0.8597455132631138
207.65022095271706,0.8077549819619143,-0.14498147613704504,0.9527364580989593
207.67065469136287,1.0535471465881088,-0.0020521970664015843,1.0555993436545104
207.69108852931822,1.2438465818563031,0.08721683525210056,1.1566297466042026
207.71152246727434,1.41366960179524,0.1695868830710452,1.2440827187241947
207.731956204756,1.4082410210727032,0.10031214477637551,1.3079288762963277
207.75239004178002,1.3434598197109637,0.0021117143477886735,1.341348105363175
207.77282377857046,1.2759254715600437,-0.06578280700358086,1.3417082785636245
207.7932577151223,1.2144149269014164,-0.09646767555080693,1.3108826024522233
207.81369155121502,1.158617163874543,-0.09623431996405585,1.254851483838599
207.83412528707413,1.1085218539857813,-0.07413810086674721,1.1826599548525285
207.85455922269466,1.0633230949084256,-0.04158453194137879,1.1049076268498044
207.87499305785605,1.0257915363839518,-0.006239660919550527,1.0320311973035023
207.8954268927846,0.9988767491926803,0.026222332445771213,0.9726544167469091
207.91586062747228,0.9778296113630571,0.045537992604019806,0.9322916187590373
207.9362945617031,0.960058971222417,0.04745068265450336,0.9126082885679137
207.9567283954675,0.9441522705457904,0.03279150706234657,0.9113607634834439
207.97716212923115,0.9309068155200739,0.00789626215658712,0.9230105533634868
207.99759606229054,0.9199906381735057,-0.01991428778326154,0.9399049259567672
208.01802989535645,0.9088289469972478,-0.04498068491246632,0.9538096319097141
208.03846362794866,0.8973586582415087,-0.060169745253988105,0.9575284034954968
208.05889746031608,0.8832434660116828,-0.06308003890956315,0.946323504921246
208.0793313922186,0.8711982319661437,-0.04769182711513864,0.9188900590812823
208.09976512388675,0.8690048616049212,-0.008708531396538377,0.8777133930014596
208.12019895531557,0.8694942331810822,0.04075479351063993,0.8287394396704423
208.14063288628677,0.8584832252542799,0.07806757948586396,0.7804156457684159
208.1610667170171,0.8319641232333749,0.08970615338048826,0.7422579698528866
208.18150044728827,0.7980743962547494,0.07488828143203052,0.7231861148227189
208.20193427732738,0.7634072352292052,0.03349371892953745,0.7299135162996677
208.22236820712715,0.7332940095543216,-0.03237221991838146,0.765666229472703
208.242801936467,0.7219980160793193,-0.10745304423685276,0.8294510603161721
208.2632357655748,0.765125804447361,-0.15088496382774497,0.916010768275106
208.2836696942104,0.961382219805241,-0.055092355494449685,1.0164745752996907
208.30410342261894,1.1735864011706463,0.05397727900973681,1.1196091221609095
208.3245372507954,1.3702293615196504,0.15675486045790255,1.2134745010617478
208.3449710785062,1.4282463373840588,0.14104520462104797,1.2872011327630108
208.3654049059769,1.374358774305942,0.04174447466539766,1.3326142996405443
208.38583873322204,1.30498030135801,-0.040450734381197284,1.3454310357392072
208.40627255999425,1.2407785902599666,-0.08506008197838799,1.3258386722383546
208.42670638630807,1.1839907235141003,-0.09437233379390242,1.2783630573080027
208.4471402126219,1.1334900980093616,-0.07756285488068593,1.2110529528900476
208.46757403847005,1.0905523989156813,-0.04356804099584388,1.1341204399115252
208.4880077638445,1.054849451296393,-0.003417671097176278,1.0582671223935693
208.50844168899494,1.0256752216537235,0.032701172312514015,0.9929740493412095
208.5288755139045,1.0045862054553436,0.05953938031760109,0.9450468251377425
208.54930923858774,0.9855304507949652,0.06788676387238335,0.9176436869225818
208.56974316280684,0.9687089717504165,0.058754933655113195,0.9099540380953033
208.59017698655225,0.9542122669853277,0.036644965071002344,0.9175673019143253
208.6106108100721,0.9414330371725764,0.007973426361836067,0.9334596108107404
208.63104453335836,0.930607017904315,-0.018816835667122223,0.9494238535714372
208.65147845640604,0.9196694539931213,-0.03802068651502477,0.957690140508146
208.67191227899457,0.9055469818212198,-0.046905526501714756,0.9524525083229346
208.69234600111668,0.8907030317603212,-0.040334257014163044,0.9310372887744842
208.7127799230002,0.8811196872129219,-0.013385162717680088,0.894504849930602
208.7332137446574,0.8776086900299848,0.030027747341975886,0.8475809426880089
208.75364746608102,0.8679914076759289,0.07007182657221411,0.7979195811037147
208.77408128703246,0.8459713972584791,0.0911487476047157,0.7548226496537634
208.79451520752627,0.8145549238727672,0.08692254367238772,0.7276323802003795
208.81494892801857,0.7799608258420779,0.05589450827787801,0.7240663175641999
208.83538274804596,0.7483323441520078,-0.0004489602547472771,0.748781304406755
208.85581666760118,0.7291535124151453,-0.07326249195069401,0.8024160043658393
208.8762503869293,0.7459521639707489,-0.13532403066802046,0.8812761946387694
208.8966842060181,0.8723348318159002,-0.10539807631208997,0.9777329081279902
208.91711802464852,1.1161099753568684,0.03484549232250189,1.0812644830343665
208.95798566121084,1.4359728102841403,0.1735467940950166,1.2624260161891236
208.97841947890265,1.406045851427685,0.08682430677512865,1.3192215446525564
208.99885339613684,1.3363886932354885,-0.008134660665628957,1.3445233539011174
209.01928711336222,1.2693464299947081,-0.067467124028745,1.3368135540234531
209.03972093013,1.2111029023930084,-0.08794397127235642,1.2990468736653649
209.06015464643133,1.1578090415913984,-0.08027254440569598,1.2380815859970944
209.08058856250136,1.1092310467775677,-0.054269207275533526,1.1635002540531012
209.10102237833053,1.0667425796713579,-0.019283565630803245,1.0860261453021611
209.1214561937013,1.031705150813242,0.015914988418670672,1.0157901623945713
209.14189000883198,1.0051765276205284,0.04442793634284481,0.9607485912776836
209.1623238237371,0.9823607818160823,0.05685436124407117,0.9255064205720112
209.18275763817655,0.9655778183778283,0.05483782462372522,0.9107399937541031
209.20319135238242,0.9511671600177882,0.037859650841482906,0.9133075091763053
209.22362526611687,0.9393230002358135,0.012303538450425311,0.9270194617853882
209.244059079625,0.9283468287877331,-0.0155810488039837,0.9439278775917168
209.26449279289955,0.9178440050946997,-0.03806385437019566,0.9559078594648953
209.28492670570267,0.9048640012625805,-0.05138908412292997,0.9562530853855105
209.30536051827949,0.8909273201410688,-0.05007939856685595,0.9410067187079247
209.32579423038987,0.8813622656698107,-0.02843343624302297,0.9097957019128337
209.34622804226092,0.8802852653124065,0.014266831561477789,0.8660184337509287
209.36666195390717,0.8782856957318512,0.061934004689776834,0.8163516910420744
209.38709566508624,0.8621064227812235,0.09245137776764134,0.7696550450135822
209.40752947602596,0.8334071552323655,0.09795366295590768,0.7354534922764578
209.42796338650805,0.7980600773119689,0.07579753758425045,0.7222625397277185
209.44839719675656,0.764056255991402,0.028022790029540556,0.7360334659618615
209.4688309067642,0.7382599226287111,-0.04073005675267605,0.7789899793813871
209.4892647163142,0.736928081822592,-0.11213243036331144,0.8490605121859034
209.50969862562488,0.8085846032741691,-0.13142163348700064,0.9400062367611698
209.53013233447564,1.03955234428269,-0.0026816330458723225,1.0422339773285623
209.55056614309433,1.2220278333179027,0.07785391103669093,1.1441739222812117
209.57100005148095,1.404090881930904,0.17010544295881003,1.233985438972094
209.5914337593931,1.4188309599875029,0.11750421007104506,1.3013267499164578
209.61186756708048,1.3547661923925831,0.0158683590676989,1.3388978333248842
209.6323013743022,1.2862425433622222,-0.05725266681924501,1.3434952101814672
209.6527351812838,1.2249157900506071,-0.0915048366218627,1.3164206266724698
209.67316898803983,1.16952722314825,-0.09364525021066017,1.2631724733589103
209.69360279433022,1.1212763749198555,-0.07120208683700313,1.1924784617568587
209.71403670038126,1.0761627174831423,-0.038670954790733125,1.1148336722738754
209.73447040620522,1.0392804854794626,-0.0015122738231021504,1.0407927593025648
209.75490421156428,1.0103074133805403,0.031013226552518258,0.979294186828022
209.77533791644964,0.9863787451878769,0.050071357069880196,0.9363073881179967
209.79577182111097,0.967820620058822,0.05380970958669551,0.9140109104721265
209.81620562553871,0.9512774573747363,0.04063439713823014,0.9106430602365062
209.83663932972559,0.9384496801564041,0.01741664834852552,0.9210330318078785
209.8570732334556,0.9273861603933813,-0.010332917983633672,0.937719078377015
209.87750703671918,0.9163429791640412,-0.03610697143899644,0.9524499506030376
209.8979408399755,0.9043914013743307,-0.053418032709600216,0.9578094340839309
209.91837454253982,0.8905437335348767,-0.05813378563448912,0.9486775191693658
209.93880844510568,0.8788852115907602,-0.04438840358313434,0.9232736151738945
209.95924224719784,0.8740890999231897,-0.009510248878255356,0.8835993488014451
209.97967594906368,0.873436762538138,0.03823905981664244,0.8351977027214955
210.00010985046538,0.8616786274023629,0.07541250403633548,0.7862661233660274
210.0205436516262,0.8372383332884362,0.09096395659852996,0.7462743766899063
210.0409773523279,0.8037703021786305,0.07945745228370216,0.7243128498949284
210.06141125279828,0.7698168845105985,0.04235697059298238,0.7274599139176161
210.0818450530278,0.7401063058818351,-0.01933782342489887,0.759444129306734
210.10227875279816,0.7260597064030806,-0.09377305120498358,0.8198327576080642
210.12271255233645,0.7612166937520217,-0.14267797744013055,0.9038946711921523
210.14314645140257,0.9354033045231473,-0.06776136457304238,1.0031646690961897
210.16358015024161,1.145910198360652,0.03928367823469947,1.1066265201259526
210.1840139488486,1.333624247329764,0.13129255956207508,1.2023316877676888
210.20444784698338,1.4159246116254078,0.13674860272352451,1.2791760089018833
210.22488164489187,1.3719610351907128,0.043401817307140655,1.3285592178835721
210.24531534233392,1.3068055377525425,-0.03884597070487983,1.3456515084574223
210.26574913953664,1.2454460608438458,-0.08461163256518844,1.3300576934090342
210.28618303651456,1.1889018843404808,-0.09687558447868172,1.2857774688191626
210.3066167330253,1.1377490487501742,-0.08272500261207538,1.2204740513622496
210.32705052929668,1.0930046310729802,-0.051165700584066665,1.1441703316570468
210.34748442511045,1.0529295921025714,-0.014672919215185098,1.0676025113177565
210.36791812068986,1.021354088822505,0.020853813992335324,1.0005002748301697
210.38835191602993,0.9959193757278277,0.0458412695397068,0.9500781061881209
210.40878571091162,0.9756981955200225,0.05570165003738137,0.9199965454826411
210.42921950556047,0.9597024414660611,0.04975293836977457,0.9099495030962865
210.44965329973638,0.9458173211713207,0.029871641055347786,0.9159456801159729
210.47008709368674,0.9353594387064661,0.00413505837174255,0.9312243803347235
210.49052088740427,0.9254484269128236,-0.022192802730717442,0.947641229643541
210.51095468064887,0.9152416897202726,-0.04203787348929977,0.9572795632095724
210.5313884736679,0.9025781327663238,-0.051427368549699204,0.954005501316023
210.55182216622052,0.88872841784957,-0.04596671186384427,0.9346951297134143
210.57225605853455,0.8781049704277412,-0.021812662223816393,0.8999176326515576
210.59268985062226,0.8754588679122179,0.021503716040299103,0.8539551518719188
210.61312354224356,0.867507901962392,0.06336100486998797,0.8041468970924041
210.63355743362627,0.846918368151736,0.08725024114200508,0.759668127009731
210.65399112454907,0.8176159691000174,0.08766451933605102,0.7299514497639664
210.6744249152398,0.783560361287573,0.0605498857616521,0.7230104755259209
210.6948587054576,0.7509000002364643,0.006938072175754373,0.7439619280607099
210.7152925954506,0.7302883262836715,-0.06370525091960222,0.7939935772032737
210.73572628520924,0.7409453706159518,-0.1290158314137092,0.869961202029661
210.7561600744957,0.8461341420193834,-0.11856203236600671,0.9646961743853901
210.7765939635574,1.0838360508428093,0.015864364735160175,1.0679716861076491
210.79702775238547,1.2530529906946035,0.08507072181172859,1.167982268882875
210.81746144073986,1.4050160839246348,0.1519178530399048,1.25309823088473
210.83789522886946,1.3944546746325022,0.08085089883434482,1.3136037757981573
210.8583290165334,1.3302900202399255,-0.012846257126612581,1.343136277366538
210.87876280395722,1.2657467685671564,-0.07385073398459752,1.339597502551754
210.89919659092266,1.206550708343965,-0.0988334734347267,1.3053841817786918
210.91963037765527,1.154729499106087,-0.09217742308971721,1.2469069221958042
210.94006416414777,1.1083384059454853,-0.0651430322722224,1.1734814382177077
210.9604979501819,1.0690774111002008,-0.026702912582913907,1.0957803236831147
210.98093173598318,1.0378369090523754,0.01373134087745731,1.024105568174918
211.00136552154436,1.0129394356453383,0.04616927783280411,0.9667701578125342
211.02179930664715,0.9913129992431642,0.06245630395448443,0.9288566952886798
211.04223299128353,0.9718923782058928,0.060336731835624935,0.9115556463702679
211.06266687568132,0.9552959511176657,0.04310968638439072,0.912186264733275
211.0831006598528,0.9420503691161247,0.01716242114059463,0.9248879479755301
211.10353434379067,0.930531111075666,-0.01132277772721757,0.9418538888028836
211.12396812725638,0.9200470320686023,-0.03484313962038632,0.9548901716889886
211.14440201026446,0.9079689132932625,-0.0490559958981821,0.9570249091914446
211.16483569303819,0.8933087963145231,-0.050579619456607716,0.9438884157711308
211.18526947557984,0.8801906303840155,-0.03443042731883961,0.9146210577028551
211.20570335788216,0.8735334417937496,0.0013840209553888094,0.8721494208383608
211.22613713972532,0.8672055064022635,0.044426462490029905,0.8227790439122336
211.2465708210948,0.8517720940594588,0.07660580822035679,0.775166285839102
211.26700470224023,0.824661459092632,0.08581777912785427,0.7388436799647777
211.28743848315207,0.792052599721936,0.06950304349647862,0.7225495562254574
211.3078721635975,0.7590448703973833,0.026404500326036584,0.7326403700713467
211.32830594380357,0.7336107032870096,-0.03825512025695388,0.7718658235439635
211.34873982378485,0.7281015771840681,-0.11061348824046557,0.8387150654245337
211.36917350329168,0.7859626654102286,-0.14148938960700752,0.9274520550172362
211.3896072825737,0.9977558028526239,-0.0310948697281086,1.0288506725807325
211.41004116139084,1.1738850392937983,0.042381822620676246,1.131503216673122
211.4304748399736,1.3605612203431672,0.13705964568045093,1.2235015746627163
211.4509086180842,1.3999662410600524,0.10574647634564882,1.2942197647144036
211.47134239596926,1.3441309061396114,0.008237480605780334,1.335893425533831
211.4917761736142,1.2782283010853774,-0.06652614790607103,1.3447544489914485
211.51220995080075,1.219850128091795,-0.1016769948537335,1.3215271229455285
211.53264372775448,1.1659542456142755,-0.10525707441637144,1.271211320030647
211.55307760423602,1.118490858504374,-0.0837016376742663,1.2021924961786403
211.5735112804905,1.076775838429074,-0.04805728316296176,1.1248331215920357
211.5939450565129,1.0433957745783702,-0.006379835373061971,1.0497756099514322
211.61437873206887,1.01612469611912,0.02987147263538037,0.9862532234837396
211.63481260738627,0.9939570107162605,0.0532815383298636,0.9406754723863969
211.6552463822445,0.9750723836950282,0.05933908578387537,0.9157332979111529
211.67568005686917,0.9580720606911273,0.047916432444354506,0.9101556282467728
211.69611393125524,0.9433963640616317,0.02423758468897308,0.9191587793726587
211.71654770518217,0.9310553900720847,-0.004441797718948148,0.9354971877910329
211.73698147863615,0.9210505908268114,-0.02987950978630105,0.9509301006131125
211.75741515209666,0.9089819424809948,-0.0488636973429778,0.9578456398239726
211.77784902509302,0.8953054328599738,-0.05545313003500263,0.9507585628949764
211.79828279761568,0.8811729452025028,-0.04624683332561552,0.9274197785281183
211.81871646991203,0.8713638512996676,-0.01797904766320646,0.8893428989628741
211.83915034197707,0.8671474648655985,0.02549629621057259,0.8416511686550259
211.85958411356842,0.8565008054962354,0.06423021950450336,0.7922705859917321
211.88001778493344,0.8339109483050162,0.08331498986646013,0.7505959584385561
211.90045155583357,0.8027709535779449,0.07691013620385279,0.7258608173740921
211.94131909692805,0.7440940806878679,-0.009597572724106329,0.7536916534119742
211.96175286689686,0.7276589766900476,-0.08294278949029887,0.8106017661803465
211.98218673662632,0.7536459537722837,-0.13837606698147786,0.8920220207537616
212.0026200059001,0.9022280890468464,-0.08768135429841772,0.9899094433452641
212.02305367492954,1.1210396992214098,0.02754107896325597,1.0934986202581538
212.04348734373343,1.3005653979262923,0.10970622765867666,1.1908591702676157
212.06392121207318,1.4094512862846842,0.1387706716964081,1.270680614588276
212.08435498017207,1.374219232081913,0.05026113420469058,1.3239580978772225
212.1047886478118,1.3078199920849298,-0.03750501624079261,1.3453250083257224
212.12522251522023,1.2444878834387703,-0.08931409014429215,1.3338019735830624
212.14565628215496,1.1883776892243698,-0.10447269675972537,1.2928503859840952
212.1660899490962,1.1375474649303206,-0.09217683094398899,1.2297242958743095
212.18652371533972,1.0918451698300438,-0.06238529260234671,1.1542304624323905
212.2069575813439,1.0513489973601025,-0.025762234117774785,1.0771112314778772
212.22739124712098,1.018367387914504,0.010049567138399329,1.0083178207761048
212.247825012666,0.9920346911455841,0.036575976985092185,0.9554587141604919
212.26825887773884,0.9721005315778906,0.04941077249030423,0.9226897590875863
212.28869264235254,0.9553296416683329,0.0451148339460149,0.910214807722318
212.30912630673265,0.9415344381830217,0.02705668922733584,0.9144777489556859
212.3295600708807,0.9298929748803862,0.0008882928051496819,0.9290046820752366
212.34999393478938,0.9197166153094573,-0.02602456893357641,0.9457411842430337
212.37042759823817,0.9105135529923898,-0.046136217155024806,0.9566497701474146
212.39086136121477,0.8972405070199178,-0.0580484000131789,0.9552889070330967
212.4112952239666,0.8844920478107959,-0.05360307791696206,0.938095125727758
212.43172888648405,0.8761465642800934,-0.02900031661516822,0.9051468808952616
212.4521626485366,0.87238546392949,0.012115062832137258,0.8602704010973528
212.47259651034983,0.868711978765337,0.05824303770578754,0.8104689410595495
212.49303017170314,0.8519133515416023,0.08714733142195741,0.7647660201196449
212.5134639328171,0.8236156393040616,0.09096123280371105,0.7326544065003505
212.5338976937055,0.7898468951326892,0.06742603988391038,0.7224208552487789
212.55433145412826,0.7581648997059874,0.018540348841518672,0.7396245508644688
212.57476521431818,0.7345934724124311,-0.05140257452164154,0.7859960469340727
212.5951988740344,0.738876889077553,-0.12007047801592019,0.8589473670934732
212.61563273352658,0.8263043474883922,-0.12548305708455632,0.9517874045729485
212.6360664927779,1.0616470477603035,0.00703957614222861,1.0546074716180749
212.65650015157007,1.2270845414403737,0.07137345867285272,1.155711082767521
212.67693391013017,1.3981136901322413,0.15476738437946702,1.2433463057527743
212.69736776822538,1.4015120132560066,0.0940519348181561,1.3074600784378505
212.71780142607895,1.3377188401673548,-0.0034744913826114665,1.3411933315499662
212.7382351834749,1.2724476398224136,-0.06942360152725624,1.3418712413496698
212.7586690406315,1.2143425545303375,-0.09698085567659209,1.3113234102069296
212.77910269756103,1.162477878435862,-0.09301664071689664,1.2554945191527587
212.79953645402566,1.11551767130717,-0.06788771359558421,1.1834053849027542
212.81997021025745,1.0729588128840626,-0.03269123571620991,1.1056500486002725
212.84040406601707,1.038006647442236,0.005332729286107174,1.0326739181561289
212.86083772154961,1.0106798029171884,0.037552558239250966,0.9731272446779374
212.8812714768428,0.9874697230196519,0.05491098950831774,0.9325587335113341
212.9017053316784,0.969296355984099,0.05662215863460929,0.9126741973494897
212.9221389862796,0.9539461079529088,0.04267961861002778,0.911266489342881
212.94257274041593,0.9415746090979628,0.018749737992912907,0.9228248711050498
212.96300639431138,0.9310168413908151,-0.00869334168289504,0.9397101830737101
212.98344024774997,0.9216996269395923,-0.031986742703326465,0.9536863696429188
213.0038740009477,0.9102017157029638,-0.04733724559419272,0.9575389612971565
213.02430775391986,0.8976364899676157,-0.04886357211910275,0.9465000620867184
213.04474150642636,0.8845905009971218,-0.034637418577102896,0.9192279195742247
213.06517525870004,0.877564609255504,-0.0006053692082057527,0.8781699784637097
213.08560901050078,0.8713873974064432,0.04214561230844738,0.8292417850979958
213.1060426620752,0.858756095005465,0.07788379641038967,0.7808722985950753
213.12647651341103,0.834081482100903,0.09150813939937696,0.7425733427015261
213.14691026428773,0.8014169127366554,0.07813762024810422,0.7232792924885512
213.16734391493083,0.7678950914371155,0.03816294703556644,0.7297321444015491
213.1877777651098,0.740329736169311,-0.024867206241609652,0.7651969424109206
213.20821151504788,0.7305212832669407,-0.09820285824509578,0.8287241415120364
213.22864516452682,0.7751998240179745,-0.13989586396703213,0.9150956879850066
213.2490789137737,0.9680389311587206,-0.04743320586828703,1.0154721370270077
213.26951276278123,1.1562085835616522,0.037570829452556076,1.1186377541090962
213.28994651132962,1.3488365709466388,0.13618803629612541,1.2126485346505134
213.3103801596444,1.4140459942381074,0.12742928208847837,1.286616712149629
213.3308140074878,1.3624761559218044,0.03014105119039301,1.3323351047314114
213.35124775510485,1.2954137019441965,-0.05006364923965023,1.3454773511838467
213.3716814022555,1.2342392682699377,-0.09194712118192006,1.3261863894518577
213.39211514939961,1.1808350606077074,-0.09811271344711447,1.2789477740548219
213.41254899585329,1.1322060599955401,-0.07957486769577526,1.2117809276913154
213.4329826420726,1.0882370776289485,-0.04664846639955411,1.1348855440285026
213.45341638805257,1.0498501655442085,-0.009115508265725047,1.0589656738099336
213.47385023380775,1.019150940489953,0.02562727868632253,0.9935236618036305
213.49428387909575,0.994713650631886,0.04931609096228562,0.9453975596696004
213.51471762391157,0.9753050386180446,0.05752068336027971,0.9177843552577649
213.5351514685026,0.9582843745267315,0.04837126499866673,0.9099131095280648
213.55558511285926,0.9452631005099114,0.02785796527675477,0.9174051352331566
213.57601885674376,0.9341128836405339,0.0008565383166915241,0.9332563453238424
213.5964526004027,0.9239828345575208,-0.025280775461975824,0.9492636100194967
213.6168863438288,0.913668912889861,-0.04397554222877453,0.9576444551186355
213.63732008678198,0.9011160992866463,-0.051450612827408815,0.9525667121140551
213.65775382927677,0.8878723690842921,-0.04344846962211413,0.9313208387064063
213.67818767177232,0.8775009206558546,-0.017427959024873374,0.894928879680728
213.69862131356058,0.8727079214810808,0.024625641557458056,0.8480822799236227
213.71905505535688,0.8630777547339237,0.06466759192366023,0.7984101628102634
213.73948869668675,0.8427328557276628,0.08752680926455048,0.7552060464631123
213.7599225375452,0.8135149036056736,0.08569579103758107,0.7278191125680925
213.78035627817735,0.7798125852592731,0.05582163370621529,0.7239909515530578
213.80079001857666,0.7485793011924209,0.0001645870726327825,0.7484147141197881
213.82122375850304,0.7294676538560282,-0.07230397784072395,0.8017716316967521
213.84165749820386,0.746619268607718,-0.1337919226791826,0.8804111912869006
213.86209123743902,0.8702231317843713,-0.10651574121279395,0.9767388729971652
213.8825248764333,1.1019598887615547,0.021704803584856602,1.080255085176698
213.90295871520357,1.2784445983158164,0.09936083382160144,1.179083764494215
213.9233924535074,1.4144683626406012,0.1527353295263052,1.261733033114296
213.94382609157037,1.3887388275660133,0.06992118788983537,1.318817639676178
213.96425992917648,1.32054317184467,-0.023903408376648505,1.3444465802213186
213.984693666549,1.2573070782216083,-0.0797490447069713,1.3370561229285796
214.0051273034478,1.2002077601787462,-0.09935036694202082,1.299558127120767
214.02556104012183,1.1489116094986807,-0.08986435357850642,1.238775963077187
214.04599477656302,1.104688719280575,-0.0595846968027518,1.1642734160833268
214.06642851253127,1.0658285134678966,-0.02094151071977457,1.0867700241876712
214.08686224827397,1.0346499996750933,0.01823846011255159,1.0164115395625417
214.107295983551,1.0101637247428152,0.04898059167216606,0.9611831330706492
214.12772971858794,0.9890502842854698,0.06332245414113513,0.9257278301443347
214.14816345339932,0.9701305001498102,0.059368027828982095,0.9107624723208281
214.16859708774427,0.9538897698181584,0.04070858121005305,0.9131811886081054
214.1890309216178,0.9408848402880348,0.014065176421986791,0.926819663866048
214.20946465549787,0.9295509663046734,-0.014189149922368305,0.9437401162270417
214.22989828867867,0.9184728127425053,-0.03733838616685803,0.9558111989093633
214.25033212185372,0.9064383664619088,-0.049866404355211835,0.9563047708171206
214.27076585456962,0.8926885639542377,-0.048542181497068015,0.9412307454513057
214.2911994868191,0.8801446597972306,-0.030032684631194906,0.9101773444284255
214.3116332188365,0.8722269803226058,0.005721264580167529,0.8665057157424383
214.33206705061457,0.8642124057535993,0.0473488129506755,0.8168635928029238
214.3525007819335,0.8483794321752673,0.07828453963783777,0.7700948925374296
214.37293441301154,0.8223887265982293,0.08666225433036079,0.7357264722678685
214.39336824386555,0.7875405822609857,0.06524916522850377,0.7222914170324819
214.41380197425315,0.755590559007103,0.019816825437501295,0.7357737335696017
214.43423560416704,0.730368487447358,-0.048070373689921175,0.7784388611372792
214.4546694338569,0.7291417996085072,-0.11911803503101703,0.8482598346395243
214.47510316331318,0.7975609898466172,-0.14147507204066323,0.9390360618872804
214.49553679229575,1.0203103430141598,-0.020893347874810786,1.0412036908889706
214.51597052105353,1.1912756054862932,0.04807101643363265,1.1432045890526605
214.5364043493464,1.3809489462766646,0.14775691298423932,1.2331920332924253
214.55683797739766,1.4041593561427452,0.10335853283945906,1.3008008233032862
214.57727170522412,1.3424669375054024,0.003773072292561741,1.3386938652128406
214.59770553258568,1.2773160414547982,-0.06630676131707092,1.343622802771869
214.6181391597056,1.2170571515079895,-0.09978698995277369,1.3168441414607632
214.6385728863679,1.1643046188087687,-0.09951269986645017,1.2638173186752188
214.65900661279738,1.1173988903537202,-0.07584512521434705,1.1932440155680673
214.6794404389875,1.0766763880866237,-0.038933468295301976,1.1156098563819257
214.69987406471773,1.0428605214121844,0.0013827123287590837,1.0414778090834254
214.72030778998305,1.0152740416436425,0.03546344967365289,0.9798105919699897
214.74074161500903,0.9933555756027793,0.05674252293882631,0.936613052663953
214.76117523980793,0.972317763341217,0.05821218325183475,0.9141055800893823
214.78160896414192,0.954711528824846,0.04414711683462702,0.910564411990219
214.80204268823582,0.9398966384849464,0.01904729809280925,0.9208493403921372
214.82247641210415,0.9279181588081302,-0.009596609875894058,0.9375147686840243
214.84291013550683,0.9161973641111495,-0.03611212073603298,0.9523094848471825
214.8633438586694,0.904662888271548,-0.05313775645748875,0.9578006447290367
214.88377758137358,0.8908434936155805,-0.057994757897394056,0.9488382515129745
214.92464502584335,0.8702240884857184,-0.013836346805577548,0.884060435291296
214.94507864761545,0.8675381423089901,0.03182101259890202,0.835717129710088
214.9655124689234,0.8571045180442857,0.07035421206786496,0.7867503059764207
214.9859461899905,0.8343675418207318,0.08774309686988435,0.7466244449508475
215.00637981083128,0.802625896816242,0.07818384243314735,0.7244420543830946
215.02681363120792,0.7690094457672325,0.04170000649479677,0.7273094392724357
215.04724735134369,0.7404305211713677,-0.01856409087144517,0.7589946120428128
215.0676809710203,0.7258188530770171,-0.09329062169556657,0.8191094747725837
215.08811469046486,0.7591334477176822,-0.1438320011704044,0.9029654488880866
215.10854850967007,0.9230863235300113,-0.07904445054666298,1.0021307740766743
215.12898222841613,1.1324835819808579,0.02687513272650599,1.1056084492543519
215.14941584669577,1.326264983437361,0.12481572137128083,1.2014492620660802
215.16984966496966,1.4206172709561289,0.14208411585800662,1.2785331550981223
215.19028338255157,1.3750283067399176,0.04680185795255842,1.3282264487873592
215.21071700013272,1.3069259548349443,-0.03873018034375031,1.3456561351786946
215.2311507172417,1.2451083702395511,-0.08527206151179123,1.3303804317513424
215.25158453389304,1.189347337157355,-0.09700912838235975,1.2863564655397148
215.27201815031003,1.1402320701532924,-0.08098355106683797,1.2212156212201304
215.29245186649496,1.0969408595277368,-0.04802373833135043,1.1449645978590872
215.3128856822077,1.0611178075937573,-0.007223488291337343,1.0683412958850946
215.33331929769338,1.0311939402772472,0.030099672783987952,1.0010942674932592
215.35375301270687,1.0074719553544882,0.05700150836864337,0.9504704469858448
215.37418672749482,0.9875625909292877,0.06739199334014645,0.9201705975891412
215.39462044204993,0.9694358302727117,0.05950625396181519,0.9099295763108965
215.41505415613938,0.9541676407999248,0.038376975995351836,0.9157906648045729
215.4354878697559,0.9401991097686988,0.009183648789822696,0.9310154609788761
215.45592158314685,0.9276166826758772,-0.01984916587762653,0.9474658485535037
215.4763552962977,0.91674581390624,-0.04046862345055269,0.9572144373567927
215.496789009223,0.9027121448609339,-0.05138950820118959,0.9541016530621235
215.51722272168263,0.8906682237214932,-0.04429918852867054,0.9349674122501638
215.5376564336766,0.8821054025361665,-0.01823597535043453,0.9003413778866011
215.55809014543047,0.8789729041180688,0.024504261910775926,0.8544686422072929
215.57852375695802,0.8736347553969536,0.06897291444998344,0.8046618409469701
215.59895756801416,0.8566591397191949,0.0965746701225948,0.7600844695966001
215.61939117884322,0.8257461526001819,0.09557134949640522,0.7301748031037767
215.63982488920738,0.7910226207119888,0.06805355310994943,0.7229690676020394
215.66025869933947,0.7586246360019512,0.015004288479171568,0.7436203475227796
215.68069240899786,0.7363254861290105,-0.05703442632402922,0.7933599124530397
215.70112601866276,0.7446632517374239,-0.12442552903825266,0.8690887807756765
215.72155972762994,0.8431492417182876,-0.12052696348330871,0.9636762052015964
215.74199353635777,1.0687599214960068,0.0018394674438388936,1.066920454052168
215.76242714485852,1.261930030052524,0.09490658844203992,1.167023441610484
215.80329466069088,1.423229677712688,0.1100862784267711,1.313143399285917
215.8237282682603,1.3525874590816753,0.00957530917153826,1.343012149910137
215.84416197536484,1.2836414944249268,-0.05616651067674394,1.3398080051016708
215.86459568199643,1.2236403636992441,-0.08224164754872465,1.3058820112479688
215.8850293886353,1.1713513162817977,-0.07625647060081864,1.2476077868826163
215.90546309457568,1.1238674826156114,-0.05041080680136201,1.1742782894169734
215.92589680050878,1.0811291310445175,-0.015431806221666289,1.0965609372661838
215.9463305059835,1.0440112148368632,0.019240665602048068,1.0247705492348151
215.96676421099255,1.0152965390009485,0.048048188095439204,0.9672483509055093
215.9871979157615,0.9919181169090234,0.06280265132643559,0.9291154655825878
216.00763152030413,0.973575670898084,0.0619713022375068,0.9116043686605771
216.02806532438262,0.95867778895646,0.04660528561364563,0.9120725033428144
216.04849902822025,0.9460909262632334,0.021403847897660255,0.9246870783655732
216.06893263159873,0.9337344907997082,-0.007919501577081434,0.9416539923767896
216.08936643473862,0.9221627652354488,-0.032612143124122084,0.9547749083595709
216.10980013741937,0.9096988607324964,-0.04735824007327305,0.9570571008057694
216.13023373986653,0.896863076260755,-0.0472347336818294,0.9440978099425844
216.1506674420816,0.8862292405140322,-0.028768382758920907,0.9149976232729531
216.17110124382452,0.8814588120044424,0.008814842201868234,0.8726439698025742
216.19153494534112,0.8781027512598409,0.05479186575918782,0.8233108855006531
216.2119685463913,0.8666365007294838,0.09099979926166002,0.7756367014678238
216.23240234720288,0.8394540696188023,0.10030112784170975,0.7391529417770926
216.25283604755532,0.8043173671681477,0.08170274988824522,0.7226146172799025
216.27326964767417,0.7703398104662271,0.03792961599050282,0.7324101944757243
216.29370344755444,0.741629966723724,-0.02970200866029893,0.771331975384023
216.31413714697555,0.7334068856831376,-0.10450729215441557,0.8379141778375532
216.33457074616308,0.7855045755929566,-0.14095883602002912,0.9264634116129857
216.35500444487843,0.9817594457573963,-0.04602478516448738,1.0277842309218836
216.375438243369,1.1838909211765603,0.053407157647670456,1.1304837635288898
216.39587184139236,1.390310650741313,0.1676606290378222,1.2226500217034908
216.4163055391764,1.4355641790130613,0.14192924722143418,1.2936349317916271
216.4367393365028,1.3731907556253193,0.0375533633595464,1.335637392265773
216.45717293359485,1.3007726437665301,-0.04407050629329823,1.3448431500598284
216.47760663044755,1.237667218199815,-0.08426229357150139,1.3219295117713163
216.49804032684187,1.1816813083312667,-0.09017349156166854,1.2718547998929353
216.51847412300413,1.1322563655349502,-0.07071912084800225,1.2029754863829525
216.53890771892475,1.0880827696661302,-0.037559128224203375,1.1256418978903335
216.55934141415491,1.048792446900391,-0.001710273546463581,1.0505027204468547
216.57977520937857,1.0161726369732964,0.0293587867915428,0.9868138501817536
216.6002088041423,0.9901368266161543,0.04911461343253409,0.9410222131836202
216.620642498674,0.9710854803012512,0.05522633223481055,0.9158591480664406
216.64107619274,0.9538600442866844,0.04376497948952318,0.9100950647971612
216.6615098865659,0.9390071364004899,0.02002813870267217,0.9189789976978178
216.68194357993343,0.9266482033053985,-0.008636222677609662,0.9352844259830082
216.70237727306812,0.9153402329645521,-0.03543242607886665,0.9507726590434188
216.72281096572988,0.9026065631563756,-0.05521019402376237,0.9578167571801379
216.74324465816608,0.8890725241221946,-0.0618295167007471,0.9509020408229417
216.76367835036945,0.8764418692454361,-0.05129905065912854,0.9277409199045646
216.78411194209912,0.8687854306715828,-0.0210208822382566,0.8898063129098394
216.80454573360475,0.8669816007329891,0.02479568815858768,0.8421859125744015
216.82497942464397,0.8596615561809802,0.06687976117343886,0.7927817950075413
216.84541301544232,0.8365707432681941,0.08558971211414779,0.7509810311540464
216.8658468057838,0.8035417931661679,0.07751445054009742,0.7260273426260705
216.8862804958917,0.7708219476184276,0.045452415308873007,0.7253695323095546
216.90671408575872,0.7392531063884629,-0.014011794638198571,0.7532649010266614
216.92714777516812,0.7199709191427227,-0.08991477491268685,0.8098856940554096
216.94758146411186,0.7403109362018704,-0.15077019168430594,0.8910811278861763
216.9680152530491,0.8770689790649997,-0.11177928703195195,0.9888482660969516
216.98844884129358,1.1132436901955385,0.02080678049008866,1.0924369097054498
217.00888262953958,1.312312230532432,0.12238867999380054,1.1899235505386314
217.02931621731113,1.4372040923704996,0.16722467002376584,1.2699794223467338
217.04974990462506,1.3955045650068922,0.07193441317031923,1.323570151836573
217.07018359170615,1.3215212766691626,-0.02376337640970072,1.3452846530788634
217.09061727854714,1.2540478313096237,-0.08004756046966399,1.3340953917792877
217.11105096492975,1.1975803052969731,-0.09583861789061254,1.2934189231875857
217.13148455107876,1.1505239576264978,-0.07995069127496901,1.2304746489014668
217.15191833675635,1.114101976595897,-0.0409479704409923,1.1550499470368893
217.17235202220763,1.0802418524027573,0.0023541997379843416,1.077887652664773
217.1927856071925,1.052041322929327,0.04308614818105916,1.008955174748268
217.21321939193876,1.0252507504242205,0.06935760315122741,0.9558931472729931
217.23365307645872,1.0005371538897794,0.07763822356643413,0.9228989303233452
217.25408676051302,0.977694248112592,0.06747591640814343,0.9102183317044485
217.27452034433372,0.9585288802944792,0.044196507837261034,0.9143323724572182
217.294954127683,0.9429543119179016,0.014162158701653604,0.928792153216248
217.315387810806,0.9294530422729139,-0.016098674296762594,0.9455517165696765
217.33582139345526,0.9159215536461263,-0.04064341021841511,0.9565649638645414
217.3562551758805,0.9009235317938558,-0.05444196235049481,0.9553654941443506
217.37668885807216,0.8858923401774114,-0.05246147082921837,0.9383538110066297
217.39712243979739,0.8724640466263569,-0.03310309521769561,0.9055671418440525
217.41755612105044,0.865154625935227,0.0043615264468156445,0.8607930994884113
217.43798990231153,0.8571261470962749,0.046120425436613544,0.8110057216596613
217.45842348286533,0.8393555543681003,0.07414135002353361,0.7652142043445667
217.47885716342716,0.8111129166109197,0.07819810175038222,0.7329148148605374
217.4992909435241,0.7762569542370388,0.05384139832864987,0.7224155559083889
217.51972462314734,0.742759589726967,0.003448020755326242,0.7393115689716407
217.54015820254426,0.7176865980202047,-0.06769117582872353,0.7853777738489283
217.56059188170912,0.717732612653151,-0.14034094091945426,0.8580735535726053
217.5810256604018,0.7923692829485097,-0.158378179479164,0.9507474624276737
217.60145923863456,1.0311987732927475,-0.022319719915276925,1.0535184932080244
217.6218929168681,1.2193877622794964,0.06468554413504157,1.1547022181444548
217.64232669462945,1.412449476870125,0.16991263946282653,1.2425368374072985
217.6627602719309,1.4121866039028939,0.10524489011566351,1.3069417137872303
217.68319394900027,1.3402474317437605,-0.000771732920970436,1.341019164664731
217.7036276255967,1.2698991520303335,-0.07214629532040728,1.3420454473507408
217.7240613019676,1.2090213575406688,-0.1027817619758562,1.311803119516525
217.74449497810565,1.1577170378278985,-0.09847950618067669,1.2561965440085752
217.76492865377077,1.1172616209222017,-0.06695993871617145,1.1842215596383732
217.80579600418423,1.0433630453870344,0.009981869851738878,1.0333811755352955
217.82622967891803,1.017306854064757,0.04365783779904309,0.9736490162657139
217.8466632534255,0.9935902317796189,0.06073391501329761,0.9328563167663213
217.86709702746884,0.9717208776674245,0.05896942733864308,0.9127514503287815
217.9079642743818,0.9309173092375344,0.00829213907180526,0.9226251701657291
217.92839804749383,0.9173995037922114,-0.02210022407738077,0.9394997278695921
217.94883172013215,0.9050263470046372,-0.048526367321097386,0.9535527143257346
217.9692653925449,0.8913165642723752,-0.06623405956971828,0.9575506238420934
217.98969896472408,0.8761867721575252,-0.070505917333756,0.9466926894912812
218.01013273643184,0.8641363939153471,-0.05545997600496955,0.9195963699203167
218.03056640768045,0.8598516717437205,-0.01881683943085477,0.8786685111745752
218.05099997869547,0.8610057309788044,0.03121479380012826,0.8297909371786761
218.0714337494719,0.854136627358333,0.07276561669589243,0.7813710106624405
218.0918674197892,0.8313506720504351,0.08843211782160154,0.7429185542288336
218.1123009898729,0.7974990937592322,0.07411708809824735,0.7233820056609849
218.13273475948517,0.7620239376780279,0.03248914362530286,0.729534794052725
218.15316842887114,0.7315754149824912,-0.03310902203233701,0.7646844370148282
218.19403566647088,0.7580260170600578,-0.1560681931581569,0.9140942102182147
218.2144694349263,0.9413382230279072,-0.07303686721803626,1.0143750902459434
218.2349030029145,1.1641860558902342,0.04661460694492847,1.1175714489453057
218.25533667067066,1.382974376764879,0.17123398304058357,1.2117403937242954
218.27577043795463,1.4504215418338398,0.16444832151708133,1.2859732203167584
218.29620400501153,1.3836694638298663,0.05164488223657715,1.3320245815932892
218.31663767159625,1.305877673954147,-0.03964578821082343,1.3455234621649703
218.33707133795542,1.2386630052556569,-0.08789992510568578,1.3265629303613427
218.35750500384893,1.1812970381633372,-0.09828777277442025,1.2795848109377574
218.3779386695096,1.1295972310727038,-0.0829797767231848,1.2125770077958886
218.39837233493017,1.0824535065497125,-0.053269698626323914,1.1357232051760364
218.41880599989236,1.0413003539117835,-0.018432215502045324,1.0597325694138289
218.43923966461443,1.0072431264913775,0.013113918046803397,0.9941292084445741
218.45967322887736,0.9805675079294974,0.03478143745154494,0.9457860704779525
218.480106992909,0.9599521016349115,0.04200875464469889,0.9179433469902126
218.5005406564742,0.9433727061586921,0.03349955666004001,0.9098731494986521
218.52097421979852,0.9282488106505392,0.011017026682564768,0.9172317839679744
218.54140788289806,0.9153535641776263,-0.017683360324893593,0.9330369245025198
218.56184164552542,0.902901968286092,-0.04618801380863202,0.9490899820947241
218.58227530792647,0.8897967672191445,-0.06779817546479583,0.9575949426839403
218.6027088698611,0.8751084896790152,-0.07758260665975791,0.9526910963387731
218.6231425313308,0.8619125121358782,-0.06971747577567489,0.931629987911553
218.64357629279402,0.8542525643331295,-0.04113898095490498,0.8953915452880344
218.66400985379732,0.8567821201662718,0.008152665988038543,0.8486294541782332
218.68444351433573,0.8579136935390201,0.058967381299595445,0.7989463122394247
218.70487727463478,0.8444872059046177,0.08886222694009893,0.7556249789645187
218.72531083470676,0.8170447623395892,0.08902084055295079,0.7280239217866384
218.74574449431384,0.7818213447789594,0.05791187594472735,0.723909468834232
218.76617815344798,0.7473043015251035,-0.0007103601423903427,0.7480146616674939
218.7866118125894,0.7240096529563357,-0.07705803478332374,0.8010676877396594
218.80704547103232,0.7330008916721387,-0.14646388996454296,0.8794647816366816
218.82747912946797,0.841443761265021,-0.13420651639023085,0.9756502776552518
218.847912887446,1.1015562665650165,0.02240619430380386,1.0791500722612126
218.86834644495684,1.3063322651489604,0.12824124022402428,1.1780910249249361
218.88878010222834,1.460093457516947,0.19912288185110394,1.2609705756658431
218.90921385927504,1.4209041038684322,0.10253253666339956,1.3183715672050327
218.92964741585456,1.3425696079054956,-0.0017882036776624144,1.344357811583158
218.9500810719619,1.270913972645079,-0.06640327043291916,1.3373172430779983
218.97051462807576,1.2098966189933746,-0.09021739243039328,1.300114011423768
218.99094838349265,1.1563157392264682,-0.08321787901063371,1.239533618237102
219.0113820389015,1.1081202850810088,-0.05699824190473679,1.1651185269857456
219.03181569385197,1.0650552481608102,-0.022529604112097923,1.0875848522729081
219.05224934833677,1.0282676709539336,0.011173682865851742,1.0170939880880818
219.07268300258147,1.0004052666304557,0.038742783011048276,0.9616624836194074
219.0931166566006,0.9791611794550067,0.05318636984678238,0.9259748096082243
219.11355021015333,0.9609237663617842,0.050131718771904143,0.9107920475898801
219.13398396346747,0.9462249369066352,0.03317734405794193,0.9130475928486933
219.15441761632246,0.9345676281932237,0.007962903363886609,0.9266047248293371
219.17485116894386,0.9233155174541094,-0.020221485014998875,0.9435370024691083
219.19528492109384,0.9124855524929237,-0.04322090606471929,0.955706458557643
219.2157185730175,0.9011351970712448,-0.05522576809111446,0.9563609651623592
219.2361521247076,0.8870220966788335,-0.05445246416512928,0.9414745608439627
219.2565857759255,0.8739549793902516,-0.03663789748745461,0.9105928768777062
219.27701952668576,0.8671229512870974,8.64696204753157e-05,0.8670364816666221
219.29745307721169,0.8620745186376448,0.04465237174299774,0.8174221468946471
219.31788672749826,0.8471266314670169,0.0765510775689936,0.7705755538980233
219.33832047732722,0.8198432095051887,0.0838182378540061,0.7360249716511826
219.35875412692258,0.7852877492078435,0.06296381653092253,0.722323932676921
219.37918767627707,0.7507119957228038,0.015220893339035424,0.7354911023837684
219.39962132517394,0.7228696438654815,-0.05496829379671608,0.7778379376621976
219.42005507359863,0.7151987738837052,-0.13218654594593793,0.8473853198296432
219.44048862179625,0.7721560383010837,-0.16581940337408108,0.9379754416751648
219.4609222697618,1.0032671679488072,-0.03680956614305564,1.0400767340918629
219.48135601726244,1.2203404119892711,0.07819694145467548,1.1421434705345956
219.50178956452146,1.4386513178078886,0.20633019286372978,1.2323211249441588
219.52222321132285,1.4516545303814372,0.1514328090942456,1.3002217212871916
219.54265685789142,1.3751569529270136,0.03669079077025783,1.3384661621567557
219.56309050398704,1.2983333846166756,-0.0454242833275289,1.3437576679442045
219.5835241498571,1.232773654059332,-0.08452932156213189,1.3173029756214638
219.60395779549435,1.175987279447254,-0.08853196279315556,1.2645192422404095
219.62439144065866,1.125051022535443,-0.06902842054606717,1.1940794430815103
219.64482508536457,1.0787263125645477,-0.03773273172047409,1.1164590442850217
219.6652587300705,1.0386081556159257,-0.003620568001872826,1.0422287236177985
219.6856924740714,1.008879291050575,0.0285009292082552,0.9803783618423199
219.70612601807807,0.9843349236024087,0.047382684551481646,0.9369522390509271
219.726559661387,0.9669248548720446,0.05271081573475578,0.9142140391372888
219.7469932046879,0.95083759474915,0.040354394134592075,0.9104832006145579
219.76742694753193,0.9383642987012725,0.01771180698389485,0.9206524917173776
219.78786048990878,0.926628510872196,-0.01066569080431956,0.9372942016765156
219.80829423204705,0.916929066314296,-0.035228327403257764,0.9521573937175538
219.828727873959,0.9049587665500177,-0.05283233502235196,0.9577911015723697
219.84916151540529,0.8915159081281273,-0.0574970345029816,0.9490129426311089
219.8695950566107,0.8768141395705453,-0.04714947833659566,0.923963617907141
219.8900286973585,0.8661998981439474,-0.018362635190026344,0.8845625333339737
219.91046243787423,0.8607737127322627,0.024490947143796404,0.8362827655884663
219.93089597814833,0.850493730269723,0.06321518733400389,0.7872785429357191
219.95132961773197,0.8281366920581215,0.08112975116702759,0.7470069408910939
219.97176335731638,0.7657627587258589,0.041178855502233436,0.7245839032236254
219.99219689642632,0.7611403285723335,0.033993940333759354,0.7271463882385741
220.01263053531147,0.7301580767881859,-0.028346967192950823,0.7585050439811367
220.0330640737302,0.7122370843652145,-0.10608348210042462,0.8183205664656391
220.05349781191035,0.733898784838065,-0.16805252998256726,0.9019513148206323
220.07393144963135,0.8862592569175608,-0.11474151817700118,1.001000775094562
220.0943650871195,1.1494050998853589,0.044911166290606985,1.104493933594752
220.11479872413474,1.378636386441663,0.17815374322652855,1.2004826432151345
220.13523236092442,1.4734245693041472,0.19559780446173325,1.277826764842414
220.15566599748126,1.4090205633391364,0.08116241011521486,1.3278581532239215
220.1760995335644,1.3265010217286002,-0.019155283393429645,1.3456563051220298
220.1965332691907,1.2566491140216915,-0.07407933482285411,1.3307284488445457
220.21696690481622,1.195869636713094,-0.09111598266611165,1.2869856193792057
220.2374004397425,1.1433817828867145,-0.07864208395149563,1.2220238668382102
220.257834174663,1.0968595939175567,-0.04897218343147358,1.1458317773490303
220.27826780889154,1.0574424853532798,-0.011707541098012975,1.0691500264512928
220.29870134311204,1.0263996212620479,0.024653229724461045,1.0017463915375868
220.31913497687492,1.0019493490391052,0.05104591583987461,0.9509034331992305
220.3395687101729,0.9828852095398948,0.0625195949649554,0.9203656145749394
220.36000234323,0.9653162464611972,0.05540349500803077,0.9099127514531664
220.3804358760608,0.9488114891204188,0.033185827156750225,0.9156256619636686
220.40086960842746,0.9363136355185676,0.005523054004042405,0.9307905815145252
220.42130324055324,0.9246415992454216,-0.022634642628999724,0.9472762418744213
220.44173677221988,0.9127959704288081,-0.04434782990110786,0.957143800329916
220.46217050365522,0.8986578602272468,-0.055548050491874834,0.9542059107191216
220.48260413461685,0.8843427785082668,-0.050920484954149026,0.9352632634624158
220.50303766535217,0.871884224805106,-0.0289180400689254,0.9008022648740314
220.52347129585542,0.8664291304642072,0.011401469478100279,0.8550276609861069
220.5439050258865,0.8593588468615835,0.054136337570201976,0.8052225092913815
220.56433855545765,0.8408059044013052,0.08026715332603906,0.7605387510752661
220.58477218479675,0.8117505918823309,0.08133146235516886,0.730419129527162
220.6052059138965,0.7756249187200394,0.05269972653665411,0.7229251921833852
220.62563944253634,0.7417233284584616,-0.001525564601729923,0.7432488930601915
220.6460730709441,0.7167218711883608,-0.07594784712857539,0.7926697183169362
220.66650669911178,0.7166698545601498,-0.15146797480682217,0.8681378293669719
220.686940426589,0.8001051197312419,-0.16245867251890178,0.9625637922501437
220.70737395406468,1.0683105031023923,0.002538810757190868,1.0657716923452014
220.72780758107547,1.2916712634963008,0.12569607249894665,1.1659751909973541
220.7482413078469,1.475240351835099,0.2237184375281951,1.2515219143069038
220.76867483415845,1.446321128955741,0.13368514099519224,1.3126359879605487
220.7891084599978,1.3627409876124332,0.019869247448950578,1.3428717401634827
220.80954198584368,1.2852214471655319,-0.05481160057587986,1.3400330477414117
220.82997571099258,1.2211581962696376,-0.08526311011442389,1.3064213063840615
220.85040933613345,1.1635396688278188,-0.0848302988489944,1.2483699676768132
220.89127658503276,1.0694853624907814,-0.02792827991633029,1.0974136424071117
220.91171020900947,1.0313647346046098,0.0058659552410569304,1.0254987793635528
220.93214383276063,1.0013384595533614,0.03356434141669373,0.9677741181366677
220.95257735604537,0.9787973804766609,0.04939460237259319,0.9294027781040677
220.9730110788587,0.9615192407647102,0.049856713919915085,0.9116625268447951
220.99344470167853,0.9465387124300159,0.03458570997527577,0.9119530024547401
221.0138782237991,0.9332847914281494,0.008813273207971317,0.924471518220178
221.03431194591394,0.9219588665581296,-0.019479495858959694,0.9414383624170893
221.05474556756963,0.9098853218356121,-0.04476474549011311,0.9546500673257252
221.0751790887589,0.8974594766224423,-0.05963240593147778,0.9570918825539201
221.09561270971608,0.8836455884218545,-0.06067929220202284,0.9443248806238773
221.11604643043393,0.8717554046865889,-0.04365092612836785,0.9154063308149567
221.13647995069186,0.8686980056640737,-0.0044837383228181205,0.8731817439868919
221.15691357047763,0.8680430343829199,0.044153254825440524,0.8238897795574793
221.1773472900386,0.8561015483940805,0.07995264539668989,0.7761489029973906
221.19778090936597,0.8303865280408809,0.09089602146124842,0.7394905065796324
221.21821442822693,0.7585606764119515,0.035873954562888555,0.7226867218490629
221.2386481468493,0.7578577456531962,0.02569674844385683,0.7321609972093394
221.25908176524536,0.7260913569841452,-0.04466001458064062,0.7707513715647858
221.2795152831677,0.7127043274090177,-0.12433761348313488,0.8370419408921526
221.29994890063244,0.7513234037393195,-0.17406260933975326,0.9253860130790728
221.32038251786435,0.9586150874600067,-0.06800574109184943,1.026620828551856
221.34081613486342,1.2108830447896173,0.08151329302639532,1.129369751763222
221.36124975138955,1.4462577774296665,0.2245395291378538,1.2217182482918127
221.38168336769013,1.4789857253068868,0.18599280940234575,1.292992915904541
221.40211698351777,1.3973064249229514,0.06195341588265513,1.3353530090402963
221.42255059911986,1.3151178408551751,-0.029817041598493965,1.344934882453669
221.44298411425552,1.2453101577262575,-0.07705389199322688,1.3223640497194844
221.46341782915988,1.1854699498302974,-0.08708324326551775,1.2725531930958152
221.48385144359054,1.1313945497998175,-0.07243340826888689,1.2038279580687044
221.50428495779488,1.0832764460768989,-0.043247874833808986,1.1265243209107079
221.52471867176064,1.0403847739382808,-0.010912737995143695,1.0512975119334245
221.54515228526725,1.0078865873874305,0.020457075401647096,0.9874295119857834
221.56558579854027,0.9828780409286316,0.04147300143197985,0.9414050394966518
221.5860194113484,0.9637799653708882,0.047778477147813136,0.916001488223075
221.60645312391716,0.9483450115436611,0.038311129369611785,0.9100338821740493
221.62688663602603,0.9337465904975972,0.014959578690098563,0.9187870118074987
221.64732024790283,0.9223486493772771,-0.012706615398279553,0.9350552647755567
221.66775395930745,0.9107297877441711,-0.03987268376105846,0.9506024715052296
221.68818757048575,0.8974442483940901,-0.06034106948964957,0.9577853178837397
221.70862108143046,0.8831191579940414,-0.06793826136129666,0.951057419355338
221.729054691903,0.8702820001697231,-0.05780731362585134,0.9280893137955745
221.74948840215075,0.8643288272391664,-0.025980375174030845,0.8903092024131972
221.7699219119313,0.8643538081827858,0.02158651357069641,0.8427672946120894
221.79035552147252,0.8573910602813348,0.0640528575852719,0.7933382026960629
221.8107892305561,0.8354119175317252,0.08401143317511106,0.7514004843566141
221.83122273940535,0.8016942363129079,0.07548437065803004,0.7262098656548779
221.8516563477824,0.7657606347128937,0.040517275709961,0.7252433590029327
221.87208985593315,0.7309361863893953,-0.021865448044211422,0.7528016344336067
221.89252356361976,0.7088075236628057,-0.10029970327564341,0.8091072269384492
221.9129571710655,0.7185889612505468,-0.17146856590358528,0.8900575271541321
221.93339077828568,0.8389298472237868,-0.1487589502730261,0.9876887974968129
221.9538243850402,1.126885782638794,0.03560975988288417,1.0912760227559097
221.97425799155462,1.3688228678749244,0.17992530776267857,1.1888975601122458
221.99469159761065,1.4936057374879468,0.22439610284195277,1.269209634645994
222.0151251034331,1.4331801856063515,0.11003875181862499,1.3231414337877265
222.03555880878412,1.3458060597374355,0.0005706476110272085,1.3452354121264083
222.05599241390883,1.26972150877544,-0.06468952232782721,1.3344110311032673
222.07642591879994,1.205438037764335,-0.08859820115022621,1.2940362389145612
222.09685962321964,1.1502697053774358,-0.0810216838549429,1.2312913892323787
222.1172932271802,1.10002472304656,-0.05592001934555002,1.15594474239211
222.13772673090716,1.0555257965526594,-0.02321144473800474,1.0787372412906642
222.15816043439554,1.0183945342833225,0.008740615319050571,1.009653918964272
222.17859403742477,0.9903119204906445,0.03393980366086291,0.9563721168297816
222.19902764022117,0.9710556179982912,0.04792322684761807,0.9231323911506731
222.21946114254388,0.9545947536892092,0.044367451514633505,0.9102273021745757
222.23989484464255,0.940474355108187,0.02629614629697119,0.9141782088112158
222.2603284462748,0.9294932605821049,0.0009298211992226912,0.9285634393828822
222.28076194766618,0.9181961548160411,-0.02715065124111482,0.9453468060571559
222.30119564883353,0.9074703765892197,-0.04900259077100544,0.9564729673602251
222.32162924953445,0.894388341267421,-0.06106009196122053,0.9554484332286415
222.34206274976168,0.8793562825090517,-0.05927842804191663,0.9386347105509684
222.36249634999695,0.8670924516197166,-0.03893143685054745,0.906023888470264
222.38293004953448,0.8637615954315407,0.0024000550372504925,0.8613615403942902
222.40336354883038,0.8583348199783409,0.046744237242776876,0.8115905827355641
222.4237971479015,0.8409755679186702,0.07527257684073507,0.7657029910779352
222.44423084674054,0.8120466862090521,0.0788471779699842,0.7331995082390679
222.46466434510512,0.7825690713248096,0.06015789377549319,0.7224111775493164
222.48509794301208,0.7513014657409482,0.012329855692570613,0.7389716100483776
222.5055315406862,0.7268320444381235,-0.05787296462503022,0.7847050090631538
222.52596523788816,0.7239074112083146,-0.13321399108896248,0.8571214022972771
222.54639873509586,0.7899541510298269,-0.15965794090125496,0.9496120919310819
222.56683233160584,1.0615979034749587,0.009268564696742532,1.0523293387782162
222.58726602787647,1.319638344614473,0.16603934016587574,1.1535990044485973
222.60769952392002,1.5482670728744081,0.3066183778221463,1.2416486950522618
222.62813311949867,1.5342458721933048,0.22787446704368564,1.3063714051496191
222.64856671483722,1.4458358707308345,0.10501203684865423,1.3408238338821803
222.6690003099502,1.3617982058984461,0.019567665172921078,1.342230540725525
222.68943390459754,1.2916617624012898,-0.020660481565025313,1.3123222439663151
222.70986749877193,1.229681606252237,-0.027278322551179235,1.2569599288034163
222.73030109272077,1.1734886122499923,-0.011622674082545803,1.1851112863325381
222.75073468643677,1.1226497793850847,0.015296124246736653,1.107353655138348
222.77116827967984,1.077229242275183,0.04307388927058575,1.0341553530045973
222.79160177246376,1.0368924331212344,0.06266963585784813,0.9742227972633862
222.8120354652492,1.0017596039039118,0.06857385325418508,0.9331857506497268
222.83246895732736,0.9711267440403699,0.0582857668425687,0.9128409771978012
222.85290254941356,0.9433600043819825,0.03229495791381365,0.9110650464681689
222.87333624103485,0.9196365923789493,-0.00277465783367159,0.9224112502126209
222.89376973218168,0.8985547250211444,-0.0407176874006443,0.9392724124217887
222.91420332310372,0.8776445299117931,-0.07576333030894922,0.9534078602207423
222.9346370137937,0.8569932082875322,-0.10056981971720402,0.9575630280047362
222.9550705040092,0.8336683014112628,-0.1132331091245441,0.9469014105358069
222.97550409376709,0.8145283731904713,-0.10546826114951424,0.9199966343399856
222.99593768329214,0.8056429944917811,-0.0735677222578246,0.8792107167496057
223.0163712725771,0.803722719548606,-0.02666560100231452,0.8303883205509205
223.03680486140365,0.7978480997634955,0.015933204522447286,0.7819148952410482
223.05723844999739,0.7789714471722989,0.035675817265865994,0.7432956299064329
223.07767213835177,0.7505608848553796,0.02706567186414255,0.7234952129912371
223.09810562624625,0.7194203602590968,-0.00990080733062726,0.7293211675897241
223.11853921367583,0.6916077171240367,-0.07251947053136598,0.7641271876554027
223.13897270086454,0.6761134437470081,-0.15094900727935545,0.8270624510263636
223.15940638782922,0.7024759842264628,-0.21052669647583766,0.9130026807023005
223.17983997432748,0.8714164818862049,-0.1417605470336798,1.0131770289198847
223.2002734603593,1.1491412524797289,0.03273466936859726,1.1164065831111316
223.2207071463854,1.3901278196992983,0.17938078909762512,1.2107470306016732
223.2411407317195,1.4463401354381733,0.16107387435769693,1.2852662610804764
223.26157431704632,1.368717051216013,0.0370361783624904,1.3316808728535225
223.28200780168117,1.2839910935951446,-0.061577376887944846,1.3455684704830895
223.30244148631755,1.2113481794146899,-0.11562072224203312,1.326968901656723
223.32287507048022,1.1479452851669094,-0.13233078754505812,1.2802760727119675
223.34330855418375,1.0928494492780803,-0.12059389416352984,1.21344334344161
223.36374223765597,1.0428595518115555,-0.09377726959133414,1.1366368214028897
223.38417582088732,0.9964303986109034,-0.0641404945425409,1.0605708931534443
223.40460930365953,0.955835180097552,-0.03895797922772226,0.9947931593252742
223.42504288619966,0.9204129599050597,-0.02580131815133313,0.9462142780563928
223.44547656826762,0.8894613831508593,-0.02866057513213116,0.9181219582829905
223.4659100501085,0.861880870878864,-0.04795376116693806,0.9098346320458021
223.87458161471295,1.3205923230416234,0.002712384779800292,1.3178799382618231
223.89501518956968,1.25036536040055,-0.09389035543792912,1.3442557158384791
223.91544866372715,1.1865555405582455,-0.15104117692191066,1.3375967174801562
223.93588233788614,1.133290013074703,-0.1674251793061543,1.3007151923808573
223.95631591157144,1.0865492818395892,-0.15380743155208343,1.2403567133916726
223.97674938479759,1.045980147779493,-0.1200590190500872,1.1660391668295802
223.99718305778515,1.0081662104245834,-0.08030784634181587,1.0884740567663993
224.0176166305464,0.9746634336271517,-0.04317726490208862,1.0178406985292403
224.038050202842,0.9463146997866076,-0.01587452101469944,0.9621892208013071
224.05848367490398,0.9223488390479861,-0.0039003690862251528,0.9262492081342113
224.07891734649456,0.9010093778653196,-0.009820059390982072,0.9108294372563017
224.09935091785883,0.8831708183090926,-0.029735794584248132,0.9129066128933407
224.1197843887494,0.8690940868835801,-0.05727988622358726,0.9263739731071674
224.14021805941593,0.8531930682246304,-0.09012488117291417,0.9433179493975445
224.16065152961528,0.8384912222780434,-0.1171016254675954,0.9555928477456388
224.18108509958256,0.8232210689063465,-0.1332004057101256,0.9564214746164721
224.20151866930973,0.8074041370554544,-0.13433424280738937,0.9417383798628438
224.22195223857852,0.7949363410264713,-0.11610712811952517,0.9110434691459964
224.24238580737438,0.7959642416602861,-0.0716489817771715,0.8676132234374576
224.26281937594467,0.8009698987043008,-0.017059113108314428,0.8180290118126152
224.28325294428214,0.7971034478733772,0.02600490399351285,0.7710985438798643
224.30368651215394,0.7800961113150167,0.043745046711043845,0.7363510646039728
224.32412007978564,0.7547336169786438,0.03237264641329418,0.7223609705653496
224.34455364695896,0.7268052189008867,-0.008380384070098112,0.7351856029709848
224.36498721389216,0.70465714244664,-0.07252855926329993,0.77718570170994
224.38542078059982,0.6992006640664076,-0.14723357901256484,0.8464342430789724
224.40585424684105,0.7527089726455782,-0.18411216375249972,0.936821136398078
224.42628791261814,0.9997618879384833,-0.039086886326304304,1.0388487742647876
224.44672147815436,1.286639581221622,0.1456549051739049,1.1409846760477171
224.46715494346427,1.5345880666468967,0.30321901410018093,1.2313690525467158
224.48758850830927,1.5425866877119963,0.2430006884866085,1.2995859992253878
224.50802217291493,1.458936077017094,0.12072330219659033,1.3382127748205037
224.5284556370607,1.3773835361545483,0.03348438163233736,1.343899154522211
224.54888920097437,1.3077649633140618,-0.010033233728360402,1.3177981970424222
224.56932286441588,1.2481208248227293,-0.01715949762207769,1.265280322444807
224.58975642763107,1.1942068810875708,-0.0007807962659645007,1.1949876773535353
224.61018989037984,1.145494541183201,0.028110344355974037,1.117384196827227
224.63062345288927,1.1018135641077504,0.05876443535080211,1.0430491287569483
224.6510571151739,1.0638747753236828,0.08287368101602965,0.9810010943076531
224.67149057699135,1.030496962628708,0.0931704459573276,0.9373265166713803
224.69192413833662,1.0031540054022428,0.08881651079222064,0.9143374946100221
224.71235779968993,0.977849130728228,0.06744936509988797,0.91039976562834
224.73279126034322,0.9564112909259741,0.03596920254120517,0.9204420883847689
224.75322482099,0.9371341169405679,7.733651541497188e-05,0.937056780425153
224.77365848094632,0.9179485222351623,-0.034044384007894224,0.9519929062430565
224.79409194090113,0.8987945831822229,-0.05898578926039999,0.9577803724426229
224.81452550038375,0.878395518335146,-0.07080622716650353,0.9492017455016495
224.834959059408,0.8570201704180421,-0.06733259080235077,0.9243527612203929
224.8553927181929,0.8502826578540383,-0.0348238655027453,0.8851065233567836
224.8758261767507,0.8524432798966906,0.015545920303071448,0.8368973595936191
224.89625973484362,0.8501762034626554,0.06232366449667426,0.7878525389659812
224.91669339247164,0.8271626417943602,0.07973936191757403,0.7474232798767861
224.93712684985803,0.7934223489019244,0.06868256176153731,0.7247397871403871
224.95756040701963,0.7572164091878829,0.03024525515488352,0.7269711540329994
224.9779938637148,0.7229316917456554,-0.03504298097404668,0.7579746727197021
224.9984275201714,0.700818580178497,-0.11664629788874126,0.8174648780672382
225.01886107640166,0.7158472384848892,-0.1850017165651735,0.9008489550500627
225.03929463193344,0.8585132860836491,-0.14125831854660753,0.9997716046302566
225.05972818745795,1.1677716214204783,0.06449155190816991,1.1032800695123084
225.08016174252407,1.4211182003703944,0.2216905745232438,1.1994276258471506
225.10059529712453,1.5062940701093959,0.22924011781466835,1.2770539522947275
225.12102875171695,1.4316474167575652,0.10419535343065744,1.3274520633269078
225.14146240561968,1.3437131822452262,-0.0019377634921025066,1.3456509457373287
225.1618959592888,1.2662883865347319,-0.06481367874760369,1.3311020652823355
225.18232941271708,1.2007758076887387,-0.08689045595842293,1.2876662636471616
225.2027630656885,1.1413791902155972,-0.08152113801620686,1.222900328231804
225.2231966184263,1.0901318527415422,-0.05664320475984419,1.1467750575013864
225.24363007092325,1.0455020159705226,-0.024529637078233746,1.0700316530487564
225.26406362272974,1.0100062467814164,0.0075471892478529146,1.0024590575335635
225.284497274537,0.9842302808164332,0.03285147654051623,0.9513788042759169
225.30493072586978,0.9659683935175284,0.045385214302801735,0.9205831792147267
225.32536427674495,0.951755322646947,0.04185569229481301,0.909899630352134
225.34579792762088,0.9392895266964338,0.023838845519885687,0.9154506811765482
225.36623147779028,0.9275445058882918,-0.0030045815695521894,0.930549087457844
225.38666492773336,0.9157987540378717,-0.031272780828679125,0.9470715348665508
225.40709847744438,0.9045360466566496,-0.0525310464094898,0.9570670930661394
225.42753212668322,0.8902496170613338,-0.0640685539955117,0.9543181710568455
225.44796557569498,0.8742783456575196,-0.06130490533974842,0.935583250997268
225.46839912447467,0.8628632898865563,-0.038437869947176795,0.901301159833733
225.48883277254936,0.8612885005519655,0.005655182403140779,0.8556333181488247
225.5092662206298,0.8555018427802417,0.04967011001736665,0.805831732762875
225.52969976824534,0.8371274064332073,0.07609479496056204,0.7610326114726452
225.55013331538794,0.8069209205298118,0.0762349713181717,0.7306859492116401
225.57056686253782,0.7699273872779837,0.04704797040361086,0.7228794168743728
225.5910004089892,0.7343894569002101,-0.008458152812807374,0.7428476097130174
225.61143395520048,0.706019884574005,-0.08590202406553427,0.7919219086395393
225.6318675011862,0.7014464817044411,-0.1656590047437343,0.8671054864481754
225.65230104670627,0.7738149223155888,-0.18753877504509775,0.9613536973606865
225.67273459198623,1.0621080462872359,-0.002414107578736946,1.0645221538659728
225.69316813704063,1.3216751601716556,0.15684237969583026,1.1648327804758254
225.71360168162937,1.507853250340151,0.25723227321056585,1.250620977129585
225.7340351257444,1.4680838252914936,0.1560046962473336,1.31207912904416
225.75446866963466,1.3772424431192662,0.03452908004637778,1.3427133630728885
225.77490231329284,1.2929899097355273,-0.04728221087389861,1.340272120609426
225.79533575647656,1.2221766589392238,-0.0848267430276648,1.3070034019668886
225.81576929920266,1.161947549801579,-0.08724845927357117,1.2491960090751502
225.83620294169668,1.1101297298525623,-0.06596048798193,1.1760902178344923
225.85663638394908,1.0694943099889975,-0.028847767006130898,1.0983420769951284
225.87706992597668,1.0374635100231553,0.01116980973841808,1.0262937002847372
225.8975034673058,1.0121791135750438,0.0438288214900272,0.9683502920850166
225.9179371086284,0.9901662021354238,0.060446171900393475,0.9297200302350304
225.93837054949108,0.9700958724405405,0.058364711319888296,0.9117311611206522
225.95880408988887,0.9531005548135394,0.041272721384698174,0.9118278334288412
225.97923773004732,0.9365812800180846,0.012340268112730812,0.9242410119053538
225.99967116997868,0.9223571655925371,-0.018848813370984097,0.9412059789635212
226.02010470944515,0.907846167697871,-0.04666876551213872,0.9545149332100097
226.0405381484452,0.892151880009329,-0.06497702171508568,0.9571289017244147
226.06097178743948,0.8752837913919882,-0.06928612014941282,0.944569911541401
226.0814053257418,0.8602339606609914,-0.05561473602469713,0.9158486966856886
226.10183886403684,0.8526754039722668,-0.02108848742690206,0.8737638913991689
226.12227240164066,0.850185270145949,0.025668023758604996,0.824517246387344
226.14270593924448,0.8373589808917198,0.060653373514517495,0.7767056073772023
226.16313947637536,0.8108481657301937,0.07098991079670924,0.7398582549334844
226.1835729130471,0.7753270441790474,0.05256016845158484,0.7227668757274626
226.20400654948753,0.7373958065663226,0.005503378551937832,0.7318924280143848
226.2244400856871,0.7056423926144282,-0.06448043202379528,0.7701228246382235
226.2448735214275,0.6898680833020033,-0.14622827643996072,0.8360963597419641
226.26530715693661,0.7212538154420239,-0.2029626595697872,0.9242164750118111
226.28574069197202,0.9242808448140987,-0.10107557192144778,1.0253564167355464
226.30617412654829,1.2128200597404204,0.08466265320426136,1.128157406536159
226.3266076611253,1.4539052760031461,0.23320340551201268,1.2207018704911334
226.34704129523016,1.4783566166178106,0.18606612217637175,1.2922904944414388
226.36747482887586,1.391922156167389,0.05688360553635152,1.3350385506310374
226.38790826228797,1.3074730841971416,-0.03755581893275761,1.3450289031298992
226.40834189522866,1.2311119283942238,-0.09171884212310677,1.3228307705173306
226.42877542794304,1.1680453377044528,-0.10526294553161253,1.2733082832360654
226.44920886042382,1.1132831232166585,-0.09146909167010664,1.204752214886765
226.46964239243243,1.0697125749083176,-0.057770197932832446,1.12748277284115
226.49007602421625,1.035644523213221,-0.016518638539207542,1.0521631617524285
226.51050945553288,1.0092026664664873,0.02110047483822386,0.9881021916282634
226.53094298661745,0.9866403489464012,0.04481464146666547,0.9418257074797357
226.55137661722983,0.9667309370405869,0.05056958803934131,0.9161613490012456
226.57181004761514,0.9482577228807043,0.038285235422177766,0.9099724874585265
226.59224357752828,0.9325917613634469,0.014009089534351205,0.9185826718290957
226.61267710721586,0.918631005737876,-0.016178168231397283,0.9348091739692733
226.63311063643778,0.9057728002002778,-0.044645903586918,0.9504187037871958
226.65354416542687,0.890927472567306,-0.06682333632480786,0.9577508088921138
226.67397769417585,0.8748329269332269,-0.07639164395599174,0.9512245708892186
226.6944113224672,0.8587265030539546,-0.06973869310683356,0.9284651961607882
226.71484475051693,0.8482460909847493,-0.04260747434072942,0.8908535653254788
226.73527827810904,0.847280897237831,0.003884215836830629,0.8433966814010003
226.75571190546907,0.8389424502235345,0.04500127155415301,0.7939411786693815
226.79657885901543,0.7920508786563676,0.06564135950897887,0.7264095191473887
226.81701228520978,0.7550884881850215,0.029979748613247925,0.7251087395717736
226.85787943689502,0.7002452761627908,-0.10801920603191062,0.8082644821947014
226.87831296215882,0.7068674276930054,-0.18208037778339625,0.8889478054764016
226.89874648695695,0.8222601380170645,-0.16417064745396803,0.9864307854710326
226.91918001151498,1.1327248161066408,0.04271051525426217,1.0900143008523786
226.93961353584746,1.3852275680136648,0.19744646698789148,1.1877811010257733
226.9600469597135,1.5013927472441533,0.23302368769403814,1.2683690595501151
226.98048058334098,1.4344752835808825,0.11180439112519269,1.3226708924556898
227.0009141065093,1.3442620447349736,-0.0009140804712750583,1.3451761252062486
227.02134752944403,1.2647473351819414,-0.07000106749912094,1.3347484026810623
227.04178115190734,1.1971897914822625,-0.09751176599415956,1.294701557476422
227.06221457414358,1.137853055186898,-0.0943230871869638,1.2321761423738617
227.08264809614775,1.0841141983775358,-0.07280170138124653,1.1569158997587823
227.10308161767898,1.0378061289868625,-0.04185448042090001,1.0796606094077625
227.1235152387526,1.000795760457391,-0.009620331096986678,1.0104160915543776
227.14394865959184,0.973335772928729,0.01643883348412778,0.9568969394446012
227.16438218019175,0.9548899724223174,0.03149868956689028,0.9233912828554272
227.18481570033327,0.9397258944783516,0.029483571011186482,0.9102423234671652
227.2052492202347,0.9262667432639728,0.012251418588320795,0.914015324675652
227.22568273967772,0.9139638056353927,-0.01435458415194868,0.9283183897873414
227.24611615888716,0.9020640525957899,-0.04306206589031791,0.9451261184861078
227.26654977763246,0.8892332842340461,-0.06713990136510528,0.9563731855991514
227.2869832961369,0.8755494053047942,-0.07998787864859769,0.9555372839533919
227.307416714415,0.8594108346180456,-0.0795266476157026,0.9389374822337482
227.32785033222171,0.8499690385498616,-0.05654818932055505,0.9065172278704167
227.34828384956927,0.853972221350646,-0.008004681959476456,0.8619769033101224
227.36871726668323,0.858544865204422,0.046320799784967726,0.8122240654194542
227.38915078356513,0.8474676624147427,0.08123409086544775,0.766233571549295
227.40958439997485,0.8194581207462868,0.08594826378048048,0.7335098569658063
227.43001791615825,0.7815344734232467,0.05912582594111293,0.7224086474821337
227.45045133187523,0.7443912843987319,0.005785734786762697,0.7386055496119692
227.47088494735362,0.7139259034074623,-0.07005194361994427,0.7839778470274066
227.49131846237287,0.7036530386208012,-0.15243660722620545,0.8560896458470066
227.51175187715853,0.762035043669836,-0.1863462304886544,0.9483812741584904
227.5321854917056,1.0295632493471603,-0.02147530738204484,1.051038556729205
227.55261900579353,1.2962395263191258,0.14384077785068272,1.152398748468443
227.57305241941503,1.5038735833222934,0.2631924096712559,1.2406811736510375
227.5934859327972,1.4798070107748764,0.17405981411294613,1.3057471966619303
227.61391954595456,1.3902543350033174,0.04964827722845011,1.3406060577748673
227.63435295864474,1.3057908234482654,-0.036634828856370705,1.342425652304636
227.65478647109558,1.2340105753538522,-0.07887014888217037,1.3128807242360225
227.6752200830888,1.1721876032609895,-0.08559706972236603,1.2577846729833555
227.69565349484765,1.1171426518341447,-0.06893274817417683,1.1860754000083216
227.71608700613433,1.0681884050813966,-0.040131159546865636,1.1083195646282622
227.73652051719546,1.0273354616117678,-0.007662700226570118,1.034998161838338
227.75695412802452,0.9966860823805767,0.02183714522842517,0.9748489371521515
227.77738753837912,0.9752015745512399,0.041652951994318954,0.933548622556921
227.7978210482761,0.9597288618212204,0.046785391541032895,0.9129434702801875
227.81825465793372,0.9461135347793316,0.03515503735804648,0.9109584974212851
227.83868806736427,0.9335073672845888,0.011324491756917188,0.9221828755276716
227.85912157632993,0.9218581771390338,-0.01717007174602425,0.9390282488850581
227.879554985062,0.9094138951327209,-0.04383752291721332,0.9532514180499342
227.89998859332263,0.8968759724797194,-0.060699707408251036,0.9575756798879704
227.92042210135696,0.8819067381571714,-0.06521915149109958,0.9471258896482709
227.94085560892563,0.8677957378755986,-0.05263241015678444,0.920428148032383
227.9612891162542,0.861212054660187,-0.01858415667401947,0.8797962113342065
227.98172262312437,0.860561385386174,0.029526813597649415,0.8310345717885246
228.00215612976172,0.8496289555988589,0.06712498477262996,0.7825039708262289
228.0225895361582,0.8241948848276,0.08048958567494713,0.7437052991526528
228.0430231420978,0.7894583110560824,0.06583831005138108,0.7236200010047014
228.06345664780383,0.752553586012592,0.023461187869356137,0.7290923981432359
228.08389005303616,0.7192072713179619,-0.044318744815722844,0.7635260161336848
228.10432365804445,0.7002974923894092,-0.12582930164201112,0.8261267940314203
228.12475716258632,0.7239355906555675,-0.187885252012988,0.9118208426685555
228.14519056688732,0.8978468490182558,-0.11403141103807601,1.0118782600563319
228.1656240707307,1.199088666961414,0.0839461123507046,1.1151425546107094
228.186057674342,1.446153494263933,0.23648682628866546,1.2096666679752675
228.20649117747962,1.498991780956216,0.21449649896873368,1.2844952819874824
228.22692458039091,1.420164863074915,0.08886254346840339,1.3313023196065117
228.2473581830709,1.3323074611335615,-0.013303791855483693,1.3456112529890452
228.2677916852772,1.256235383820241,-0.07116821399961526,1.3274035978198562
228.28822508725716,1.1915025432289348,-0.08951906451520664,1.2810216077441414
228.30865858877223,1.134138338573672,-0.08024147219320432,1.2143798107668764
228.32909218981513,1.0826852660294493,-0.054941771098221626,1.1376270371276709
228.34952559086378,1.0391967067413266,-0.022285226547059667,1.0614819332883862
228.36995909144753,1.006219522298804,0.010703228490444583,0.9955162938083594
228.3903926915591,0.9823938204669606,0.03571061177025758,0.946683208696703
228.4108260914436,0.9647995727108214,0.0464784508594549,0.9183211218513665
228.4312595908632,0.9500995164769735,0.040301405541672164,0.9097981109353014
228.45169309004268,0.9370231468301422,0.020171939061060518,0.9168512077690817
228.47212658899662,0.926726851350084,-0.00582087543620502,0.932547726786289
228.4925600874849,0.9161908996772468,-0.03250898225223153,0.9486998819294783
228.51299358550023,0.9028694964375579,-0.05461280509398003,0.9574823015315379
228.5334271835236,0.8893480159260471,-0.06362159549895463,0.9529696114250017
228.55386058084696,0.8745552967436786,-0.05777053278266553,0.9323258295263441
228.57429397816304,0.8640058542743835,-0.03242996193523784,0.8964358162096213
228.59472757478943,0.862509122034297,0.012642796852338822,0.8498663251819581
228.61516107141506,0.8560910298673664,0.055930388385206586,0.8001606414821598
228.63559456756775,0.8365073405225328,0.07992988893837027,0.7565774515841626
228.6560279632613,0.8044482782369924,0.07595559522486295,0.7284926830121294
228.67646155872353,0.7668839692200277,0.043153126797169095,0.7237308424228586
228.69689495394414,0.7312283107765409,-0.015885685245068393,0.7471139960216093
228.71732844870712,0.7051415618179271,-0.09433512497236163,0.7994766867902887
228.7377620430052,0.7071025617688175,-0.17021903241415326,0.8773215941829707
228.75819543706166,0.8024365015578184,-0.17074368419359198,0.9731801857514104
228.77862893089332,1.1016781755740583,0.025042933995309324,1.076635241578749
228.79906242425932,1.3489504042643103,0.17312147482859408,1.1758289294357163
228.81949601738597,1.4997575201844935,0.2405303344434515,1.259227185741042
228.83992941028555,1.4503589330900148,0.13301716603907154,1.3173417670509433
228.86036290272023,1.3616118070271992,0.017472830395485417,1.3441389766317138
228.88079649468273,1.2819141762541972,-0.05597925699609707,1.3378934332502943
228.90122988641815,1.2136966115224674,-0.08766557525025265,1.30136218677272
228.92166337768867,1.15417687484307,-0.0870687173002247,1.2412455921432948
228.94209686895192,1.1013366767038466,-0.06569833966189775,1.1670350163657444
228.96253035952395,1.0559136938192473,-0.033525101445054606,1.0894387952643019
228.98296384986315,1.0233794875300022,0.004726507105355049,1.0186529804246471
229.00339733996225,0.9991524610404432,0.03638785314869997,0.9627646078917432
229.02383082960296,0.9794067309186835,0.05285503412390724,0.9265516967947762
229.04426431901084,0.9625334160320556,0.05165798715804848,0.9108754288740071
229.06469780794578,0.9476578425695721,0.034899239391102066,0.91275860317847
229.0851311966544,0.9335298851405756,0.007402379773412182,0.9261275053671634
229.10556478513172,0.9210964278143678,-0.02198594312648472,0.9430823709408526
229.12599827313534,0.9088253561043539,-0.046644652624839855,0.9554700087291937
229.1464316606798,0.8944867817762235,-0.061998960980204854,0.9564857427564284
229.16686524799297,0.8784455822875171,-0.0635762978316764,0.9420218801191935
229.18729873506527,0.8650288190261973,-0.046500076697449266,0.9115288957236466
229.20773212167842,0.8605431133639094,-0.007692428571636545,0.868235541935546
229.2281656080595,0.8568545165496488,0.03816944574519865,0.8186850708044502
229.2485991939684,0.8413465035960233,0.06968174896385204,0.7716647546321712
229.269032679651,0.8199105069146,0.0832052451172034,0.7367052617973966
229.28946606486716,0.7902884725266911,0.06788500068247016,0.7224034718442209
229.30989964984474,0.7576773047753067,0.02281935918465572,0.734857945590651
229.330333134596,0.7316412157049146,-0.044841536399889304,0.7764827521048039
229.35076651888085,0.7242249095890846,-0.12118231994957951,0.8454072295386641
229.3712000027008,0.777190041916846,-0.15838336680212628,0.9355734087189723
229.3916335862814,1.027755000595885,-0.009764153750078552,1.0375191543459636
229.4120669696349,1.309091268811661,0.16936314221336302,1.139728126598298
229.43250045251625,1.5441999181566641,0.31386500001205264,1.2303349181446115
229.4529340351728,1.5514888592807938,0.2525957931702145,1.2988930661105793
229.47336741736217,1.4653505840214331,0.12741829716306974,1.3379322868583634
229.49380089931947,1.3797728895309944,0.03572673228096046,1.344046157250034
229.51423438080383,1.3055935996436963,-0.012735133217341987,1.3183287328610382
229.5346679620634,1.2393833870575595,-0.02671694549858783,1.2661003325561473
229.55510134308133,1.1814500608238359,-0.014519254036461593,1.1959693148602974
229.57553482364165,1.1279212827819143,0.009535732373431083,1.1183855504084832
229.59596840373706,1.0807221117345884,0.036783221018625634,1.0439388907159628
229.61640178359812,1.0392338636600265,0.05755458677646019,0.9816792768835663
229.63683526321984,1.0045641392259788,0.06682745515081556,0.9377366840751632
229.65726884238393,0.9740006190407787,0.05952408467710091,0.9144765343636778
229.6777022213064,0.9466026967006965,0.03628818428752789,0.9103145124131686
229.69813569977123,0.9233848115613488,0.003166382992859207,0.9202184285684896
229.71856917800324,0.9012876308588236,-0.03551462719865528,0.9368022580574789
229.73900265576958,0.8808530317062199,-0.07096253075662362,0.9518155624628435
229.75943613329582,0.8594425410990117,-0.09832538370300659,0.9577679248020183
229.7798696105965,0.8359757043481115,-0.11342828750315614,0.9494039918512677
229.80030308742425,0.8156112291898426,-0.10916009948243033,0.924771328672273
229.84117003993015,0.8070460785097279,-0.03051433389111835,0.8375604124008462
229.8616034158331,0.8018129948157863,0.01333969485562736,0.7884732999601589
229.8820369912646,0.7836303003534516,0.035755389760682155,0.7478749105927694
229.90247046646982,0.7550854358784737,0.03017494929295761,0.724910486585516
229.9229038412086,0.7232626256496089,-0.003521875734884272,0.7267845013844931
229.9433374157088,0.693235322287442,-0.06416937365115583,0.7574046959385978
229.96377088974987,0.6783829693541602,-0.1381588122740639,0.8165417816282241
229.98420426355733,0.6940167961397165,-0.20564115108227077,0.8996579472219872
230.00463773712545,0.8366403377159258,-0.16180150070902954,0.9984418384249554
230.02507121023518,1.1232563265234563,0.02129129832736054,1.1019650281960958
230.04550478287274,1.3547072679254129,0.15642421554496444,1.1982830523804484
230.06593815528322,1.4363078500727773,0.1600951056268023,1.276212744445975
230.08637162746163,1.3672779437622875,0.04027093684474847,1.327007006917539
230.10680509917438,1.2833524753486318,-0.062286377433378615,1.3456388527820105
230.12723857064702,1.210330932156428,-0.12116963018060445,1.3315005623370324
230.14767194166052,1.1441272694954419,-0.14427067800218385,1.2883979474976257
230.1681055124427,1.085571800344596,-0.13827462151706515,1.2238464218616611
230.18853898298403,1.0325133828191932,-0.11528185834253679,1.14779524116173
230.2089723530662,0.9852174316019325,-0.08576949631294617,1.0709869279148787
230.22940592268424,0.9428836555830735,-0.06034984375755248,1.003233499340626
230.2498393920614,0.9079297537688348,-0.04396858626903566,0.9518983400378704
230.27027286121302,0.8768714657838746,-0.0439524823629549,0.9208239481468296
230.2907062298982,0.8494238069341211,-0.06046701103616314,0.9098908179702843
231.39411293798912,1.2346313483769318,-0.03948857085991442,1.2741199192368462
231.41454638804134,1.179507160375591,-0.026240723704130664,1.2057478840797216
231.434979837868,1.1291318167886615,0.0006137826524539314,1.1285180341362075
231.45541328722902,1.0849321117711364,0.03183137917604051,1.0531007325950958
231.47584673634992,1.0465909696381823,0.05775845980361838,0.9888325098345639
231.49628018501244,1.0135023844401423,0.07121707164229885,0.9422853127978434
231.51671363344212,0.984708614678248,0.06836878779317013,0.9163398268850779
231.5371470816317,0.9598437369507246,0.049932280651028726,0.9099114562996958
231.55758042936213,0.9379483852907228,0.01958230421158713,0.9183660810791356
231.57801397686126,0.9189517536394292,-0.015594229887625932,0.9345459835270551
231.5984473238932,0.9011084577457088,-0.04911260038777887,0.9502210581334877
231.61888077045296,0.883247164689771,-0.07446553970209047,0.9577127043918615
231.63931431702076,0.8630120707076924,-0.08839093153816602,0.9514030022458584
231.65974776311486,0.8441003458212805,-0.08476836270647647,0.9288687085277569
231.68018110874982,0.8354496405334809,-0.05598909731417501,0.8914387378476559
231.7006145541527,0.8381268535706621,-0.0059477853860300245,0.8440746389566921
231.72104809908342,0.8370051686410751,0.04241310411856214,0.794592064522513
231.74148144378705,0.821659766272376,0.0693096285165683,0.7523501377558077
231.76191488825862,0.7954978658288796,0.06887049759748765,0.726627368231392
231.782348432258,0.7654488763067296,0.04048208536149345,0.7249667909452362
231.80278177603032,0.7365286373907064,-0.01523679768679509,0.7517654350775015
231.82321521933773,0.718499180350394,-0.08885861273209539,0.8073577930824893
231.84364866240503,0.7369245135215996,-0.15082731696007,0.8877518304816696
231.86408210501395,0.8686888258169441,-0.11638428150181179,0.9850731073187559
231.88451554739004,1.1652571407285284,0.07660645617441975,1.0886506845541086
231.9049489892932,1.401447739752442,0.21487539237743913,1.186572347375003
231.92538253097155,1.5309814112878792,0.2635239036890211,1.2674575075988581
231.94581587218272,1.4832552276428166,0.16109876118636346,1.3221564664564531
231.96624931338738,1.4045287489371174,0.05942322131350264,1.3451055276236148
231.98668265390006,1.3315777190590796,-0.0035286507114968835,1.3351063697705765
232.00711619418144,1.2665323572282516,-0.02888290304465202,1.2954152602729037
232.02754963422194,1.2081885265947063,-0.02493910925241183,1.2331276358471182
232.0479829738033,1.1543899525167107,-0.003573278304812355,1.157963230821523
232.06841651315335,1.1075589561978152,0.02690027784548099,1.0806586783523342
232.0888499520297,1.0672937086570187,0.056051210519975525,1.0112424981370431
232.1092833906805,1.031590927205972,0.07412283652134088,0.9574680906846311
232.12971682909847,0.999989688819789,0.07631345739369344,0.9236762314260956
232.1501502670435,0.9734256375458111,0.06316156542934726,0.9102640721164639
232.17058370453015,0.9496314827960148,0.03578723627819036,0.9138442465178245
232.1910170417832,0.9299019414071716,0.0018448060912010789,0.9280571353159706
232.21145057879767,0.9114304437570391,-0.03345910487902626,0.9448895486360653
232.231884015353,0.8918845018168984,-0.06438072478007917,0.9562652265969775
232.25231735167472,0.8723040502055283,-0.0833273713093825,0.9556314215149108
232.27275088752504,0.8514964946016351,-0.08776484921981265,0.9392613438214478
232.29318432314903,0.8367896749199312,-0.07025711839907445,0.9070467933190056
232.3136176583066,0.8359846560828238,-0.026653970440039032,0.8626386265228628
232.33405109323212,0.8374059569021286,0.024499776598886025,0.8129061803032426
232.35448462791828,0.8259759628057127,0.05917003235901508,0.7668059304466976
232.37491796214454,0.80356656289152,0.06972007165689875,0.7338464912346212
232.39535139589862,0.7737554740237605,0.05134652830790731,0.7224089457158532
232.4157849294279,0.7437028937595702,0.005488210687015105,0.7382146830725551
232.4362183627236,0.7171364790625882,-0.06606064346630836,0.7831971225288965
232.45665169555286,0.7120283902105846,-0.14295124712464835,0.854979637335233
232.4770851281428,0.7801449480834621,-0.16691067543714921,0.9470556235206113
232.4975186602751,1.0326323668007908,-0.01701346107064916,1.04964582787144
232.51795199216576,1.2547001295023388,0.10359847521663834,1.1511016542857004
232.53838542383164,1.4441706959672198,0.20453710447518958,1.2396335914920302
232.55881895503262,1.4389692510092738,0.13390067237567438,1.3050685786335994
232.57925228576642,1.364517435350479,0.02415296996750005,1.340364465382979
232.59968571626086,1.2897248356839974,-0.05290467054427572,1.3426295062282732
232.62011914652976,1.2244598220801086,-0.08901746937896382,1.3134772914590724
232.64055257632572,1.1648444319415545,-0.0938262118564761,1.2586706437980306
232.66098600589612,1.112977830932106,-0.07413529613242065,1.1871131270645265
232.68141943500086,1.0681377218423223,-0.041223840078041585,1.1093615619203638
232.70185286387277,1.036873916707201,0.000964301141805235,1.0359096155653957
232.72228629227175,1.006603021378255,0.031073727847041988,0.9755292935312131
232.74271972044517,0.9859094167590818,0.05196406118081054,0.9339453555782713
232.763153048385,0.9683811362732484,0.05532135862051257,0.9130597776527358
232.80402000286267,0.9313500554840181,0.009409596599016301,0.9219404588850018
232.82445332963835,0.9205138215620271,-0.01825311500123339,0.9387669365632605
232.84488685617544,0.9099035626334306,-0.043179524485713605,0.9530830871191442
232.86532028225338,0.896723715735576,-0.060864271778304,0.95758798751388
232.88575370809122,0.882741761394782,-0.06462377144580433,0.9473655328405863
232.90618713347067,0.8706775724938226,-0.050213030174511064,0.9208906026683337
232.92662045861653,0.8677690764576901,-0.012656129986833187,0.8804252064445233
232.94705388353032,0.870130119834414,0.03840010028909813,0.8317300195453159
232.96748730797117,0.8606055068450724,0.07746639384362541,0.783139113001447
232.9879208319544,0.8346877884638572,0.09053978409548924,0.7441480043683679
233.00835415570327,0.7997295092427686,0.0759722496364702,0.7237572596062984
233.0287875792128,0.7626014793778026,0.033752145243877596,0.728849334133925
233.0492211022647,0.7309705032727013,-0.03191185721660239,0.7628823604893037
233.06965442508226,0.714690263230388,-0.11043055800056423,0.8251208212309522
233.09008784742764,0.747396482175048,-0.1631521180961253,0.9105486002711732
233.11052126954746,0.9285252826982228,-0.08195393884708457,1.0104792215453073
233.13095469143445,1.1754637778279493,0.061685419214837056,1.1137783586131123
233.15138811261568,1.3860676101670315,0.17756962474271853,1.208497985424313
233.17182153380418,1.4490015604952944,0.16534304774944752,1.2836585127458469
233.19225495452702,1.3893939488498743,0.05850600444757448,1.3308879444022998
233.21268837500975,1.3168032746877336,-0.02884736463979376,1.3456506393275274
233.2331217950341,1.2497760752160487,-0.07809010433781371,1.3278661795538624
233.25355511482485,1.189497305421329,-0.09232316658967465,1.2818204720110036
233.2739886341442,1.1333170351035546,-0.08206949149623033,1.215386526599785
233.2944220532372,1.0837841783516347,-0.05491022668242995,1.1386944050340646
233.3148553718638,1.04121343825089,-0.021252424192826247,1.0624658624437162
233.33528889025183,1.0075302591388355,0.011230596335278453,0.9962996628035571
233.3557223081807,0.9833915429148041,0.03619724886899389,0.9471942940458102
233.37615562587598,0.9648530852111104,0.046311529736952295,0.9185415554741581
233.39658904333191,0.9498129511073345,0.04004875910410666,0.9097641920032279
233.41702256033022,0.9373232357675164,0.02067878488028685,0.9166444508872296
233.43745587709418,0.925736311764942,-0.006541348466913122,0.9322776602318551
233.45788929338596,0.9147545489676475,-0.033728187223586836,0.9484827361912344
233.47832280945295,0.9030623356267524,-0.05435582769431613,0.9574181633210685
233.4987562250535,0.8896164834577874,-0.06350633717456822,0.9531228206323556
233.5191895404132,0.8744435730178692,-0.05826832319468911,0.9327118962125583
233.53962295531528,0.8682116719096055,-0.028805080151035667,0.8970167520606411
233.56005646998528,0.8691745202508587,0.01861810809543263,0.8505564121554261
233.58048978441366,0.866488723645172,0.0656486168660183,0.8008401067791537
233.6009231983844,0.8474792244911019,0.09036700140660359,0.7571122230844983
233.6213567121158,0.8145705729781034,0.08581220929451305,0.7287583636835904
233.6417900253873,0.7789120759162513,0.05527650937131545,0.7236355665449359
233.66222343842674,0.7444399774306899,-0.0021751831440548486,0.7466151605747448
233.68265695100126,0.720756946242095,-0.07783430446787876,0.7985912507099737
233.70309026333416,0.7292127470879531,-0.14691178172729824,0.8761245288152514
233.72352367520944,0.8371415911877976,-0.13465681607947289,0.9717984072672705
233.74395708685188,1.1048056791062004,0.02957989550358886,1.0752257836026116
233.76439059825498,1.3078230044469261,0.13326488313099039,1.1745581213159357
233.78482390919817,1.4504382602971682,0.19219513911788288,1.2582431211792853
233.80525731967646,1.417732591193967,0.10097656127121368,1.3167560299227534
233.8256908299154,1.343490192995533,-0.0005162835943164357,1.3440064765898494
233.84612413992727,1.2728515888775194,-0.06535511163864305,1.3382067005161624
233.86655754947424,1.2100652736191042,-0.09198814208326622,1.3020534157023704
233.88699085878034,1.1540801898607822,-0.08811926155929095,1.2421994514200732
233.9074243678624,1.1031275065105937,-0.06497890855230315,1.1681064150628968
233.92785777647805,1.058654371171591,-0.03182430298427463,1.0904786741558656
233.94829118462076,1.0225765058465535,0.0030456547330630634,1.0195308511134904
233.9687245925379,0.9953163860038058,0.0319273792637349,0.9633890067400709
233.98915800022223,0.9754376536737006,0.04855442450294167,0.9268832291707589
234.00959140743362,0.9597929981379418,0.0488623640424396,0.9109306340955022
234.0300247144187,0.9462815561516104,0.03367749862539737,0.912604057526213
234.05045822093962,0.9348665954673665,0.009000978612342614,0.9258656168550239
234.07089162721968,0.9242971236324228,-0.018533190092156926,0.9428303137245797
234.0913249330406,0.9140729864647757,-0.04126442994634505,0.9553374164111208
234.1117584386302,0.9021419419297225,-0.05441116022301129,0.9565531021527338
234.1321918437461,0.8870714310434692,-0.05525300470209138,0.9423244357455606
234.1526251486357,0.8738201942050708,-0.03822864816282501,0.9120488423678959
234.17305855329323,0.869247620665267,0.00034466057991511256,0.8689029600853518
234.19349205747858,0.8678003988091797,0.0484107118501127,0.819389686959067
234.2139254614376,0.8521018885854786,0.07982724377090067,0.772274644814578
234.23435876493022,0.8248820699117716,0.0877934687144688,0.7370886011973028
234.25479226818425,0.7893159166278747,0.06686348544605103,0.7224524311818237
234.27522567097913,0.7550370309239932,0.02052779994353493,0.7345092309804583
234.2956589735404,0.7268114504807742,-0.048918388752521524,0.7757298392332957
234.31609237562952,0.7200816623268423,-0.12422379822782126,0.8443054605546636
234.33652577749308,0.7804847188775395,-0.15374748284411488,0.9342322017216543
234.3569591791238,1.0087282552248642,-0.027359090572136147,1.0360873457970003
234.3773925802816,1.2201888382719661,0.08181500729381486,1.1383738309781513
234.39782598121383,1.4143904534815241,0.18517299269676912,1.229217460784755
234.4182593816804,1.432575040228336,0.1344343334114837,1.2981407068168522
234.43869268191338,1.364596031433571,0.026972495780662742,1.3376235356529083
234.45912618167495,1.2946699663974928,-0.04952754476784693,1.3441975111653397
234.4795595812102,1.2305970508368238,-0.08829672389651977,1.3188937747333436
234.4999929802725,1.172952064419342,-0.09402684501728831,1.2669789094366304
234.5204262791085,1.1207543422515909,-0.07626938092533098,1.1970237231769218
234.5408597777132,1.0741726292067453,-0.04529100589897217,1.1194636351057174
234.56129317584418,1.035472980554497,-0.009426890871927496,1.0448998714264246
234.58172647374886,1.0066455943090449,0.02423195000648759,0.9824136443025573
234.60215987118863,0.9836008408069198,0.045416945802649655,0.9381838950042701
234.62259336838906,0.9654861096813675,0.05085393544109584,0.9146321742402717
234.64302666512958,0.952284866074837,0.04205682064463834,0.9102280454301986
234.66346006163803,0.939109973460021,0.01912833431980565,0.9199816391402154
234.6838935576743,0.9293168968675792,-0.007213681199476962,0.9365305780670562
234.7043268534835,0.9201107605638286,-0.03151430147734613,0.9516250620411747
234.72476024906064,0.909022435846013,-0.04873076015414468,0.9577531960001577
234.7451937441656,0.8945391779881161,-0.05507993174986825,0.9496191097379844
234.76562703904347,0.8788911795389854,-0.046327706160136484,0.9252188856991219
234.78606043345644,0.8708348239427068,-0.015486911946571591,0.8863217358892784
234.8064938276366,0.8690525284034825,0.03078019376834429,0.8382723346351382
234.82692732134456,0.8589573055845017,0.06981687207766196,0.7891404335068397
234.84736061482545,0.8350813941840359,0.08671923005946891,0.748362164124567
234.86779400783416,0.8018015023861587,0.07670444650160202,0.7250970558845566
234.8882275006181,0.7672902238956498,0.04070245024402608,0.7265877736516237
234.90866079316766,0.7358978332378175,-0.0208975073645129,0.7567953406023304
234.92909418525232,0.7189695774487066,-0.09658266258117021,0.8155522400298768
234.9495275770969,0.7461753704661217,-0.15220447934530734,0.898379849811429
234.96996096848306,0.9047226527419762,-0.09229006407170592,0.9970127168136821
234.99039435962914,1.1462847333467472,0.04573515569944142,1.1005495776473058
235.01082775031682,1.3473405271199388,0.15029270614697543,1.1970478209729634
235.03126114077168,1.438929477703022,0.1636267143991168,1.2753027633039051
235.05169453076087,1.3903357662439022,0.06381417849969107,1.3265215877442111
235.07212792050996,1.3191652202714705,-0.026453559191122578,1.3456187794625931
235.09256121003273,1.2531233750999144,-0.07879927810411713,1.3319226532040316
235.11299469908408,1.1931592262030615,-0.09602004649320439,1.2891792726962659
235.1334280876763,1.1401865532190019,-0.08467405491222446,1.2248606081312263
235.15386137626774,1.0937083477619955,-0.05518353659227859,1.1488918843542741
235.17429486415494,1.0547823720455456,-0.017233080589437844,1.0720154526349834
235.19472825204866,1.0247673618593847,0.020697021931495252,1.0040703399278894
235.21516153947596,1.0020142387271287,0.049551813906577924,0.9524624248205508
235.23559492643108,0.9839748223354732,0.06288590525307036,0.9210889170824028
235.2560284131614,0.9668130842224084,0.05692613466800234,0.9098869495544061
235.27646179965814,0.9521219624621586,0.037050410185027416,0.9150715522771312
235.29689508568845,0.9400511583417757,0.010035097086042444,0.9300160612557332
235.31732857124734,0.929279722532032,-0.017336262227837684,0.9466159847598696
235.33776195681276,0.9169344084179706,-0.03995900845438627,0.9568934168723569
235.35819524167164,0.9045329190771625,-0.05003159859640682,0.9545645176735693
235.37862862653856,0.889411326361214,-0.04688177593861864,0.9362931022998326
235.39906211094058,0.8770434188296907,-0.025368958569154665,0.9024123773988454
235.4194953948754,0.8740627723739306,0.017075846851621,0.8569869255223096
235.4399287785709,0.8685080425909302,0.06131254985754864,0.8071954927333815
235.4603622620416,0.8489721346126154,0.08682990832009041,0.762142226292525
235.48079554503784,0.8186252722254865,0.087334567179576,0.7312907050459105
235.50122892780928,0.7831936802251289,0.06040733603621784,0.7227863441889111
235.52166231011506,0.7502508363919563,0.008292174313350942,0.7419586620786054
235.542095692188,0.7259176864171549,-0.06433750440585617,0.7902551908230111
235.56252907378803,0.7306302328225817,-0.13416762711473285,0.8647978599373145
235.5829624551625,0.8250753875865807,-0.1335684995238987,0.9586438871104794
235.60339593606477,1.0745863897899617,0.012868957389952529,1.0617174324000092
235.62382921673998,1.2611286847342864,0.09886706583468907,1.1622616188995973
235.64426259718311,1.4201351145613457,0.17154847230145975,1.248586642259886
235.66469587715983,1.4090929312428107,0.09828078885681046,1.3108121423860002
235.68512935689796,1.341909062270293,-0.0004289225280400544,1.342337984798333
235.70556273617694,1.274742968048615,-0.06604591771561874,1.3407888857642338
235.72599611521582,1.2149065029580766,-0.09338534381931485,1.3082918467773914
235.7464294937963,1.1598404748456355,-0.09119618828564735,1.2510366631312828
235.7872962502588,1.068134865904979,-0.032291282454743664,1.1004261483597226
235.80772952789994,1.031854741443323,0.00376940592014674,1.0280853355231763
235.8281630050842,1.0045620319775073,0.034905798683903866,0.9696562332936034
235.84859628226695,0.9825739524751285,0.05212471778832939,0.9304492346867991
235.8690296587447,0.965473349594256,0.05357089047460695,0.9119024591196491
235.88946313523047,0.9511020130330523,0.03953953422862588,0.9115624788044264
235.90989641101623,0.9386913849362714,0.014956493255290693,0.9237348916809807
235.93032978679548,0.9282908795293098,-0.012399895643152137,0.9406907751724619
235.9507632621171,0.917906867227625,-0.036305405801631996,0.954212273029257
235.97119653697155,0.9067979863791479,-0.05040935233870669,0.9572073387178546
235.99162991158664,0.891212206707719,-0.053899486857652,0.945111693565371
236.01206328597618,0.878972051556418,-0.03785941260969483,0.9168314641661128
236.03249665990006,0.8760948222897068,0.0010332516204929476,0.8750615706692139
236.05293003358383,0.8756985078653358,0.04977897038494006,0.8259195374803957
236.07336340680922,0.8638972506359696,0.08594420387949864,0.7779530467564709
236.09379677980178,0.8377352011786771,0.09704827484620882,0.7406869263324682
236.11423015255423,0.8031643286737428,0.08020914972305504,0.7229551789506877
236.1346635248483,0.7683878714930957,0.037085823730272804,0.7313020477628229
236.15509679667593,0.738944281248559,-0.029781965062186222,0.7687262463107453
236.175530268265,0.7292076985133419,-0.10478070531472394,0.8339884038280658
236.19596363962773,0.7786454589893823,-0.1429559893590968,0.9216014483484791
236.21639691052405,0.9863227006329988,-0.03620002695383351,1.0225227275868323
236.2368303811818,1.1898615053706916,0.06442534823029411,1.1254361571403975
236.25726375138038,1.383409949569653,0.16499657279127566,1.2184133767783774
236.27769702134538,1.4264637241610234,0.13576474986511555,1.2906989742959079
236.29813039107103,1.3669722160162676,0.03265860539413756,1.33431361062213
236.31856386033905,1.2978690545558744,-0.047349860476902705,1.3452189150327771
236.33899722914066,1.2346992947512005,-0.08915940842882297,1.3238587031800235
236.3594304977014,1.1787947092413247,-0.09619221462309868,1.2749869238644234
236.3798639660381,1.1260570808405004,-0.08075774997227869,1.206814830812779
236.40029733390838,1.080279297754898,-0.04935072546401065,1.1296300232189087
236.4207306015378,1.0412986922741814,-0.012811490218446853,1.0541101824926282
236.44116396894242,1.0110087800494734,0.02138716317165157,0.9896216168778218
236.46159743588214,0.987663048951164,0.04487843360520616,0.9427846153459578
236.4820307023474,0.9689225125427923,0.05238497556947275,0.9165375369733195
236.50246406858787,0.9535921855814141,0.04374080125212032,0.9098513843292938
236.52289753459627,0.9404768816892141,0.02233908870778689,0.9181377929814272
236.5433308001302,0.9300968103753189,-0.004168824607754917,0.9342656349830738
236.56376416543935,0.9188912551927519,-0.031118043192743916,0.9500092983854959
236.58419753028284,0.9077410044807835,-0.04992944783421649,0.957670452315
236.60463099488697,0.8927101306962734,-0.05888188049121312,0.9515920111874865
236.6250642590312,0.8818531557353808,-0.047445696395881254,0.9292988521312621
236.6454976231762,0.8717406904658032,-0.02032328090373481,0.892063971369538
236.66593108661618,0.8719694521541319,0.02716926002111042,0.8448001921330215
236.6863643498291,0.86616844268167,0.07087790872685584,0.7952905339548142
236.70679771280993,0.8441773408583731,0.09129625971177713,0.752881081146596
236.72723097531707,0.8124250910497411,0.08556084495284078,0.7268642460969004
236.74766443760018,0.7770567912871993,0.05223836501040724,0.724818426276792
236.76809779941686,0.7457905427156962,-0.005403915741528431,0.7511944584572247
236.78853116099344,0.7265391918904912,-0.0798498208509284,0.8063890127414196
236.80896452234447,0.7471940597344424,-0.13927735494208815,0.8864714146765306
236.82939788322983,0.883774690493739,-0.09984261125417482,0.9836173017479138
236.84983124364226,1.12157050214799,0.0343842599076043,1.0871862422403857
236.8702645040612,1.3051816436768549,0.1199103194571296,1.1852713242197253
236.89069796378317,1.4212798882602806,0.15480710471902004,1.2664727835412606
236.9111313234971,1.3876993519898229,0.0661017757819673,1.3215975762078556
236.9315645827519,1.3210492925823694,-0.023973057617046267,1.3450223501994156
236.95199804154254,1.2564614371862992,-0.07902198987338216,1.3354834270596814
236.97243140009232,1.197926704271275,-0.09824881940291785,1.2961755236741928
236.99286465841578,1.1457691349367447,-0.08837671410685899,1.2341458490436037
237.01329801627435,1.0988596908844137,-0.06022635919932107,1.1590860500837348
237.03373147366074,1.0571193611233989,-0.024612197835220506,1.0817315589586194
237.05416473105288,1.0234224178824478,0.011289122960421727,1.012133294922026
237.0745980877473,0.9973458136738943,0.039259119947029686,0.9580866937268646
237.0950315444352,0.9767487410316533,0.05276062199781695,0.9239881190338364
237.11546490066394,0.96079653012575,0.05050329092018968,0.9102932392055603
237.13589815642626,0.947560243651831,0.03389489413352653,0.9136653495183045
237.15633161195,0.9371603422582289,0.009380333347140168,0.9277800089110887
237.17676496724744,0.9275774390540146,-0.017059262918270313,0.9446367019722849
237.19719822207844,0.9172060433019955,-0.03894251493347656,0.9561485582354721
237.2176315766701,0.9051822911602289,-0.0505478392737827,0.9557301304340116
237.23806503080414,0.8907841607290383,-0.0488217564917377,0.939605917220776
237.25849828470382,0.8789916340133105,-0.02862049268532496,0.9076121266986354
237.27893163813133,0.874953833530291,0.011607766683968901,0.8633460668463221
237.29936499133328,0.8698827448742686,0.056245625767147756,0.8136371191071209
237.3197983443024,0.8516992384761096,0.0842780052926767,0.7674212331834329
237.34023169679858,0.8231637292524677,0.08895366916875991,0.7342100600837078
237.36066494906845,0.7900578260114474,0.0676446563647275,0.7224131696467199
237.38109840087418,0.757353509060324,0.01955382724211563,0.7377996818182083
237.40153175243904,0.7319680110034021,-0.05039581892631251,0.7823638299297146
237.42196500354476,0.7319600489007302,-0.12183243891396311,0.8537924878146933
237.44239845441916,0.8110444726206147,-0.1345909573645253,0.94563542998514
237.4628318050527,1.0468418799471377,-0.0013090958904222738,1.04815097583756
237.4832650552271,1.2215241172349545,0.07181656118864299,1.1497075560463115
237.50369840493659,1.3960855294965075,0.15758099249581492,1.2385045370006926
237.52413185463956,1.4062986531055368,0.10196512670062852,1.3043335264049083
237.5445651036498,1.344917174626016,0.0048192894964174116,1.3400978851295986
237.5649984526608,1.2791198162279698,-0.06372111113184675,1.3428409273598165
237.58543190119963,1.2191321545629457,-0.09497881720352574,1.3141109717664714
237.60586514927854,1.1656008230721788,-0.09401579047689901,1.2596166135490778
237.6262984971254,1.1163529414157256,-0.07187175230749676,1.1882246937232224
237.6467318447394,1.073357461635048,-0.03712284244279518,1.1104803040778433
237.66716529188125,1.0369364518327233,4.611343489147046e-05,1.0368903383978318
237.687598538796,1.007305686619094,0.031041734553634237,0.9762639520654597
237.7080318852386,0.9856322148292951,0.051255218791148915,0.9343769960381462
237.7284653314564,0.9671687898515765,0.05397831345324022,0.9131904763983363
237.748898577207,0.9522438909318838,0.04150785147456204,0.9107360394573217
237.76933192272554,0.9393131580585243,0.017629003012634814,0.9216841550458895
237.78976526800398,0.9290485151018666,-0.009440095379445568,0.9384886104813122
237.81019861282402,0.9187375324308642,-0.03416477043143318,0.9529023028622974
237.83063195717114,0.9079157338909588,-0.04968361979400182,0.9575993536849606
237.85106530152552,0.8944840354439267,-0.05313563765582796,0.9476196730997547
237.87149864518142,0.8799990537484748,-0.04138437576846665,0.9213834295169414
237.8919319888373,0.8734201001285239,-0.007676599559048425,0.8810966996875723
237.91236533202027,0.8711106711788658,0.03863673185611194,0.8324739393227538
237.93279857474408,0.8581821461902626,0.07436187221852353,0.783820273971739
237.9532320172293,0.8325842052953335,0.08795925359961576,0.7446249516957177
237.97366535948822,0.8003165083203101,0.0764085827491896,0.7239079255711205
237.9940986012807,0.7660441807791984,0.03745086141344889,0.7285933193657496
238.0145320428419,0.7375136373645671,-0.02468297516512541,0.7621966125296925
238.03496538392938,0.7256320769401675,-0.09841482490847431,0.8240469018486418
238.05539862479054,0.7670548481140602,-0.14213256891080772,0.9091874170248679
238.07583196541964,0.9495204438876653,-0.059459047551318034,1.0089794914389834
238.09626540557656,1.15194672405511,0.039632633297084885,1.1123140907580251
238.11669864527357,1.3411457383193754,0.13390474415367137,1.207240994165704
238.13713198497135,1.4164348812573917,0.13367948445568212,1.2827553968017096
238.15756542396412,1.3696109976305342,0.03917457823679249,1.3304364193937417
238.1779987629634,1.3038556537435517,-0.041829613044302105,1.3456852667878538
238.19843200126343,1.2436985532528233,-0.08465663641817622,1.3283551896709995
238.21886533955694,1.188879623941151,-0.09379167846035519,1.2826713024015062
238.23929877739283,1.138879633960538,-0.07758311925394912,1.2164627532144872
238.25973201476154,1.0956343426876398,-0.04420388230848027,1.13983822499612
238.28016535212373,1.0599223670227158,-0.0036000558938209526,1.0635224229165368
238.30059878879547,1.0306864146599912,0.03354269800844922,0.997143716651542
238.3210320254584,1.0083806113376677,0.06063277567678038,0.9477478356608873
238.3414653614309,0.9888927316284001,0.0701088124387862,0.9187839191896139
238.36189869740338,0.9725736234304562,0.06284008598696611,0.9097335374434901
238.3823320329102,0.95723133242274,0.04080413918264192,0.9164271932400981
238.40276536794408,0.9457603356679152,0.013769467684376702,0.9319908679835385
238.42319870275242,0.9360493795153454,-0.012201235949464206,0.9482506154648096
238.4436321373214,0.9247619082838271,-0.03258618999109142,0.9573480982749185
238.46406537143048,0.9115643258403106,-0.04171999972373275,0.9532843255640433
238.4844987053075,0.896803009757709,-0.036319172216144446,0.9331221819738534
238.5049319389509,0.885690320826568,-0.011946108308324432,0.8976364291348924
238.5253653721229,0.8822014664702529,0.03090739354733274,0.8512940729229201
238.54579870483576,0.8738115277672532,0.07224408360311652,0.8015674441641367
238.56623193731502,0.8528857705667539,0.09519919169040159,0.7576865788763523
238.5866653695557,0.8214851026364195,0.09243879281594969,0.7290463098204698
238.60709870133724,0.7874336518483593,0.06389573795210346,0.7235379138962559
238.62753203288594,0.7555442423990889,0.009458596261330054,0.7460856461377589
238.6479653639617,0.7347502397095802,-0.0628963255912709,0.7976465653008511
238.6683986948119,0.7493179930281132,-0.1255279301296397,0.8748459231577529
238.68883202542202,0.864626298678019,-0.10569324223773646,0.9703195409157555
238.70926525557297,1.101050682714377,0.027336283973688813,1.073714398740688
238.7296986852598,1.2753273740265756,0.1021349932500788,1.1731923807764968
238.77056524392538,1.4049177231838241,0.0887964715846854,1.3161212515991387
238.7909986729137,1.3367117298894025,-0.007144985561537975,1.3438567154509404
238.81143190143484,1.271410504429677,-0.06712443749173103,1.338534941921408
238.8318652294838,1.2144965886870864,-0.08829154812914153,1.302788136816228
238.85229855730722,1.16322393249058,-0.07999308573227548,1.2432170182228555
238.8727318848978,1.1158972703042451,-0.05335592809153722,1.1692531983957823
238.89316521201545,1.073974055790487,-0.01762026928091953,1.0915943250714066
238.91359853890754,1.039940172720167,0.019464945156090208,1.0204752275640767
238.93403186533396,1.0112547145849218,0.047191259745432146,0.9640634548394896
238.95446519152028,0.989847324021088,0.0626026588809715,0.9272446651401165
238.97489851748105,0.9721019166463057,0.06110608815872931,0.9109958284875764
238.9953317429754,0.9575342212884355,0.04509070216434263,0.9124435191240928
239.01576516799832,0.9445025319876927,0.018914293556941186,0.9255882384307516
239.03619849302777,0.9342311259346339,-0.008330402766772438,0.9425615287014063
239.05663171735796,0.923414665145333,-0.03178001335723013,0.9551946785025631
239.0770651416824,0.9105486753501817,-0.04607431205609647,0.9566229874062782
239.0974984655477,0.8962386705265123,-0.046406673170643065,0.9426453436971554
239.11793168894656,0.8858575856468289,-0.026744765286245364,0.9126023509330743
239.13836501210608,0.8835026804681597,0.01388730052806142,0.8696153799400983
239.1587984350408,0.8820738319645146,0.061930213245143584,0.820143618719371
239.17923175750911,0.8672568135438795,0.09432816993621895,0.7729286436076606
239.19966497973655,0.83915999153487,0.10165836038206444,0.7375016311528055
239.22009840150713,0.8051089485387187,0.08259999082955016,0.7225089577091686
239.2405317230441,0.771789815716833,0.037649136651217274,0.7341406790656158
239.2609649441074,0.7445978039694915,-0.03033088493799585,0.7749286889074873
239.2813982649459,0.7410634142461797,-0.10206608794871574,0.8431295021948955
239.30183168555232,0.805009335025396,-0.1277892522505889,0.9327985872759849
239.32226490568428,1.0246791593108115,-0.009875335915619399,1.034554495226431
239.34269822559145,1.197378655007441,0.06045771093289143,1.1369209440745496
239.36313164503372,1.3834136121159344,0.15539734899191537,1.228016263124019
239.38356486423436,1.4150557495164304,0.11772717987016934,1.297328569646261
239.4039981832102,1.3555031982710875,0.01821777967950089,1.3372854185915866
239.4244315017204,1.2883893036070653,-0.05596258413440336,1.3443518877414686
239.44486481975764,1.228214180660399,-0.09127799905428002,1.319492179714679
239.46529813780217,1.1740649085219244,-0.09384971644823747,1.2679146249701618
239.4857314551482,1.125947059296806,-0.07220270880887636,1.1981497681056823
239.50616487248772,1.082567872439203,-0.03805024230129472,1.1206181147404977
239.52659808936733,1.0479913046933358,0.0020598214491081013,1.0459314832442277
239.54703140578204,1.019267621839485,0.036063242300881315,0.9832043795386036
239.56746462195588,0.9958148014368187,0.05714614178480204,0.9386686596520166
239.5878980379057,0.9762053594031121,0.06140033489365204,0.9148050245094601
239.60833135338908,0.957935309163098,0.047794294681302474,0.9101410144817955
239.62876466863236,0.9433893463930053,0.023657095662538596,0.9197322507304667
239.64919798341725,0.931507362592268,-0.004734348386067011,0.936241710978335
239.66963129796932,0.9194134360957058,-0.03200772575622979,0.9514211618519356
239.69006461228128,0.9063467760885434,-0.051388797704604694,0.9577355737931481
239.7104978261341,0.8912399466751606,-0.058606507639434424,0.949846454314595
239.73093123952276,0.8773615904443468,-0.04833268740495744,0.9256942778493042
239.7513645529034,0.8708105854636992,-0.016180623931729365,0.8869912093954285
239.77179776559205,0.8686351518076595,0.029602671634279765,0.8390324801733797
239.79223117828224,0.8591795749778973,0.06932471115019367,0.7898548638277036
239.81266449049872,0.8357819353380316,0.08689657556237118,0.7488853597756604
239.83309770225605,0.8039409459150589,0.07864057332208241,0.7253003725929765
239.85353101378132,0.7705562494872105,0.04417437598323759,0.7263818735039729
239.87396442506724,0.7409524471238812,-0.015196302760833724,0.7561487498847149
239.89439763589326,0.7265414877661598,-0.08795659803005629,0.8144980857962161
239.9148309464872,0.7565146904098811,-0.14050034134831002,0.8970150317581911
239.9352643568418,0.9154260869032416,-0.08005854802549028,0.9954846349287318
239.95569766673725,1.1233819673212877,0.02434835014995418,1.0990336171713335
239.97613087616628,1.3054389789242535,0.10971676967499255,1.195722209249261
239.99656418535596,1.4025637000327047,0.12824101257250908,1.2743226874601956
240.01699759432086,1.3643437576261983,0.038349045316320884,1.3259947123098774
240.03743080281856,1.3003248714285485,-0.04526448511412906,1.3455893565426775
240.05786411107692,1.2391863760166042,-0.09318041447460512,1.3323667904912093
240.07829751887766,1.1838899744341276,-0.10611980778050878,1.2900097822146364
240.09873072644405,1.1350104210856766,-0.09093219938616648,1.225942620471843
240.11916403377109,1.0918614491915843,-0.05820259216536816,1.1500640413569525
240.13959734063974,1.0556112638362247,-0.01750728741479346,1.0731185512510182
240.16003064727556,1.0260256748833243,0.021055513250610502,1.0049701616327138
240.18046395343845,1.002314072261711,0.04924263898577619,0.9530714332759348
240.20089725937578,0.9826991529991479,0.06132054811060983,0.9213786048885381
240.22133056508028,0.9646232180060673,0.054734459970943505,0.9098887580351238
240.24176387031184,0.94951221110682,0.034643840973407225,0.9148683701334128
240.26219707508426,0.9368515478596812,0.007126652339040751,0.9297248955206404
240.2826303796246,0.9268003813621972,-0.01956414502641146,0.9463645263886087
240.3030637839256,0.9155174518566521,-0.04127796650806048,0.9567954183647126
240.32349708776746,0.9025175329685959,-0.05217955954542386,0.9546970925140198
240.34393029137573,0.8872579906324763,-0.049423575763708594,0.9366815663961849
240.38479689765518,0.872259806738257,0.014526229695325465,0.8577335770429315
240.40523020033288,0.8681628898044849,0.06021270029356074,0.8079501895109241
240.4256636025384,0.8506496186790237,0.08789067102649495,0.7627589476525287
240.44609680451686,0.8223902374848552,0.09075999464451512,0.7316302428403401
240.4665301060304,0.7875746500796053,0.06483337018362167,0.7227412798959836
240.48696340731112,0.7552971613331397,0.013823524934204579,0.7414736363989352
240.50739680811967,0.7330827402824289,-0.05625650324472509,0.789339243527154
240.52783000870113,0.7384144269093581,-0.12511045498408813,0.8635248818934462
240.54826330904325,0.8335330938628985,-0.12361220726184396,0.9571453011247425
240.56869670892775,1.0677001740882266,0.00753772895171867,1.060162445136508
240.5891299085779,1.2328280581611741,0.0719955060023163,1.1608325521588578
240.60956320799596,1.3966244885946282,0.14917289894123442,1.2474515896533938
240.62999640694034,1.3929900422572843,0.0828903270388821,1.3100997152184022
240.65042980542785,1.3277433481539387,-0.014374944438593218,1.342118292592532
240.6708631036745,1.2623755478761671,-0.07868826821010866,1.3410638160862758
240.69129640169558,1.2047897854366576,-0.10420645282348917,1.3089962382601468
240.711729699251,1.1551720471257405,-0.09687803795707328,1.2520500850828138
240.7321629965736,1.109728674456834,-0.0696401995850362,1.1793688740418702
240.7525962936561,1.0704899737192641,-0.03109234581987752,1.1015823195391417
240.77302949027944,1.0372055999218475,0.008122655194940709,1.0290829447269068
240.79346288643137,1.009982757124722,0.03959511297537277,0.9703876441493492
240.81389618258981,0.9892439234928785,0.05838168366510499,0.9308622398277735
240.83432937828184,0.9693707393321113,0.05736412643256228,0.912006612899549
240.85476277350972,0.9528455322469299,0.041422188179267905,0.911423344067662
240.87519606849673,0.9379863005443715,0.014526225979695329,0.9234600745646762
240.8956292630246,0.9268041762566259,-0.013603577199712946,0.9404077534563389
240.9160625573204,0.9150281159632921,-0.039015708717547004,0.9540438246808391
240.93649595137686,0.9029536636266849,-0.05429381158750968,0.9572474752141946
240.9569291449734,0.8884595429416019,-0.05694733343244318,0.9454068763740451
240.97736243833788,0.87499543740307,-0.042375098105235876,0.9173705355083058
240.997795831463,0.8708309135947913,-0.004944839128759981,0.8757757527235512
241.018229124129,0.868931731726241,0.04223807107436095,0.8266936606518801
241.03866231632855,0.8568430316332455,0.07819865016825289,0.7786443814649926
241.05909560828877,0.831585390014476,0.09043613351864643,0.7411492564958295
241.0795290000242,0.7979332680992198,0.074867872146399,0.7230653959528208
241.09996219129243,0.7644002446525965,0.03341753402106962,0.7309827106315269
241.12039548232133,0.7372374278013778,-0.030723832328837797,0.7679612601302156
241.14082887312543,0.7285358762659683,-0.10429238505385052,0.8328282613198188
241.16126206346235,0.77845428912002,-0.1417037466702017,0.9201580357902217
241.18169535355992,0.9778584091247224,-0.04309729501413084,1.0209557041388533
241.2021286431991,1.1597782719136338,0.03585177450731547,1.1239264974063183
241.22256193260546,1.3531702320457522,0.136030608811065,1.2171396232346872
241.24299522153888,1.4066336074886665,0.11682488898661192,1.2898087185020546
241.26342851024674,1.3504790332375138,0.016578026650885702,1.3339010065866281
241.28386189871526,1.2839060684289625,-0.061406175424539855,1.3453122438535023
241.30429508672387,1.2229198815010016,-0.10149722160787844,1.32441710310888
241.32472837426758,1.1683057258991973,-0.10760195782406856,1.275907683723266
241.34516156181053,1.1209214788541233,-0.08703130100615719,1.2079527798602805
241.36559494888206,1.0801576412246112,-0.05066090165668746,1.1308185428812987
241.38602823549445,1.044931597873295,-0.01025944332576434,1.0551910411990593
241.40646142187325,1.0165087605115752,0.026039230125100787,0.9904695303864745
241.42689480801346,0.9944442228687884,0.051119839642226106,0.9433243832265623
241.44732809369452,0.9744354466139076,0.057680327061028214,0.9167551195528794
241.46776137914276,0.9559703668543129,0.046177401340466995,0.9097929655138459
241.4881945641173,0.9417354165210652,0.023837472956617645,0.9178979435644475
241.5086279488678,0.9296820887592935,-0.004286352660711423,0.9339684414200049
241.52906123337743,0.918587592739679,-0.03119553820965426,0.9497831309493333
241.54949441742792,0.9062513628979207,-0.051372094231300625,0.9576234571292214
241.56992780101427,0.8927891626981573,-0.05900166939419127,0.9517908320923486
241.59036108459986,0.8776157785851333,-0.05213877021189961,0.9297545487970329
241.61079426771175,0.867551710566677,-0.025177139022750872,0.8927288495894279
241.63122755036602,0.8633865840159094,0.017812594418414873,0.8455739895974945
241.65166093278094,0.8537224606795705,0.05768625951600537,0.7960362011635651
241.6720941149688,0.8324473289266222,0.0789970707949682,0.753450258131654
241.69252739669173,0.8033766916895038,0.07625575048338584,0.7271209412061179
241.71296067818184,0.7697603757377995,0.04509530611480561,0.7246650696229939
241.75382723999064,0.7264570381092431,-0.07890210848336243,0.8053591465926055
241.77426042054867,0.7470900822122217,-0.13801669875374145,0.8851067809659632
241.7946938006353,0.8798422147749487,-0.1022213604504223,0.982063575225371
241.81512708026276,1.1080260051496835,0.02240532622099689,1.0856206789286866
241.83556025988946,1.287908297467795,0.10403014700458435,1.1838781504632105
241.85599363904475,1.4149702778876272,0.1495551891189666,1.2654150887686606
241.8764269177409,1.3825062543241387,0.061513404895243706,1.320992849428895
241.89686009620345,1.3150286175574664,-0.029896633803132566,1.344925251360599
241.91729337442666,1.250303928374839,-0.08557476724663005,1.335878695621469
241.93772675219225,1.1947769855035224,-0.10220442797757001,1.2969814134810924
241.95815992972348,1.1457706476992364,-0.08945859030605718,1.2352292380052936
241.97859320678253,1.1011428027425043,-0.05914151143981483,1.1602843141823191
241.9990265836168,1.0622824605828165,-0.020596809248526027,1.0828792698313425
242.01945986021747,1.0317038678235777,0.018615592567891692,1.013088275255686
242.03989303634444,1.0073657507171694,0.04861275459136838,0.958752996125801
242.06032631224662,0.9873959958591272,0.0630681380003324,0.9243278578587948
242.0807596876839,0.9700230834905611,0.05969252150670035,0.9103305619838608
242.10119286287954,0.953974785411566,0.040495526606270205,0.9134792588052958
242.12162613761757,0.9411027342985849,0.013615846570603551,0.9274868877279814
242.14205951212352,0.9296614870947196,-0.01470601182223763,0.9443674989169573
242.16249268638785,0.9182568733658337,-0.037765880750784464,0.9560227541166182
242.18292596019455,0.9058118276707182,-0.050020896545024396,0.9558327242157426
242.20335923376842,0.8921786435059259,-0.04779173489155408,0.93997037839748
242.2237925071022,0.8819548503859936,-0.026257252166032807,0.9082121025520264
242.24422577997757,0.8793216052608358,0.015222641691768235,0.8640989635690676
242.2646590523873,0.875794238776981,0.061377478043701306,0.8144167607332797
242.2850923245569,0.8599031759451661,0.09182396969366247,0.7680792062515036
242.30552559650096,0.831493182298992,0.09689172550592429,0.7346014567930678
242.32595886821218,0.7976613957858036,0.07523891363071078,0.7224224821550929
242.34639203922416,0.7646761037337633,0.02731386597206542,0.7373622377616978
242.36682541023038,0.7397880090078061,-0.041691976842972434,0.7814799858507785
242.38725868077745,0.7402327594939313,-0.11229753738679804,0.8525302968807293
242.40769185108365,0.815679871490587,-0.12844129521073233,0.9441211667013193
242.428125220933,1.047196144429728,0.0006406431953507319,1.0465555012343772
242.44855849054875,1.219105868842725,0.07088852030398196,1.148217348538743
242.46899175969156,1.4071005671914467,0.16980598375230005,1.2372945834391467
242.50985829706042,1.3586284083660276,0.018823217184416485,1.3398051911816111
242.53029156550474,1.291213913593588,-0.05184438054288587,1.343058294136474
242.55072473325708,1.2310147737965043,-0.08376587466925178,1.314780648465756
242.57115810101095,1.1792013229488265,-0.08141957536545674,1.2606208983142833
242.59159136829112,1.132030763059894,-0.057377557201956364,1.1894083202618504
242.61202453534497,1.0877566081845074,-0.02391822029084012,1.1116748284753475
242.63245780193392,1.0501524723636746,0.012211583420933536,1.037940888942741
242.6528911680507,1.02015947235053,0.04310650745817424,0.9770529648923558
242.67332433417323,0.9956988420405957,0.06085485035721616,0.9348439916833795
242.69375759983086,0.9773579195811375,0.06402136084314292,0.9133365587379946
242.71419096501631,0.9616457807721007,0.05102433154713715,0.9106214492249636
242.7346241299747,0.9489805695878043,0.0275661047514687,0.9214144648363356
242.755057394701,0.9366500168958731,-0.0015431666731667848,0.9381931835690399
242.7754906591872,0.9266334839765696,-0.026075370333346726,0.9527088543099164
242.79592392298218,0.914970600496095,-0.042638498160894156,0.9576090986569892
242.81635718677717,0.9008254923712943,-0.04706181508946472,0.947887307460759
242.8367904501065,0.8890594297612486,-0.0328460417228712,0.9219054714841198
242.85722381319647,0.882934156304897,0.0011241095262470857,0.8818100467786499
242.87765697582654,0.8814533998838734,0.04818713860061652,0.8332662612832569
242.89809023821726,0.8701282754714643,0.08558114752165935,0.784547127949805
242.91852360015037,0.8455535580226551,0.10041743188479346,0.7451361261378616
242.9389567618491,0.8118632674655277,0.08779020026267415,0.7240730672028536
242.95939002330852,0.7773749418614706,0.04904906164023437,0.7283258802212362
242.97982328430953,0.7481006527537825,-0.013370324349343266,0.7614709771031257
243.00025654507772,0.7347256928136855,-0.08818041108539643,0.8229061038990819
243.02068980537297,0.7704457431829693,-0.1372936491795208,0.9077393923624901
243.04112306544266,0.9477085528304229,-0.059672793325889706,1.0073813461563126
243.06155632527953,1.1546045162090308,0.04385453437573328,1.1107499818332975
243.08198958464345,1.3529336101771776,0.1470373917424792,1.2058962184346984
243.10242284378182,1.4324935251133104,0.15070780829516006,1.2817857168181503
243.12285600245377,1.378817137998756,0.04887076690615966,1.3299463710925963
243.14328936088714,1.3097389034818896,-0.03597482499593685,1.3457137284778264
243.1637226190942,1.2464886374845057,-0.08238025594062104,1.3288688934251267
243.1841557768348,1.1910308518760484,-0.09254230378018868,1.283573155656237
243.20458913433686,1.1403218936785702,-0.07728571662245565,1.2176076103010258
243.225022291379,1.0945819217172106,-0.04647574815853894,1.1410576698757495
243.24545554818906,1.0540844429845617,-0.010567540001735987,1.0646519829862977
243.26588880452618,1.0212553344058097,0.02320618411439812,0.9980491502914116
243.28632206063776,0.9943625356652873,0.04601821976795184,0.9483443158973355
243.3067553165165,0.9733268284270952,0.0542777475074353,0.9190490809196599
243.32718857192958,0.956999518531257,0.047292663909890065,0.9097068546213669
243.34762192710332,0.9415997694408931,0.025399669837902095,0.916200099602991
243.36805508204998,0.9295071997939316,-0.0021802152047333268,0.9316874149986649
243.38848833652446,0.9182229754245194,-0.029780254461133082,0.9480032298856524
243.40892149077263,0.9066018779655097,-0.05066963343849018,0.9572715114039999
243.42935484455666,0.8944782180111858,-0.05897505666360803,0.9534532746747938
243.4497880981071,0.880176975036022,-0.05337897957250737,0.9335559546085294
243.47022125118383,0.8715655284443204,-0.026728137935341567,0.898293666379662
243.49065460403654,0.8694291834450403,0.017350856560979233,0.852078326884061
243.51108785664837,0.8627721263927203,0.060429325688854285,0.802342800703866
243.53152110880183,0.8436418920942367,0.08534135333931625,0.7583005387549204
243.5519542607217,0.8137645918481052,0.08440737494986272,0.7293572168982425
243.5723876121774,0.7804280029892644,0.056988903487003806,0.7234390995022606
243.59282086339226,0.74886074396433,0.0033337931217428673,0.7455269508425871
243.6132540143808,0.7282473101642638,-0.06839750989304139,0.7966448200573052
243.63368736489792,0.7394137223805769,-0.1340729996365555,0.8734867220171324
243.65412061518873,0.8455843852251993,-0.12316021938404009,0.9687446046092394
243.67455376501312,1.087384297305945,0.015281679235116474,1.0721026180708286
243.69498701460543,1.2685698910552163,0.09683731765748882,1.1717325733977275
243.7154203639584,1.4247649142511696,0.16871684502079098,1.2560480692303786
243.73585351285146,1.4010127866557787,0.08557599012885242,1.3154367965269262
243.75628676151246,1.3309961606207297,-0.012692265559051119,1.3436884261797808
243.77672010970127,1.2634288232493351,-0.07544766055485641,1.3388764838041916
243.797153257663,1.2051260598724136,-0.09843844132100932,1.303564501193423
243.81758650539268,1.1542288094498936,-0.09006873423934425,1.2442975436892378
243.83801975264942,1.1081757654467081,-0.062298163450220434,1.1704739288969286
243.85845309944852,1.0683122571502282,-0.02447215924407642,1.0927844163943046
243.8788862462461,1.0363648299683221,0.014879132745696078,1.021485697222626
243.89931949257152,1.010719623959244,0.0459315720977318,0.9647880518615122
243.9197528384393,0.9899138220476343,0.06227745851671429,0.92763636353092
243.94018598430557,0.9704131798613084,0.05934147553602853,0.9110717043252798
243.96061922946683,0.9537859503046334,0.04150828656449346,0.91227766374014
243.98105247463536,0.941244679984684,0.01594876871619688,0.9252959112684871
244.00148571933823,0.9294028967353152,-0.01287320576232609,0.9422761024976413
244.02191896356817,0.9177135233356939,-0.03732791285145809,0.955041436187152
244.04235220757255,0.904691477722857,-0.05200310016562748,0.9566945778884844
244.0627854513441,0.8909895749773584,-0.05199392469820796,0.9429834996755664
244.0832186946427,0.8763714371927677,-0.036816756537562,0.9131881937303297
244.10365193771577,0.8699267062270282,-0.00044473753295815044,0.8703714437599863
244.12408508055523,0.8643545465720673,0.04340846311704394,0.8209460834550234
244.14451842292328,0.8495612362477671,0.07593472936320134,0.7736265068845658
244.16495166506502,0.8229416767315518,0.08499690948184169,0.7379447672497101
244.18538480674033,0.7899091654736642,0.06733499921384112,0.7225741662598231
244.20581814817706,0.7561650069815694,0.02241100071211599,0.7337540062694534
244.22625138915464,0.7294313939332397,-0.044650046091889495,0.7740814400251292
244.24668452989863,0.722534143634991,-0.11934753107921314,0.8418816747142042
244.26711777040327,0.7793535373712935,-0.1519198061284598,0.9312733434997533
244.2875511104503,0.9944176890173702,-0.0385047376795602,1.0329224266969304
244.30798435026372,1.183158891286051,0.04778773241788126,1.1353711588681696
244.32841748983628,1.3873230311387448,0.16059244721507349,1.2267305839236713
244.34885082895198,1.4209815635376832,0.12452522995555282,1.2964563335821304
244.3692840678341,1.354007742177405,0.01709106378360703,1.336916678393798
244.3897172062425,1.2832723849976937,-0.06123533505438439,1.344507720052078
244.4101504444261,1.2222358168299299,-0.09788627321470278,1.3201220900446327
244.43058378214482,1.1679223890345123,-0.10098321861913684,1.2689056076536491
244.4510169196219,1.1201338639191178,-0.07921305177038374,1.1993469156895016
244.4714501568742,1.0776862524411002,-0.044162666171199794,1.1218489186123
244.49188349389442,1.0431968657056536,-0.0038361852228916415,1.0470330509285453
244.51231663020735,1.0153100326565507,0.0312578783492371,0.9840521543073136
244.53274986652832,0.9933978268445074,0.05420651311533575,0.9391913137291716
244.55318310238363,0.9741814603355313,0.05918567529835683,0.9149957850371745
244.57361633799883,0.9570388089566397,0.0469847277584895,0.9100540811981502
244.59404957315564,0.9420618698875615,0.02259124159810455,0.9194706282894569
244.61448280807963,0.9292513282638651,-0.006684583350923035,0.9359359116147882
244.6349160427635,0.9186457710982365,-0.03255773652699012,0.9512035076252267
244.655349276989,0.9058959606754752,-0.05181846213540586,0.957714422810881
244.67578241074807,0.8924726363047283,-0.05761220948007739,0.9500848457848057
244.69621564450063,0.8788541846901352,-0.047342709273982875,0.9261968939641181
244.73708221062407,0.8678906792284624,0.02805081113843455,0.8398398680900279
244.7575153432117,0.8596401529306925,0.06902406207603662,0.7906160908546559
244.77794867557532,0.8375850838140427,0.08813995680544873,0.749445127008594
244.79838180747174,0.8055531767004509,0.0800318335931054,0.7255213431073455
244.81881503912882,0.7716558420203158,0.04548728925389611,0.7261685527664197
244.83924827056035,0.7404607773655919,-0.015005326650098016,0.7554661040156899
244.85968160152697,0.723644053445017,-0.08973761361827415,0.8133816670632912
244.88011473225197,0.7467840545708943,-0.14878180670665042,0.8955658612775447
244.90054796251934,0.8928360881194105,-0.10102207649405515,0.9938581646134657
244.92098129255464,1.1274034572106686,0.029985765897856398,1.0974176913128122
244.94141442234832,1.3287706644335306,0.13446406240370434,1.1943066020298263
244.96184765168437,1.4375506740943502,0.16427814491657244,1.2732725291777778
244.98228078078682,1.3877787138395927,0.06235380763116649,1.3254249062084262
245.00271410941787,1.3135113070437228,-0.03203787759118759,1.3455491846349104
245.0231473378226,1.247026890885429,-0.08580470065714096,1.33283159154257
245.04358056576166,1.189638240129511,-0.10124981505083674,1.2908880551803477
245.06401379369345,1.1388729302352882,-0.08821770733022416,1.2270906375655124
245.08444702093402,1.0932566414536693,-0.05805476019681555,1.1513114016504848
245.1048802481746,1.055630964844903,-0.018663957685940202,1.0742949225308431
245.12531337494147,1.0248954285676313,0.018962533519067293,1.005932895048564
245.14574670125148,1.001372511308003,0.04764637833187413,0.9537261329761288
245.16617992756073,0.9799031534155426,0.05820929737781522,0.9216938560377274
245.18661305317073,0.9595080742637977,0.049611111202562674,0.909896963061235
245.20704637877498,0.9432072621709219,0.02855035393330496,0.9146569082376169
245.22747960392007,0.9294103830036048,-7.388197109992056e-06,0.9294177712007148
245.24791272859147,0.9153344689496858,-0.03076285411571078,0.9460973230653966
245.2683459532709,0.9027670209048119,-0.05392228673604449,0.9566893076408564
245.28877927748545,0.8893747129836513,-0.06546019489747468,0.954834907881126
245.3092124012328,0.8755918562634544,-0.061499122144487384,0.9370909784079418
245.3296456247408,0.866720658359652,-0.0369498581845058,0.9036705165441578
245.35007894802402,0.8641992169612207,0.005673757544715219,0.8585254594165055
245.37051217083354,0.8604180590312925,0.05166551611457304,0.8087525429167195
245.39094529341673,0.8435560448673334,0.08013889265456875,0.7634171522127646
245.41137851553503,0.8142913484000327,0.08229590399519648,0.7319954444048362
245.431811837414,0.7801960686629671,0.057497183094295745,0.7226988855686713
245.45224495906587,0.7473342200973168,0.006370354902780373,0.7409638651945364
245.47267818025284,0.7237845920232012,-0.06458548452447288,0.7883700765476741
245.49311150120047,0.7247324345324155,-0.13744311757864835,0.8621755521110639
245.51354462192103,0.8058891269961301,-0.14966416365696755,0.9555532906530977
245.53397784217668,1.0333489943308931,-0.025158119825765324,1.0585071141566584
245.5544110621995,1.2459222991820738,0.08661355826205397,1.1593087409200198
245.5748442817494,1.431876880572833,0.1856389535235632,1.2462379270492698
245.59527750107372,1.4214118208345696,0.1120778339002726,1.309333986934297
245.61571072015795,1.3462672327055032,0.004391596286811961,1.3418756364186912
245.6361439387838,1.2744214091904413,-0.06692624093379296,1.3413476501242343
245.65657715694397,1.2138319527294863,-0.09590642518435621,1.3097383779138425
245.67701037510415,1.1615788082421545,-0.09154452407137725,1.2531233323135318
245.69744369279215,1.1166668180198622,-0.06394136376770687,1.180608181787569
245.71787681002024,1.079882348456253,-0.02293103336397251,1.1028133818202255
245.73831002724182,1.0492851612975906,0.019137461802800182,1.0301476994947905
245.75874314377143,1.024625593097892,0.0534538343456864,0.9711717587522056
245.77917646030255,1.0021722230147487,0.07086371372432199,0.9313085092904267
245.79960967636725,0.9816488579179279,0.06952485760401195,0.9121240003139159
245.82004289219185,0.9638459369496462,0.052565120719954894,0.9112808162296913
245.84047610755806,0.948597886516997,0.02542668524866687,0.9231712012683301
245.86090932268417,0.9355782263011436,-0.004529764777956746,0.9401079910791004
245.88134253735188,0.9246814800304927,-0.02918218037563669,0.9538636604061294
245.901775651786,0.9100433077319076,-0.047243984458060884,0.9572872921899684
245.92220896598883,0.8951479764331743,-0.05056882203786928,0.9457167984710436
245.96307529322075,0.8755356682660681,-0.0009970759438677756,0.8765327442099359
245.98350860648497,0.873311952385594,0.04579603675163613,0.8275159156339579
246.00394181929005,0.8611871068709321,0.08180679051165429,0.7793803163592778
246.02437493186153,0.8358968756401154,0.09425273710703441,0.741644138533081
246.0448081439681,0.8026568426256755,0.07946905855088171,0.7231877840747938
246.06524145583535,0.7671292764465997,0.03647977698505811,0.7306494994615416
246.0856745674755,0.7391660224637352,-0.027987892718659424,0.7671539151823946
246.1061077786435,0.7260796205291363,-0.1055196359382925,0.8315992564674288
246.12654098958592,0.7659535729381174,-0.1526730780899367,0.9186266510280541
246.14697430006345,0.9584086597969961,-0.06088151319779822,1.0192901729947943
246.16740741030662,1.1834348129660714,0.06111582014696637,1.122318992819105
246.2082738298559,1.4608601972791708,0.17200584656248386,1.288854350716687
246.22870703916124,1.3937080962952724,0.060254768947559434,1.333453327347713
246.24914014800743,1.314839940490869,-0.03056259182276322,1.3454025323136323
246.2695734566223,1.246756694726687,-0.07824611539851745,1.3250028101252045
246.2900066650036,1.1885330256262279,-0.08834800282754629,1.2768810284537742
246.3104397729112,1.1366045665487006,-0.07255456004469685,1.2091591265933974
246.330872980594,1.091314968204295,-0.04076754121462556,1.1320825094189206
246.35130628803745,1.049822673806063,-0.0065207710156023335,1.0563434448216653
246.371739395021,1.0174271947822788,0.026050984477043793,0.991376210305235
246.39217260177247,0.9912428415384038,0.047337826579412434,0.9439050149589914
246.41260590805905,0.9727065008726721,0.055713105022405784,0.9169933958502663
246.43303911410476,0.9555862805321607,0.0458493704550772,0.9097369100770835
246.45347221992415,0.940674561118728,0.023027180433003225,0.9176473806857248
246.47390542527864,0.9283176785054824,-0.0053367344217629675,0.9336544129272454
246.4943387303938,0.9164076554257471,-0.03313467863408892,0.949542334059836
246.51477183504903,0.9034660712727778,-0.0541050582282836,0.9575711295010614
246.5352050394722,0.890031163961373,-0.06196734033453599,0.951998504295909
246.55563834365603,0.8759280409212272,-0.05430689442978276,0.93023493535101
246.57607144737995,0.8707748476889693,-0.022657162857827817,0.8934320105467971
246.5965046508718,0.8727116666709503,0.02631751835239815,0.8463941483185522
246.61693785412353,0.8707569845795218,0.07392767386445764,0.7968293107150641
246.6373710569169,0.8518114740367436,0.09775383230548107,0.7540576417312626
246.65780425947742,0.8207565413496659,0.0933581286266082,0.7273984127230577
246.678237461565,0.7834583427525572,0.05895018905846339,0.7245081536940938
246.6986707634278,0.7494315683738147,-0.0005229251438710891,0.7499544935176858
246.71910386505624,0.7270407136867002,-0.0772299966198241,0.8042707103065243
246.7395370662125,0.7386425592499252,-0.14501930494726256,0.8836618641971877
246.75997016714246,0.8555431543485459,-0.12487066686749404,0.9804138212160399
246.78040346760827,1.100163492708636,0.016207623994985543,1.0839558687136504
246.8008366678332,1.3315306295521125,0.14913666870095543,1.182393960851157
246.82126976783184,1.4706575384346612,0.20637353240229417,1.264284006032367
246.84170306736632,1.4231380502809508,0.10279636010041848,1.3203416901805323
246.86213626665995,1.340575073445993,-0.004237827611426992,1.34481290105742
246.882569465728,1.2672580063015768,-0.06903182030100807,1.3362898266025849
246.90300256432965,1.206389908741673,-0.09144117604823587,1.2978310847899088
246.9234358626927,1.1553560636772748,-0.0810197050403123,1.2363757687175871
246.94386906059663,1.113815737094129,-0.0477401927955563,1.1615559298896854
246.96430215826695,1.080576548063121,-0.003524439370179877,1.084100987433301
246.98473545569868,1.0492850236936155,0.03517724727714233,1.0141077764164732
247.00516865267127,1.0218584664600656,0.06239147333275685,0.9594669931273088
247.02560174941027,0.9966343105865533,0.07193863879367823,0.924695671792875
247.04603494590992,0.9729931054411681,0.06261633153951329,0.9103767739016548
247.06646824195195,0.9530977012727178,0.039811008531948966,0.9132866927407688
247.0869013375268,0.9359864677684954,0.008807949361337553,0.9271785184071578
247.10733453309513,0.9206113008480508,-0.02347065808912907,0.9440819589371798
247.12776782820583,0.9056263192959,-0.050261096621777024,0.955887415917677
247.14820102285012,0.8894075349536329,-0.06653074615137589,0.9559382811050088
247.16863411748636,0.8720475299151319,-0.06830570987311035,0.9403532397882423
247.18906731143215,0.8605474056593769,-0.04829810048431005,0.908845506143687
247.2095006053787,0.8549134655426229,-0.009982313238617091,0.86489577878124
247.2299336988508,0.8519458488819761,0.03670167311410155,0.8152441757678746
247.2503668920981,0.8361927873937739,0.06741306235946731,0.7687797250343066
247.2708001848805,0.8074275886189582,0.07240659703920638,0.7350209915797519
247.29123327742127,0.7724112880487743,0.04997319710984016,0.7224380909389342
247.31166646950442,0.7393914051666532,0.0024868325302290772,0.7369045726364242
247.33209966158756,0.7112578492132938,-0.06928990577978833,0.7805477549930822
247.35253285296494,0.7056841332278803,-0.14551040087470057,0.8511945341025808
247.3729660443496,0.7652410848071186,-0.17727579770232882,0.9425168825094474
247.3933992352686,1.0008815463362388,-0.04397953766784379,1.0448610840040826
247.41383242571465,1.2151952398916728,0.06856412424505232,1.1466311156466205
247.43426561616798,1.4234059200642621,0.18740268802509252,1.2360032320391696
247.45469880615565,1.4251321750657255,0.12243937796931403,1.3026927970964115
247.47513189566962,1.347950944464356,0.008466016800949383,1.3394849276634067
247.49556518495956,1.2738217462049954,-0.06945834794437933,1.3432800941493748
247.5159983740159,1.211478565379307,-0.10400504661206522,1.3154836119913722
247.53643146260583,1.1614809777701867,-0.10020163103786817,1.2616826088080548
247.55686475095717,1.121635731280514,-0.06902747061238146,1.1906632018928955
247.5772979390822,1.0885355281588969,-0.024408137294458454,1.1129436654533553
247.59773102673353,1.0573857002612734,0.0183259747396618,1.0390597255216116
247.61816421416006,1.0280944604822115,0.05019736139226927,0.9778970990899423
247.63859740135376,1.001891503015354,0.06654472445547188,0.935346778559882
247.65903058807453,0.9780089134866815,0.06451041582193251,0.913498497664749
247.67946377456974,0.9570615344123198,0.04655603804698116,0.9105054963653386
247.72033014638873,0.919750297034216,-0.018130637523320337,0.9378809345575363
247.74076333195262,0.9057520696759904,-0.046750418210789624,0.95250248788678
247.7611964170501,0.8900841781148684,-0.06753234689512022,0.9576165250099886
247.78162970190897,0.874860557387977,-0.07330681626063362,0.9481673736486106
247.8429292544024,0.8522675389393709,0.01816169707870119,0.8341058418606697
247.86336243810365,0.8498755929868906,0.06455586137503255,0.7853197316118581
247.88379562133923,0.8327438126661462,0.08706155709361196,0.7456822555725342
247.9042287041084,0.8009411999642051,0.07668754192591187,0.7242536580382932
247.92466198663897,0.7653439699978777,0.037295522942022985,0.7280484470558547
247.94509516894323,0.7324442612731936,-0.028263290565401,0.7607075518385946
247.96552825100662,0.7144272097282744,-0.10727356106685448,0.8217007707951289
247.98596153261315,0.7378647336701153,-0.1683411658376074,0.9062058995077227
248.00639471398608,0.8979788316416644,-0.1077069025050954,1.0056857341467598
248.0268277948926,1.1573916287534716,0.04830421918575167,1.10908740956772
248.04726107556053,1.386962293424089,0.1824988508804417,1.2044634425436473
248.06769425600214,1.4662601831760202,0.18551149025754476,1.2807486929184755
248.08812733597006,1.3970612785639485,0.06764392235770544,1.329417356206243
248.10856051571318,1.314748842769962,-0.030985675141387503,1.3457345179113496
248.1289937949914,1.2431029373663667,-0.08630281906277526,1.329405756429142
248.14942687403527,1.181430507609567,-0.10309330954294627,1.2845238171525133
248.1698600528398,1.1273817586258914,-0.09143759067466628,1.2188193493005577
248.19029333141953,1.0807021781355122,-0.06164883489170969,1.1423510130272219
248.21072650952556,1.0419559990564402,-0.023897021198076684,1.065853020254517
248.2515927648201,0.9766341426963481,0.02765014616565642,0.9489839965306917
248.27202604176273,0.9574709317908652,0.03813346562149966,0.9193374661693655
248.29245911871112,0.9403487526166666,0.030663865379475075,0.9096848872371915
248.31289229519462,0.9257176111464274,0.009753970094414144,0.9159636410520132
248.33332557143876,0.9117105610608459,-0.019657268301475184,0.9313678293623211
248.353758647223,0.8993119004698688,-0.04842867758758085,0.9477405780574496
248.37419182277517,0.8856029166505062,-0.07158504489541939,0.9571879615459256
248.3946249980945,0.8697929491269535,-0.0838357613981977,0.9536287105251512
248.41505817294092,0.8546339871516533,-0.07937786244941225,0.9340118496010655
248.43549134756176,0.8465603510950337,-0.0524266322470307,0.8989869833420644
248.4559245219425,0.8483399791328016,-0.004568115937945039,0.8529080950707466
248.47635769586486,0.8523235226370272,0.04915822386265678,0.8031652987743704
248.4967908695544,0.8444547396988384,0.08550028806729548,0.758954451631543
248.51722404277825,0.8205371958282918,0.09084568952847683,0.7296915062998149
248.53765711576125,0.7873981959328952,0.06405766943739,0.7233405264955052
248.5580903885202,0.7517617494829967,0.006820513353188895,0.7449412361298078
248.5785235610383,0.7262731172545819,-0.06931618898366176,0.7955893062382436
248.59895663309726,0.7265391180969695,-0.145510232548706,0.8720493506456755
248.61938990469207,0.8155408238762124,-0.15153547296137548,0.9670762968375879
248.6398230760533,1.0901509363066844,0.019758280692245833,1.0703926556144385
248.6602562471744,1.318472139031684,0.14829106181990404,1.17018107721178
248.6806893180692,1.4906476032076084,0.23581129222134156,1.2548363109862668
248.70112258849258,1.4500601513540325,0.13535788156592643,1.3147022697881061
248.72155575868965,1.3632904328502213,0.0197899532061514,1.34350047964407
248.7419888284203,1.2851980632764561,-0.05403179408270975,1.3392298573591659
248.76242209791963,1.2183809137916692,-0.08599937823271642,1.3043802920243857
248.7828552671781,1.161367281838065,-0.08407117208653614,1.245438453924601
248.8032883359774,1.1098436112628918,-0.0619234136864204,1.1717670249493122
248.82372150454466,1.0640812040646797,-0.029967779189687516,1.0940489832543672
248.84415477287257,1.0248882117844698,0.0023267720308164375,1.0225614397536533
248.86458784074057,0.995258222937701,0.029695370137658994,0.9655628528000421
248.8850210083765,0.9735535083180196,0.045494307396409916,0.9280592009216097
248.90545427554025,0.9560339963095347,0.04487505117056212,0.9111589451389726
248.92588734247693,0.9412905166425676,0.029183385225975522,0.912107131416592
248.94632050918153,0.9275545614940895,0.0025654220792274973,0.924989139414862
248.9667536754132,0.9160355775781474,-0.025938573582649505,0.9419741511607969
248.98718694142008,0.9043561233595347,-0.050521168459549015,0.9548772918190838
249.0076200071926,0.8917684811974664,-0.06499857083723493,0.9567670520347014
249.02805317249295,0.8771636249301704,-0.0661741093784205,0.9433377343085909
249.04848633756774,0.8669237571806613,-0.04688165816294698,0.9138054153436083
249.0689195024097,0.8641548181841309,-0.007015574861805263,0.8711703930459361
249.08935266677872,0.8632501207569095,0.04145464546043365,0.8217954752964759
249.10978573092143,0.851644369698621,0.07727622852577865,0.7743681411728424
249.1302189946,0.8247539827393677,0.08633531065286892,0.7384186720864988
249.1506521580377,0.7895201454210543,0.06687098668234359,0.7226491587387107
249.1710852212491,0.7526589756073816,0.019308079229669817,0.7333508963777118
249.19151848399633,0.7231901685093923,-0.0499996705664868,0.7731898390758791
249.21195154650195,0.7102819769513105,-0.1302824978275533,0.8405644747788638
249.23238470878277,0.7518694934599655,-0.17779081167915678,0.9296603051391222
249.25281787059794,0.96909782386531,-0.0620937968209222,1.0311916206862322
249.27325113217375,1.2157734252868762,0.08204855011072687,1.1337248751761493
249.29368419328966,1.4463281843079443,0.22096599835773967,1.2253621859502046
249.31411735440633,1.4703701492775765,0.1748472545262365,1.29552289475134
249.334550614818,1.3887788328545905,0.052262689607815105,1.3365161432467754
249.35498367523542,1.3072480981733086,-0.03741526939818707,1.3446633675714956
249.37541683518793,1.2385765849415367,-0.08220494638816223,1.3207815313296989
249.39584999490035,1.1799159640439156,-0.09003478013779298,1.2699507441817086
249.41628315415437,1.1279035400328568,-0.0727094615636128,1.2006130015964696
249.43671631317557,1.0806608615397988,-0.04249269289112223,1.123153554430921
249.45714947195665,1.0393114564493038,-0.008893372347239525,1.0482048287965433
249.47758263027936,1.0062340108907084,0.021277492772548645,0.9849565181181598
249.49801578836923,0.9826321593335664,0.04287964544872891,0.9397525138848375
249.51844894598617,0.9653305823429451,0.05012547623030572,0.9152051061126394
249.53888200360961,0.9505719208813356,0.04060391677729669,0.9099680041040389
249.5593152605361,0.9384251781509865,0.019227711063109942,0.9191974670878765
249.57974841745454,0.9262816049866116,-0.009331867330641952,0.9356134723172536
249.60018147391384,0.9151615714520016,-0.035810357761769995,0.9509719292137716
249.62061473014182,0.9031907833621201,-0.054498299499920244,0.9576890828620404
249.6410478858961,0.8895211630725461,-0.06081205088637209,0.9503332139589182
249.6614809414241,0.8756634098096209,-0.05106153535676361,0.9267249451663845
249.68191409672,0.8655326914861774,-0.022917218494789116,0.8884499099809665
249.70234735154372,0.8612372159025145,0.020543301561172345,0.8406939143413421
249.72278050614113,0.8509410177943567,0.05951816854758507,0.7914228492467716
249.74321356050496,0.8296613652405564,0.07961979514946915,0.7500415700910873
249.76364681439736,0.7973408586092394,0.07158009293781697,0.7257607656714224
249.78407996806345,0.760992461713042,0.03504306508466715,0.7259493966283749
249.80451302126312,0.7281831051248476,-0.02656712469461986,0.7547502298194675
249.82494617422344,0.7069134795965063,-0.10529097442052726,0.8122044540170336
249.84537942695897,0.7199111045065568,-0.17412423419791123,0.894035338704468
249.86581247946015,0.8496797148124783,-0.14245738038750133,0.9921370951999796
249.88624563148915,1.1380879748482358,0.04238446044568245,1.0957035144025533
249.90667888306052,1.3809423779906793,0.18813999255066238,1.192802385440017
249.92711193463037,1.4933945101413861,0.22124213827101102,1.272152371870375
249.94754508572805,1.4259131972829209,0.10110071298970036,1.3248124842932205
249.96797823636734,1.338815928111951,-0.006680885762889721,1.3454968138748407
249.98841138700664,1.262527745453468,-0.0707872557152942,1.3333150011687622
250.008844537173,1.1995353970518439,-0.09227580276707714,1.291811199818921
250.02927768688096,1.1446247925719502,-0.08367789706308759,1.2283026896350377
250.04971093635686,1.0965934495953367,-0.056038147952155226,1.152631597547492
250.07014398559113,1.0561625496608473,-0.019380957452039604,1.075543507112887
250.0905771346006,1.0240794491032814,0.017122258876223206,1.0069571902270582
250.11101038314519,1.000220096389592,0.045793871709365774,0.9544262246802262
250.13144343144813,0.9816092480518513,0.05957414249831605,0.9220351055535353
250.15187657929346,0.9645319884755071,0.05461971655284059,0.9099122719226665
250.1723096269052,0.9491391616001063,0.034701336058975074,0.9144378255411312
250.19274287427834,0.9353322308007018,0.006237257975315269,0.9290949728253866
250.21317602119234,0.9232984062853186,-0.022515996575885766,0.9458144028612043
250.2336091678735,0.9112143378663982,-0.04536034869104244,0.9565746865574406
250.25404231431457,0.895672843000679,-0.059304128135795664,0.9549769711364746
250.27447546029725,0.881136096106156,-0.05638384025938292,0.9375199363655389
250.2949086060471,0.8687060751229404,-0.03564515392940637,0.9043512290523468
250.31534165155608,0.8635673105460461,0.004205263447088492,0.8593620470989576
250.3357748966082,0.8590962798107475,0.04949407735406419,0.8096022024566834
250.35620804142673,0.8397431387092386,0.07562708561093923,0.7641160530982993
250.37664108577883,0.8106052079452093,0.07821833945470003,0.7323868684905093
250.39707433012518,0.7748353093805993,0.052174851133878763,0.7226604582467205
250.41750747377955,0.7400016786292283,-0.00042984124410894164,0.7404315198733372
250.4379405174259,0.7117903651426546,-0.07556070964226402,0.7873510747849186
250.4583736606146,0.70744392873036,-0.153307344510483,0.860751273240843
250.47880690357124,0.7737135286220868,-0.18015731605865914,0.9538708446807459
250.4992399460607,1.0398864717307434,-0.016868023283130862,1.0567544950138743
250.5196730883108,1.2869638388804003,0.12927232511192321,1.1576915137684771
250.54010623033537,1.4924235134042787,0.2474773867228528,1.244946126681426
250.560539371887,1.4642834129185607,0.1557693435146028,1.3085140694039579
250.58097251321306,1.3747930464465437,0.0331842355756502,1.3416088108708935
250.60140555430553,1.2921233885939862,-0.049515288183645145,1.3416386767776314
250.62183879493386,1.223534783484916,-0.08698138127970245,1.3105161647646184
250.64227193532133,1.1657850438536388,-0.08846925539213712,1.254254299245776
250.66270507548325,1.1142083218507517,-0.06771064279823702,1.1819189646489887
250.70357135463564,1.0291380509631662,-0.002141470960098868,1.031279521923265
250.72400449386623,0.9993157107112037,0.027307991319421965,0.9720077193917818
250.7444375326304,0.9774006388806854,0.04561220997079951,0.9317884289098859
250.76487077115598,0.9603718992585132,0.04811649636432902,0.9122554028941842
250.78530390922242,0.9452219270564097,0.03408626966468309,0.9111356573917266
250.805736947048,0.9333719432495754,0.010503081541560877,0.9228688617080145
250.82617018464953,0.9204997247486336,-0.01929181490950238,0.939791539658136
250.84660332178464,0.9096131064919519,-0.044058257532953005,0.9536713640249049
250.867036358919,0.8954241331724154,-0.06190181693354935,0.9573259501059648
250.88746949534834,0.8803117040717395,-0.06572885369729631,0.9460405577690358
250.90790273178573,0.8582855756799228,-0.06025238273504818,0.918537958414971
250.92833576774865,0.8645330451641966,-0.012797443446615042,0.8773304886108116
250.94876890325395,0.8643231315516585,0.03593788538678866,0.8283852461648699
250.96920213876,0.8553317274287379,0.07517093462125946,0.7801607928074784
250.9896351737989,0.8289564197236547,0.08678460305634705,0.7421718166673077
251.0100683083656,0.7945563469974999,0.07123304097561356,0.7233233060218863
251.03050144293957,0.7571433113181266,0.026839416056819165,0.7303038952613075
251.0509345770406,0.7245605377082018,-0.0417463072635017,0.7663068449717035
251.07136771068326,0.7064118735354282,-0.1238933424730454,0.8303052160084736
251.09180084432592,0.7355747772567583,-0.1814351944605136,0.9170099717172719
251.11223407726357,0.9226559089232704,-0.09487205229394635,1.0175279612172168
251.13266711020697,1.2054666061563108,0.08485125973021601,1.1206153464260948
251.15310024268547,1.4535011684611931,0.23916553268503193,1.2143356357761612
251.17353327493038,1.4963805706061257,0.2085447492283654,1.2878358213777603
251.1939665069367,1.4131292991435915,0.08015950103266634,1.3329697981109252
251.21439963848388,1.3261695490459373,-0.019318476279835295,1.3454880253257726
251.23483276979823,1.25198574097909,-0.07362802740978602,1.325613768388876
251.25526590063964,1.1879804796291944,-0.0899239909436167,1.277904470572811
251.2756990312555,1.1327545491986024,-0.07767729333119577,1.2104318425297982
251.29613216163125,1.0824419137223038,-0.05097724956414895,1.1334191632864528
251.31656519178068,1.038285413800613,-0.019280955944688927,1.057566369745302
251.33699842146598,1.0046971293992852,0.012356143005562092,0.9923409863937231
251.35743155068485,0.9793557901598504,0.03482964465933014,0.9445261455005203
251.3778645798957,0.961892238321357,0.044639275488426056,0.9172529628329309
251.39829780864966,0.9468658977765436,0.03718190059314064,0.909683997183403
251.41873093716276,0.9332944521315836,0.015907655521714803,0.9173867966098688
251.43916396521672,0.920503884391199,-0.012820309366617488,0.9333241937578165
251.4595970930386,0.9085050520898884,-0.040781779259559836,0.9492868313494482
251.48003032062843,0.8960640437192023,-0.0614488374435217,0.957512881162724
251.5004633477438,0.8816074316359648,-0.07060639133232671,0.9522138229682915
251.52089647463436,0.8673996316440263,-0.06333899229113837,0.9307386239351647
251.54132970128558,0.8608264867405891,-0.03334530070678121,0.8941717874473704
251.56176282747765,0.8609755523397432,0.013716132677852988,0.8472594196618902
251.58219585343613,0.8554441793485416,0.05777578622016677,0.7976683931283748
251.60262897916255,0.8359587713627928,0.08125561565867068,0.7547031557041222
251.62306220441678,0.8029514871994831,0.0752542429942048,0.7276972442052783
251.64349522944394,0.7664348549523721,0.042085629429757576,0.7243492255226145
251.66392835423903,0.7315268153478568,-0.017762644188454302,0.7492894595363111
251.68436157856195,0.7064283734032087,-0.09669833185210641,0.8031267052553152
251.70479460265778,0.7108237503413917,-0.17131439602238774,0.8821381463637794
251.72522772628872,0.8120635382578734,-0.16660858721596417,0.9786721254738375
251.74566084991238,1.1138744266799536,0.031680560456591955,1.0821938662233617
251.76609397307766,1.3668651176321995,0.18604598470007305,1.1808191329321265
251.78652709577727,1.5105437710245344,0.24746284645617966,1.2630809245683547
251.80696021823678,1.4494957568975395,0.12985222725234902,1.3196435296451905
251.8273934404715,1.358595546945527,0.01391165331587585,1.3446838936296512
251.84782646247186,1.2789473729197838,-0.05776786334758732,1.336715236267371
251.86825958400004,1.210900146568954,-0.08782141041920499,1.298721556988159
251.8886926053019,1.1519666801914117,-0.08561760146801145,1.2375842816594231
251.90912582613964,1.1007299201835377,-0.062169882094924134,1.1628998022784618
251.92955894696934,1.054817595610412,-0.03057669017271092,1.085394285783123
251.94999196710705,1.0172610882730944,0.002069963474248482,1.0151911247988459
251.9704251872463,0.9898787447737453,0.02964967200329427,0.960229072770451
251.99085830691183,0.969986472336014,0.044894469815653926,0.9250920025203601
252.01129132635106,0.9544088488418067,0.043976287210531484,0.9104325616312752
252.03172444532538,0.9408997838957645,0.027811511039783965,0.9130882728559805
252.05215756429243,0.9285222054342888,0.0016668437180199502,0.9268553617162688
252.07259078256902,0.9177034669372875,-0.02607697034552936,0.9437804372828169
252.0930238008441,0.9067329431676512,-0.04900910238445921,0.9557420455521104
252.11345701864775,0.8928984922583171,-0.0631474673401774,0.9560459595984945
252.13389003622433,0.8865690268392094,-0.054184280987784716,0.9407533078269941
252.154323153336,0.866442816733931,-0.04306802458668002,0.909510841320611
252.17475617020682,0.8617523403765223,-0.003983711811218371,0.8657360521877406
252.1951893868536,0.8581646041239477,0.042046260321470186,0.8161183438024775
252.2156225032668,0.8431196387931543,0.0735972380738652,0.7695224007192891
252.23605561920704,0.8145608764899592,0.07909144603743079,0.7354694304525284
252.25648873492173,0.7783637319597484,0.055902475286425446,0.722461256673323
252.27692185017077,0.7425545311144676,0.006126254421314314,0.7364282766931532
252.2973549651797,0.7117833724061029,-0.06778635577507175,0.7795697281811746
252.3177879799623,0.7004540100197898,-0.14933406034949925,0.849788070369289
252.33822119428078,0.7493821100592472,-0.19144180781118825,0.9408239178704354
252.35865430835838,0.9969311682478325,-0.04613892933823183,1.0430700975860643
252.37908732220967,1.2660321984287604,0.12108167368144662,1.1449505247473137
252.39952053582965,1.4891313061735485,0.25449966721189354,1.234631638961655
252.41995364897593,1.4792837301768633,0.17749729533572722,1.301786434841136
252.44038666166307,1.3906930166860278,0.05155671226143044,1.3391363044245974
252.46081977435097,1.306022328932625,-0.037482210096931645,1.3435045390295566
252.4812529865667,1.2346547472782499,-0.08156354124542808,1.316218288523678
252.50168599855533,1.1732449334499795,-0.08955357249733886,1.2627985059473184
252.52211911007907,1.119127358999291,-0.07285990216262794,1.1919872611619189
252.54255232136347,1.0710285085348925,-0.043257460142182014,1.1142859686770745
252.56298543242156,1.029034632232067,-0.011211233828804623,1.0402458660608715
252.58341844301322,0.9984892875244669,0.01969401517374869,0.9787952723507182
252.60385155336553,0.9764420771826103,0.04055646138064428,0.935885615801966
252.62428476349305,0.960351591543259,0.04667465447207664,0.9136769370711824
252.64471777338622,0.9455637320550381,0.03517468589459016,0.9103890461604479
252.6651508828072,0.9311520200243527,0.010314784682032285,0.9208372353423204
252.68558409177058,0.9194441652687271,-0.01810809694056492,0.937552262209292
252.70601710073242,0.9075928640375913,-0.04469015261776865,0.95228301665536
252.7264502092221,0.8944660531280745,-0.06315482444538822,0.9576208775734627
252.7468833174862,0.8803957187525072,-0.06806295184912414,0.9484586706016314
252.76731642528466,0.866361837079562,-0.056670152775893046,0.9230319898554551
252.787749532843,0.8580243740852657,-0.025333508013518413,0.8833578820987841
252.8081826401758,0.8547930906958499,0.01980164766823489,0.834991443027615
252.82861574727576,0.8456771543435863,0.05953998032210184,0.7861371740214844
252.8490488539028,0.8228380184837102,0.07657507069990832,0.7462629477838019
252.86948196007143,0.7897325409086042,0.06528205131885634,0.7244504895897479
252.8899149662393,0.75387731852414,0.02611451986740887,0.7277627986567311
252.91034817193577,0.7204938052207933,-0.039414983301475526,0.7599087885222688
252.9307812774059,0.7003929018575547,-0.12004195060722811,0.8204348524647828
252.95121428240964,0.7187421035605056,-0.1858477767796305,0.9045898803401361
252.97164748717478,0.8715405641716424,-0.1323552495631598,1.0038958137348022
252.9920805917136,1.179898940633431,0.07256903409093707,1.107329906542494
253.01251359601883,1.4360307110655572,0.23308685676706276,1.2029438542984945
253.0329466998519,1.512142599641396,0.23249806447117294,1.279644535170223
253.05337990346015,1.4313551353776026,0.10250649444775761,1.328848640929845
253.073813006602,1.34220129668525,-0.003544780461895325,1.3457460771471452
253.09424600951024,1.2662658380763396,-0.06369782326911455,1.3299636613454542
253.1146792121799,1.2016060654921592,-0.08391459672490886,1.285520662217068
253.13511231462326,1.1437545498312514,-0.07634009458451829,1.2200946444157696
253.1555453165929,1.0942101943926015,-0.04950733837520671,1.1437175327678082
253.17597841833776,1.0537116759285137,-0.013413649308528175,1.0671253252370418
253.19641161961772,1.0222118554382722,0.022171613782432376,1.0000402416558398
253.21684462066332,0.9993952663180186,0.04972835763879124,0.9496669086792273
253.23727772146958,0.9816989764059405,0.06204910247981732,0.9196498739261232
253.25771092205105,0.9651844877122083,0.05551608666735375,0.9096684010448546
253.27814392215805,0.9502061467848179,0.034487393056693016,0.9157187537281248
253.29857702204026,0.9367194040060346,0.005687060339422456,0.9310323436666121
253.3190101214568,0.9251874298095455,-0.022275255287626416,0.9474626850971719
253.33944332086685,0.9124011390849237,-0.04469573367238877,0.9570968727573125
253.35987631981698,0.8977700226604822,-0.05603955745137368,0.9538095801118559
253.3803094183022,0.8823831466173132,-0.052105287220593266,0.9344884338379065
253.4007426165481,0.8711067862638133,-0.028608227233766548,0.8997150134975799
253.4211756145669,0.8689836208976481,0.015201660059802613,0.8537819608378455
253.44160871235363,0.8627745937013789,0.05874062079137232,0.8040339729100066
253.46204170967394,0.8428338749099513,0.08318581686225923,0.7596480580476921
253.48247490675567,0.8120714640637812,0.08202142109223998,0.7300500429715412
253.50290800361108,0.7762061984153401,0.052962421203510246,0.7232437772118299
253.52334100000007,0.7400261193732204,-0.0043044641221668956,0.7443305834953873
253.54377419615048,0.711746023138287,-0.08273585226780977,0.7944818754060968
253.56420729207457,0.7104679338037562,-0.16007018541287443,0.8705381192166306
253.58464028753224,0.7895630540410304,-0.1757539600737541,0.9653170141147845
253.60507338275056,1.085678679377705,0.01709329365933554,1.0685853857183694
253.6255065777441,1.346726584061206,0.17818845711847087,1.168538126942735
253.64593957227044,1.522120934590456,0.268571109279631,1.253549825310825
253.68680586061964,1.3863939659276894,0.043102529479259966,1.3432914364484294
253.70723885421467,1.3023002019582528,-0.037292596856328686,1.3395927988145815
253.72767194780317,1.231868991623359,-0.07336488343412384,1.3052338750574828
253.7481049406997,1.1711508915890256,-0.07548780082252726,1.246638692411553
253.76853813359776,1.1169247965604612,-0.05620557844072249,1.1731303750011837
253.7889712260221,1.0696327824691707,-0.025752542565391057,1.0953853250345618
253.8094043182209,1.028835937317175,0.005133439004042728,1.0237024983131322
253.82983740995405,1.0014558397264306,0.035068217065735596,0.966387622660695
253.85027050144708,0.9796881076588067,0.05117498334693393,0.9285131243118727
253.87070359271456,0.9645680019997176,0.05330964174413988,0.9112583602555777
253.89113658374845,0.9496859566888797,0.03775322873157083,0.9119327279573088
253.91156977431092,0.9365956293039011,0.011927076437668216,0.9246685528662328
253.93200286464707,0.9239389600132799,-0.017716944136616397,0.9416559041498963
253.9524358545168,0.9114620842114085,-0.043239724911812605,0.9547018091232211
253.9728690443808,0.8972988494212966,-0.05954068775220023,0.9568395371734968
253.99330213378562,0.8826313977307497,-0.061075315782926576,0.9437067135136763
254.01373512272403,0.8719256761022393,-0.042526751271012575,0.9144524273732518
254.0341682114231,0.87075989826865,-0.0012507761459646938,0.8720106744146147
254.05460139989736,0.8720463242163565,0.049355006739242535,0.822691317477114
254.07503448813804,0.858515072143303,0.0833627469076833,0.7751523252356197
254.09546747590502,0.8305426313201929,0.09161904100783991,0.738923590312353
254.11590066344797,0.7949605922005114,0.07222546387088302,0.7227351283296284
254.13633375075005,0.7566737705711892,0.02374004154885323,0.732933729022336
254.156766737593,0.7244193173964973,-0.047837257368581576,0.7722565747650789
254.17719982443668,0.7085361178627041,-0.13064484225985473,0.8391809601225588
254.19763301058265,0.7447202813371836,-0.18324225627101898,0.9279625376082026
254.21806599671982,0.9615482817514562,-0.06781802986996066,1.029366311621417
254.23849908239936,1.2512017331792866,0.11921762856236473,1.131984104616922
254.25893226783955,1.49243525913629,0.2685230930747817,1.2239121660615082
254.27936525281984,1.5019162208940098,0.20738708619886181,1.294529134695148
254.29979833756806,1.411706823081619,0.07562394778765857,1.3360828752939604
254.32023142208345,1.3262967726078794,-0.018520314782301206,1.3448170873901806
254.34066450635873,1.2500317195734876,-0.071436509459615,1.3214682290331026
254.36109759017563,1.1848877136477838,-0.08615894670731761,1.2710466603551014
254.3815306737597,1.1323071552595185,-0.06963855748841197,1.2019457127479305
254.4019638568716,1.082865343683058,-0.0416648074654693,1.1245301511485273
254.42239683998923,1.0394554676009757,-0.009989082956519457,1.0494445505574952
254.44282992264198,1.0023904138156197,0.016473470997385498,0.9859169428182342
254.46326290482102,0.9703797125225243,0.030027330564550536,0.9403523819579738
254.48369608700887,0.942901038970957,0.027467464795648544,0.9154335741753085
254.5041291687303,0.9193151066328452,0.009431474769702408,0.9098836318631428
254.524562149978,0.8986144110762257,-0.020299026513971086,0.9189134375901968
254.54499533123453,0.8797350598453497,-0.05553975034362624,0.935274810188976
254.56542841202463,0.8647422260626751,-0.08598429100913407,0.9507265170718092
254.58586149257462,0.8440934579921602,-0.11356542823041427,0.9576588862225744
254.60629447266547,0.825810304144764,-0.12478028654947493,0.9505905906942389
254.626727652525,0.8087242118841173,-0.11855267313622198,0.9272768850203392
254.64716073214367,0.8026629599302761,-0.08657255785715501,0.8892355177874312
254.66759371153603,0.8066346650087112,-0.034958535225758536,0.8415932002344697
254.68802689046424,0.806706820549151,0.014431883196761364,0.7922749373523896
254.7084599691516,0.7927119219204597,0.04203785053936615,0.7506740713810935
254.7288929473798,0.7690457414151305,0.04302611052446015,0.7260196308906703
254.74932602537592,0.7405121956493204,0.014786280686008735,0.7257259149633116
254.7697592031327,0.713437634937888,-0.04056598504217701,0.754003619980065
254.79019218066242,0.6961987532745946,-0.11477175821621399,0.8109705114908086
254.81062525772722,0.713589760188409,-0.17883554961624026,0.8924253098046493
254.8310584345527,0.8456565370803107,-0.1446678590868854,0.9903243961671961
254.85149141115107,1.1708794514268903,0.07698497117633885,1.0938944802505515
254.8719244875174,1.4376335297919802,0.24642375759634594,1.1912097721956343
254.91279073907936,1.4992550626862065,0.17509869114169896,1.3241563715445075
254.93322371428076,1.415630646798362,0.07019986964088076,1.3454307771574812
254.9536567892428,1.3426369204500728,0.008822041154172844,1.3338148792959
254.97408986397932,1.2795279807898527,-0.013249020447552384,1.2927770012374051
254.994522938483,1.2253273024600746,-0.00424900098404124,1.2295763034441158
255.01495591251296,1.1769940016629052,0.0229699758019708,1.1540240258609344
255.0353890863189,1.1333684556766086,0.05650570336715721,1.0768627523094514
255.05582215965842,1.0957611507577116,0.08771804717647447,1.0080431035812372
255.07625523299066,1.064724540491554,0.1095523471197608,0.9551721933717932
255.09668820586376,1.0380011771723556,0.11559829344352157,0.922402883728834
255.1171213782727,1.0146036138549674,0.10466813501303895,0.9099354788419285
255.13755445067363,0.9960429643202067,0.08183087506387055,0.9142120892563361
255.1579874226154,0.9790721984516608,0.050315117139499654,0.9287570813121612
255.17842059432587,0.9639662916361723,0.01845054243925448,0.9455157491969178
255.19885366556264,0.9494257628050179,-0.007025270318077315,0.9564510331230952
255.2192866365731,0.9317342911265843,-0.023388014552585323,0.9551223056791697
255.23971970735147,0.9153550450071473,-0.022612304963365304,0.9379673499705126
255.2601528778905,0.9071944195640168,0.002129796419172436,0.9050646231448444
255.28058584796963,0.912728101590454,0.052487059813091985,0.860241041777362
255.3010189178167,0.9200198489153376,0.10952184229976547,0.8104980066155721
255.3214520874244,0.9159896982063492,0.15113392382007895,0.7648557743862703
255.3418850565722,0.8977760396376216,0.16497109372297725,0.7328049459146444
255.36231812548795,0.8705136981455145,0.14788630677562176,0.7226273913698927
255.38275119416357,0.8439154030297746,0.10403701741944216,0.7398783856103325
256.3431049777937,1.0771580059598704,0.15962392824244542,0.917534077717425
256.3635379318075,1.0440463045379544,0.13441127845298206,0.9096350260849724
256.383970985582,1.0148274871764693,0.09771068641469005,0.9171168007617793
256.40440413913166,0.9891343654090675,0.05615606370852866,0.9329783017005389
256.424837092447,0.9640418375626141,0.015025068914335082,0.949016768648279
256.4452701452901,0.9386093203133106,-0.01883876835704623,0.9574480886703568
256.4657032979085,0.9126961334698637,-0.03973948589635279,0.9524356193662165
256.48613635005313,0.8880404139080759,-0.043223169641654846,0.9312635835497307
256.5065693022043,0.8741297090830341,-0.020817342123805815,0.8949470512068399
256.52700235389057,0.8730423654432198,0.024873424298991864,0.8481689411442279
256.547435405344,0.8689867909824426,0.07043420334841255,0.79855258763403
256.5678684563245,0.8513224770335293,0.095935989752441,0.7553864872810883
256.5883014070787,0.8221699980776649,0.09415159829853215,0.7280183997791327
256.60873455760157,0.7880289706756268,0.06383904601022927,0.7241899246653976
256.6291676078836,0.7546890811351276,0.006091032716811662,0.7485980484183159
256.6700336072972,0.7398618399613766,-0.1406772129809375,0.880539052942314
256.6904667566487,0.8492339599919716,-0.12760631526461164,0.9768402752565832
256.710899805541,1.1667345344991273,0.08639711799351613,1.0803374165056112
256.7313327544325,1.4301894803150463,0.2510339384610729,1.1791555418539734
256.7721989508136,1.519211307348432,0.20031326162340646,1.3188980457250254
256.792631898541,1.4269513508430494,0.08241460605246087,1.3445367447905885
256.81306494602904,1.3427229788881894,0.005570205792120753,1.3371527730960686
256.8334980932923,1.2724737861166417,-0.027177199262365503,1.2996509853790073
256.8539310403212,1.2095036034854618,-0.02934747131517601,1.2388510748006378
256.8743640868779,1.1528589087952832,-0.011454628877571649,1.1643135376728548
256.89479723320983,1.103020974074645,0.01626252795073624,1.0867584461239088
256.91523027907533,1.0574315214956769,0.041095229357517304,1.0163362921381596
256.93566322469997,1.0195682774769184,0.058529372801817026,0.9610389046751013
256.9560962700998,0.9866072527200156,0.061089733748839636,0.925517518971176
256.9765294152676,0.9580275780036785,0.04752893384860801,0.9104986441550705
256.9969623601937,0.9323508228394392,0.019465833702836388,0.9128849891366028
257.01739540466224,0.9108820877920407,-0.01563600003038168,0.9265180878224224
257.0378285488987,0.8913151203858798,-0.05214782245136873,0.9434629428372485
257.0582614926607,0.8699685781154349,-0.08561781269292101,0.955586390808356
257.0786945361979,0.848885362766712,-0.10726941985533067,0.9561547826220427
257.0991274795015,0.8269347211825878,-0.11423448943177639,0.9411692106143642
257.1195606225665,0.8120326229443411,-0.09817371747173687,0.910206340416078
257.1399936654052,0.8095920573786461,-0.05702457651674864,0.8666166338953948
257.16042670777824,0.809734621383792,-0.007303282235103015,0.8170379036188951
257.1808597499112,0.8010919344557319,0.030785370412967916,0.770306564042764
257.20129279158573,0.7799379641501785,0.04399129700005011,0.7359466671501284
257.2217258332603,0.7513109585156289,0.028817706777095498,0.7224932517385334
257.24215877446113,0.721343692069513,-0.014591904759613583,0.7359355968291266
257.2625919152051,0.6954521707513281,-0.08309673823643449,0.7785489089877626
257.28302495594835,0.6898573497312365,-0.15845819673807482,0.8483155464693113
257.3034578962179,0.743478588791194,-0.19556715801849167,0.9390457468096857
257.3238910362634,0.9890583683451527,-0.05212725721399358,1.0411856255591463
257.34432407584245,1.2545232299137077,0.11134390066730826,1.1431793292463994
257.3647570154135,1.4698191586507487,0.23663845465217648,1.2331807039985723
257.3851900545269,1.4710078107465292,0.1701852545125757,1.3008225562339535
257.4056231931754,1.3880020781384346,0.04924371980305087,1.3387583583353837
257.4260562318159,1.3065505438801008,-0.03717901255250289,1.3437295564326037
257.4464891699972,1.238443505643951,-0.07853865535557358,1.3169821609995245
257.46692230794724,1.1796176962749834,-0.0843481511790154,1.2639658474539988
257.4873553456564,1.1276217264851691,-0.06575505180561048,1.1933767782907796
257.5077882829064,1.0801878134177103,-0.03551179470710286,1.1156996081248132
257.52822131992434,1.0373837793453737,-0.0041151091068571954,1.041498888452231
257.54865445670293,1.0018895313936418,0.022142709988943854,0.9797468214046979
257.5690873930216,0.9705338084399355,0.034073244932878666,0.9364605635070569
257.58952042934106,0.9439029574137148,0.0300303115742514,0.9138726458394634
257.60995356518833,0.9207238947670819,0.010450955770793025,0.9102729389962889
257.6303865005757,0.9011673365986311,-0.019363811804477993,0.9205311484031091
257.6508195359638,0.8829381017473023,-0.05426925516315917,0.9372073569104614
257.671252570879,0.8664108427026961,-0.08563948779269093,0.952050330495387
257.69168560556864,0.8481864264575358,-0.10943500615738799,0.9576214326149238
257.7121186397926,0.8293411096598846,-0.11941875898620258,0.9487598686460872
257.7325516740093,0.8122605741296962,-0.11137268028407721,0.9236332544137734
257.75298480776837,0.8076925328089594,-0.07649583247786629,0.8841883652868257
257.77341774106026,0.8108009996508301,-0.0251204800237399,0.83592147967457
257.79385077434563,0.8091901974388841,0.022191743132608188,0.7869984543062759
257.81428370717185,0.7942287313919159,0.04735035506540031,0.7468783763265155
257.83471683976677,0.7694646312578681,0.04480004711915997,0.7246645841387082
257.8551498721208,0.7408639656941924,0.01339286580699861,0.7274710998871938
257.8755829040165,0.7153451656584372,-0.043732311900620324,0.7590774775590575
257.8960159356793,0.7020069178286614,-0.1171037300645944,0.8191106478932558
257.91644896710204,0.7289464772578128,-0.17394981964108402,0.9028962968988968
257.9368819980664,0.8931703054066804,-0.1088446459687562,1.0020149513754366
257.95731492902996,1.1994231957335892,0.09394497652823186,1.1054782192053574
257.9777480595221,1.4484005729529674,0.247060054205273,1.2013405187476944
257.9981809895544,1.535563854570654,0.25708935479537653,1.2784744997752775
258.0186140195874,1.474488889941826,0.14624969879927718,1.3282391911425488
258.03904714914825,1.3958324668768882,0.050085637904625724,1.3457468289722625
258.059480078482,1.3261094917544398,-0.00443045872629777,1.3305399504807376
258.0799131073509,1.2656419661664664,-0.020919799376881265,1.2865617655433477
258.100346036219,1.211716656738864,-0.009715856053710059,1.221432512792574
258.12077916461567,1.1634632575063155,0.01830958623334622,1.1451536712729693
258.14121219278604,1.1201832299195982,0.05171718297982664,1.0684660469397715
258.16164522049075,1.0825696258228308,0.0814444633239717,1.001125162498859
258.18207824795536,1.0521847364529782,0.10179191103520302,0.9503928254177751
258.2025112751944,1.0258043040925733,0.10581787639444618,0.9199864276981271
258.22294430219335,1.002943620968015,0.09328542365840375,0.9096581973096112
258.24337722873315,0.9839670840170449,0.06850090863201763,0.9154661753850273
258.2638103552745,0.9672630993402586,0.03658127186539373,0.9306818274748648
258.28424338134937,0.9514194648170788,0.004249786978369641,0.9471696778387092
258.30467630695057,0.9359047637830192,-0.021092916203844125,0.9569976799868634
258.32510943256057,0.9188351510400145,-0.035159596524043546,0.953994747564058
258.34554245769687,0.9018308365825703,-0.03315324076307391,0.9349840773456443
258.365975382374,0.8939320673257407,-0.006544429099307192,0.9004764964250479
258.40684153126494,0.9006797254868067,0.09573220117620407,0.8049475243106027
258.42727445523633,0.8926111107777959,0.1322306505647156,0.7603804602130803
258.4477074789829,0.8718175840561389,0.1413842800501076,0.7304333040060312
258.46814060225734,0.8444085832599484,0.12125829779387165,0.7231502854660767
260.24581221316475,0.8901132292088378,0.028952705421320113,0.8611605237875177
260.26624521082704,0.8864039336218079,0.07496620646452579,0.8114377271572821
260.2866781080302,0.8706180891764669,0.10498250797345898,0.7656355812030079
260.30711120523483,0.8432155270863054,0.10996568025512621,0.7332498468311792
260.3275442019658,0.8101883295710235,0.0875871887390226,0.7226011408320009
260.34797709847044,0.7754910455110363,0.03618361923107061,0.7393074262799657
260.3684100945102,0.7493521656611223,-0.03582257882026341,0.7851747444813857
260.3888431903106,0.7486799396403953,-0.10901522918956386,0.8576951688299591
260.40927608611673,0.8271885816061499,-0.12305656273640131,0.9502451443425513
260.42970908122516,1.0978587948973972,0.04489125793161075,1.0529675369657865
260.45014217632706,1.3307833428378468,0.17659755504511154,1.1541857877927353
260.47057507096906,1.5222821974230833,0.2801497239930071,1.2421324734300763
260.4910080656118,1.5089390311588367,0.20222681766193262,1.306712213496904
260.5114411595496,1.4284119338720087,0.08741363221975629,1.3409983016522524
260.5318740534931,1.3495339006216136,0.007299959522575561,1.342233941099038
260.5523070472045,1.2801148351901106,-0.032053770920528635,1.3121686061106392
260.572740040443,1.2178983153470209,-0.0387803088712253,1.2566786242182462
260.59317313345673,1.161790224062408,-0.022951367257113775,1.1847415913195218
260.61360602600325,1.1113630691491716,0.004423156756064195,1.1069399123931074
260.63403901854326,1.0662727254498714,0.03253447945190491,1.0337382459979665
260.65447211062565,1.0278169583759031,0.05398215517542926,0.9738348032004739
260.6749050024737,0.9943737364201565,0.06152474695441912,0.9328489894657374
260.69533799408237,0.9652857769527021,0.052723081520852144,0.91256269543185
260.7157708852319,0.9389202469915175,0.028079448883393865,0.9108407981081237
260.73620397615014,0.916222445687391,-0.0060047651499753885,0.9222272108373664
260.7566369668275,0.8959327495000972,-0.04317752809149611,0.9391102775915933
260.7770699572793,0.8770261406411176,-0.07622358940062679,0.9532497300417444
260.7975029474983,0.8569817036892142,-0.10041484209949236,0.9573965457887066
260.81793593724433,0.8360035037435792,-0.1107197232325392,0.9467232269761184
260.83836882676405,0.8178535406758252,-0.10196080032464461,0.9198143410004698
260.8588018160517,0.8121657717395853,-0.0668760455212436,0.8790418172608289
260.8792349048672,0.8128561852961612,-0.01740152805155104,0.8302577133477123
260.8996678936892,0.8049050359070821,0.02305379148179676,0.7818512444252853
260.92010078204476,0.7860449056268556,0.042719325028781285,0.7433255805980743
260.94053387016174,0.75845313569015,0.03481527969722442,0.7236378559929256
260.9609667578188,0.7290070034194844,-0.0005773935343705849,0.729584396953855
260.98139974547666,0.7031026304143613,-0.06140224584024023,0.7645048762546015
261.00183283266233,0.6928653457319919,-0.13466937520494915,0.827534720936941
261.0222657196209,0.7318918120140299,-0.18164292171988483,0.9135347337339147
261.0426987061146,0.9217203300588298,-0.09200705027203304,1.0137273803308628
261.063131692601,1.1677691889956248,0.05083939267372517,1.1169297963218996
261.08356467862905,1.3828299391534609,0.17163166023418652,1.2111982789192743
261.10399766442424,1.4435622663287173,0.1579524750933159,1.2856097912354014
261.1244306499866,1.3845744942776304,0.05268211681048984,1.3318923774671405
261.1448637350768,1.313966901670274,-0.03167121924245553,1.3456381209127295
261.16529662017274,1.249616208506646,-0.07728568021565319,1.3269018887222992
261.1857296047965,1.1908003271689043,-0.089290422766521,1.2800907499354253
261.2061624889611,1.138843298748483,-0.07432456866510018,1.213167867413583
261.22659557312727,1.0908979800460938,-0.04540651515303562,1.1363044951991295
261.247028556827,1.049013020975578,-0.011202152603555282,1.0602151735791332
261.26746144028584,1.0130039811409461,0.018560882801819334,0.9944430983391268
261.28789452352066,0.9909794204857255,0.045088484953796026,0.9458909355319295
261.3083275065146,0.9725324465264853,0.054695054852572866,0.9178373916739124
261.3287604890502,0.9567207944461295,0.04712996226367838,0.9095908321824511
261.34919337135216,0.9417174542432195,0.024878962162287577,0.9168384920809319
261.3696264534228,0.9295112594905693,-0.00310595558857929,0.9326172150791486
261.3900594352526,0.918598886531736,-0.03013337762818402,0.9487322641599201
261.4104923168561,0.9060386141164111,-0.051337599512037424,0.9573762136284485
261.4309253979882,0.8921289725913202,-0.06053378725733205,0.9526627598486522
261.45135837889393,0.8767394325893222,-0.05506901326609426,0.9318084458554164
261.4922243397741,0.866889440791673,0.01776963861047509,0.8491198021811979
261.51265731974127,0.8629610524171508,0.06348081941799533,0.7994802329991555
261.53309019971493,0.8427981542287056,0.08669108618214816,0.7561070680465575
261.5535231789909,0.8103064986436433,0.08194457310766623,0.7283619255359771
261.5739562582603,0.7748837842195018,0.05085177868364854,0.7240320055358532
261.5943892370706,0.7404450795574683,-0.007437966482458536,0.7478830460399268
261.6148221158801,0.7180320054286411,-0.08265107182537501,0.8006830772540161
261.6352551942182,0.728955241911173,-0.14991512002183838,0.8788703619330114
261.65568817209714,0.8415806365169446,-0.13334261292263416,0.9749232494395788
261.67612104997534,1.1067769625381623,0.02838698672852291,1.0783899758096394
261.69655402738135,1.3097986519491216,0.13239159423234081,1.1774070577167808
261.7169871045626,1.4446813380043317,0.1842212604606812,1.2604600775436505
261.73741998150945,1.4097838298057541,0.09167863685001554,1.3181051929557386
261.757852958217,1.3372719592331828,-0.007098447580149214,1.344370406813332
261.7782860344669,1.2659710230827845,-0.07162864373489919,1.3375996668176837
261.7987189104824,1.2051953874732415,-0.09542077317398023,1.3006161606472217
261.8191518862586,1.1480657742876967,-0.09210721792365617,1.240172992211353
261.83958486180927,1.097099009833958,-0.06869405383160143,1.1657930636655593
261.86001783689426,1.0536335731492148,-0.03455718374890937,1.0881907568981242
261.88045081173914,1.0177517201980613,0.0002090327091581745,1.017542687488903
261.90088378635846,0.9907964302422212,0.02890125725652415,0.961895172985697
261.92131686073844,0.9711290148513627,0.04515725855142616,0.9259717562999366
261.94174973489135,0.9556915618054719,0.045115788477651075,0.9105757733278208
261.96218270857935,0.9412679302935408,0.02859016652646862,0.9126777637670722
261.982615782028,0.9290780093906107,0.002910352429658092,0.9261676569609526
262.0030486552496,0.9185567643706272,-0.024573143588757285,0.9431299079593845
262.0234816282391,0.9065313373105925,-0.04888882132666028,0.9554201586372528
262.0439145007622,0.8933590462024513,-0.06290461852509754,0.9562636647275489
262.0643475730467,0.8783504019611327,-0.06324844755122505,0.9415988495123577
262.0847805451049,0.8690778483673947,-0.041851936940620726,0.9109297853080154
262.10521351693023,0.8696568617741862,0.0021206994643241384,0.8675361623098621
262.1256464885155,0.8697649511274734,0.05176404576085436,0.8180009053666191
262.14607945964235,0.8551877942162109,0.084056748432362,0.771131045783849
262.1665124305291,0.8260826246295906,0.08962985264687429,0.7364527719827163
262.18694530118955,0.7908684044012616,0.06833306232064518,0.7225353420806164
262.2073783716187,0.7572389136396427,0.021809403757931833,0.7354295098817109
262.2278113415814,0.7283090733037353,-0.04917989406792567,0.777488967371661
262.24824421130324,0.7227317752846887,-0.1240479823724645,0.8467797576571532
262.26867728080106,0.7851467644672896,-0.15204166950306308,0.9371884339703527
262.2891101500645,1.0182434212735976,-0.020968038435702052,1.0392114597092996
262.30954311908863,1.2257890421834674,0.08446995612751018,1.1413190860559572
262.32997608765436,1.4172724165532486,0.18561897097759883,1.2316534455756498
262.35040905598726,1.4330208427265827,0.13321839091701948,1.2998024518095632
262.37084202408005,1.366635883667537,0.028285835666157944,1.338350048001379
262.3912749919473,1.2958164243629293,-0.04813691448732005,1.3439533388502494
262.41170795934886,1.231093510710875,-0.0866783132632798,1.3177718239741547
262.43214092674316,1.1734292808247357,-0.09175278243647833,1.265182063261214
262.4525738936791,1.1209157553339766,-0.07391398551421924,1.1948297408481958
262.4730069603829,1.07391399940952,-0.04326639929340503,1.117180398702925
262.4934398266123,1.035458442923326,-0.007357086153815251,1.0428155290771413
262.5138727928497,1.0061558191797846,0.025404569999008975,0.9807512491807756
262.5343056586207,0.9831727099655212,0.04610124425273632,0.9370714657127849
262.55473872415314,0.9666271264066127,0.05254122657200966,0.9140858998346031
262.57517168945924,0.9524448178203808,0.04228680048118605,0.9101580173391948
262.5956045542989,0.9405475178751682,0.020332942631682616,0.9202145752434856
262.61603761913284,0.9296821154652466,-0.007165006981554423,0.936847122446801
262.6364705835076,0.9187712334246381,-0.03303322820115995,0.951804461625798
262.65690354764956,0.9074060968838525,-0.05021133348617057,0.9576174303700231
262.6773364113178,0.8929206543523186,-0.056148869262901746,0.9490695236152203
262.69776947499486,0.8787987299600157,-0.045458440321384797,0.9242571702814005
262.7182024382055,0.8723075227317221,-0.012746729607443053,0.8850542523391651
262.73863530117524,0.8709445128944473,0.03405049547418948,0.8368940174202578
262.75906836392096,0.8598715719819021,0.07196954901566177,0.7879020229662403
262.77950132620026,0.8351976908017166,0.08767015796488387,0.7475275328368327
262.7999341884715,0.8019804886388565,0.07708379265881005,0.7248966959800465
262.8203672502859,0.7664256761892901,0.03925048005827958,0.7271751961310106
262.84080021186674,0.7358970972977488,-0.022319850878017133,0.7582169481757659
262.8612330732067,0.7197969737301688,-0.09793542891015372,0.8177324026403225
262.881666034089,0.749294278247912,-0.15183372446395504,0.901128002711867
262.9020990949721,0.913735068401587,-0.08631265427749502,1.000047722679082
262.9225319553807,1.1523776473017884,0.048839886701574686,1.1035377606002137
262.9429649155645,1.3524759700853597,0.15282144616369475,1.199654523921665
262.9633979755163,1.436298676729951,0.1590586926535753,1.2772399840763757
262.98383093499433,1.3871111213003509,0.05952159700114157,1.3275895242992093
263.00426379424607,1.3169397045016296,-0.028795484093053325,1.3457351885946829
263.0246967534986,1.2525551784424878,-0.07857688590710565,1.3311320643495934
263.04512981204607,1.1940310264916771,-0.09361157977152823,1.2876426062632054
263.0655626705993,1.1404964273364813,-0.08233077491465424,1.2228272022511355
263.0859956289205,1.0919467095728335,-0.05470977075829908,1.1466564803311325
263.1064286867695,1.05060744829125,-0.019265092752883684,1.0698725410441337
263.12686154439143,1.0201664461211108,0.017899400729110226,1.0022670453920006
263.1472945017813,0.9976435848733827,0.046482539799834965,0.9511610450735477
263.16772755869897,0.9781343975280353,0.05778709756317635,0.920347299964859
263.1881604156224,0.9614979984321959,0.051842957471370466,0.9096550409608254
263.20859337208094,0.9468904395240059,0.03168335440099801,0.9152070851230079
263.22902632829937,0.9345465024555564,0.004229476127846965,0.9303170263277094
263.24945928429224,0.9234250147889976,-0.023436848055298443,0.9468618628442961
263.26989223981946,0.9126682254097944,-0.04422183435098326,0.9568900597607777
263.2903251953394,0.899074302898503,-0.0551086541395005,0.9541829570380035
263.3107582504017,0.8833358382313453,-0.05216086488072402,0.9354967031120693
263.33119110522966,0.8713097987973342,-0.0299580739422044,0.9012678727395386
263.3516240598183,0.8688568630233744,0.013202505418575816,0.8556543576047986
263.37205691394774,0.8620894869618426,0.056185173929292564,0.8059043130325501
263.39248996807873,0.8424578030387527,0.08130713496502295,0.7611506680737298
263.412922921736,0.8114388138960704,0.08059758509756998,0.7308412287985004
263.43335587516776,0.7763358843580829,0.05327419808709377,0.7230616862709891
263.45378882836667,0.7433481243545335,0.00030212985428601513,0.7430459945002474
263.47422178109264,0.7201469126036433,-0.07197907787514457,0.7921259904787878
263.4946547338259,0.7264801992324106,-0.14082602314690273,0.8673062223793133
263.51508768609347,0.8252978179195228,-0.13624619113562708,0.9615440090551499
263.53552063812094,1.0761287758215297,0.011431671400205179,1.0646971044213245
263.55595358992286,1.2620071334021643,0.09701780512712532,1.164989328275039
263.57638644125836,1.4174897647140565,0.16673274952079153,1.250757015193265
263.5968194923553,1.4027802517548058,0.09058586360019216,1.3121943881546136
263.6172524434587,1.3347417958091945,-0.008063759952672056,1.3428055557618666
263.6376852940957,1.2679505907172768,-0.07238839242223571,1.3403389831395125
263.6581183442613,1.2091710167504823,-0.09786995570921064,1.307040972459693
263.6785512944334,1.154242703264564,-0.09495720670016738,1.2491999099647313
263.6989841441391,1.1083580505841915,-0.0676982892452469,1.1760563398294384
263.7194170938383,1.0711691794667981,-0.027095952804996326,1.0982651322717945
263.73985004284623,1.0406293589059468,0.014457551585250084,1.0261718073206967
263.7602829918542,1.0154539704813914,0.04726965737625055,0.9681843131051409
263.78071594062203,0.9943094229625555,0.06479443918841299,0.9295149837741425
263.80114898893225,0.9749023737292036,0.06340637475794586,0.9114959989712578
263.8215818370081,0.9576640698836663,0.046087927257803085,0.9115761426258632
263.84201478484465,0.9435563146592679,0.019567157757145126,0.9239891569021228
263.86244763245486,0.931925424601014,-0.009046615925745849,0.9409720405267599
263.88288067983376,0.9205367617370321,-0.03377975856222981,0.954316520299262
263.90331362673896,0.9076536686331897,-0.04932717912011775,0.9569808477533075
263.92374647341785,0.8913699483668526,-0.05311286648145741,0.94448281484831
263.94417951986543,0.8764902220609964,-0.03933671873439415,0.9158269407953905
263.96461246607214,0.8698202173544094,-0.0039855405569040325,0.8738057579113134
263.98504531205253,0.8659688041086148,0.04135376115751399,0.8246150429511008
264.0054783575688,0.85059688106132,0.07375089965805703,0.776845981403263
264.0259113028442,0.8231700988173446,0.08314454710937802,0.7400255517079666
264.046344247894,0.7895713535912733,0.06662691443820301,0.7229444391530703
264.06677709271025,0.7553296271541602,0.02326446376318303,0.7320651633909772
264.0872101372879,0.7271238549786977,-0.04315565249931308,0.7702795074780108
264.1076430814064,0.7193768605328731,-0.11685386772941053,0.8362307282622836
264.12807592529134,0.7727663807243871,-0.15155968379546159,0.9243260645198487
264.1689419123577,1.185861071982618,0.05762713888218185,1.128233933100436
264.1893747555441,1.381177355268371,0.16040498694005567,1.2207723683283154
264.20980769826565,1.4219191224693295,0.12955689616537214,1.2923622263039574
264.23024074098066,1.3634191495724488,0.028303076968713592,1.3351160726037352
264.2506731832327,1.294948116306074,-0.05016338882156357,1.3451115051276377
264.27110592525423,1.2310621689693917,-0.09185164464374096,1.3229138136131326
264.29153896681237,1.1732570387851404,-0.10012385869034657,1.273380897475487
264.31197190836247,1.122441358730075,-0.08235925049709869,1.2048006092271737
264.3324047494534,1.077889333544856,-0.049603929076430964,1.127493262621287
264.35283779031306,1.0431268465948684,-0.00899607046834272,1.0521229170632111
264.37327073093184,1.0145931202971912,0.026590003304458043,0.9880031169927331
264.3937035713243,0.993726017529645,0.05205872042581683,0.9416672971038281
264.4141365114847,0.9746311198071546,0.05868086157954877,0.9159502582276058
264.4345695511729,0.95779088151946,0.04806764783876982,0.9097232336806902
264.4754353298631,0.9244204059297132,-0.010130301362885397,0.9345507072925986
264.4958683688528,0.9124708198847595,-0.03772274646957119,0.9501935663543307
264.51630120761547,0.9003617468762734,-0.057219505353716116,0.9575812522299895
264.5367341459132,0.8865591426394271,-0.06456759790742883,0.951126740546856
264.55716708397085,0.872915719299346,-0.055530936175619994,0.928446655474966
264.57760002180294,0.8688409433601817,-0.02207071652060244,0.8909116598807841
264.5980329594022,0.8716914372574183,0.028171599487836985,0.8435198377695813
264.61846589676134,0.8679711793429203,0.07386078945032803,0.7941103898925923
264.63889893366286,0.8477435240155047,0.09569589040942239,0.7520476336060823
264.65933177056286,0.8170518817020046,0.09045367458909781,0.7265982071129068
264.6797647069907,0.7816137390651391,0.056340092852574686,0.7252736462125644
264.7001977431937,0.7492959103935993,-0.003131908891694679,0.752427819285294
264.7206305791624,0.7302821177927727,-0.078062433129932,0.8083445509227047
264.7410635146589,0.7533509544754003,-0.1356334974684653,0.8889844519438657
264.76149645016267,0.8949402104946029,-0.09149430419998927,0.9864345146945922
264.7819293852008,1.1321610082694302,0.042159600713804535,1.0900014075556257
264.8023623199988,1.3203308686508617,0.1325606002221904,1.1877702684286713
264.82279525457125,1.4292235400010005,0.16084569304822804,1.2683778469527724
264.84322818867804,1.3917604750087376,0.06904969855525755,1.32271077645348
264.86366112277756,1.321275933136779,-0.023975865603349966,1.345251798740129
264.8840940564187,1.2557770573372478,-0.07907792043782802,1.3348549777750758
264.90452688982623,1.1972426786171904,-0.09758334564126958,1.29482602425846
264.9249599229952,1.1441610401109068,-0.08813619577420861,1.2322972358851154
264.9453928559378,1.096056866043984,-0.06095366145210468,1.1570105274960887
264.96582568841404,1.0539260327625388,-0.025780278944985024,1.0797063117075238
264.9862587208845,1.0203353097339756,0.009940661564639575,1.010394648169336
265.0066916528958,0.9929096250870812,0.036110677017430426,0.9567989480696508
265.02712448467355,0.9733715083928084,0.05015257910883042,0.923218929283978
265.04755741621193,0.9566442573074179,0.046635624383044916,0.910008632924373
265.0679904475255,0.9427713189037477,0.02902761943172527,0.9137436994720224
265.0884232783719,0.9303549023568399,0.0023158312785369617,0.928039071078303
265.10885620898625,0.9189133931093555,-0.02595877022681481,0.9448721633361703
265.1292892395941,0.9068829671297417,-0.0492920533294231,0.9561750204591648
265.1497221695099,0.8938069199518804,-0.0616113847502866,0.955418304702167
265.1701549994177,0.8802142641500054,-0.058696010749348604,0.938910274899354
265.1905880291015,0.8710899294601231,-0.03549161279708113,0.9065815422572042
265.2110208583181,0.8731629455275609,0.011043046030226988,0.8621198994973339
265.2314537873026,0.8694743410386272,0.057052892641068276,0.8124214483975589
265.25188671627984,0.8528313433872579,0.08637649525169211,0.7664548481355657
265.27231964456587,0.8238952373836341,0.0901727673664362,0.7337224700171979
265.2927525728446,0.7904197528029914,0.06783671946326186,0.7225830333397295
265.3131855008978,0.7583009925931025,0.01958042307082497,0.7387205695222775
265.33361842848535,0.7331987420895291,-0.050824588636175894,0.784023330725705
265.35405135584006,0.7355348513703138,-0.120533845075246,0.8560686964455598
265.37448428295465,0.8182870042969014,-0.13002234116347522,0.9483093454603766
265.39491710984294,1.0560555533934162,0.005117287208380228,1.050938266185036
265.41535013649263,1.2316494525517563,0.07934910882573076,1.1523003437260255
265.4357830626832,1.402892527157103,0.16227994018908487,1.2406125869680182
265.456215888873,1.408312085967233,0.10258229835903365,1.3057297876081992
265.4766489145986,1.3454231295565535,0.004770989528561476,1.340652140027992
265.4970818400834,1.2781298169175872,-0.0644045712790069,1.342534388196594
265.51751466510905,1.2184983200431752,-0.09454018756004845,1.3130385076032236
265.53794769012893,1.1646148285381446,-0.09335190380017888,1.2579667323383235
265.55838061468967,1.114882825068676,-0.07136692259246114,1.186249747661137
265.57881343924964,1.0723474326139688,-0.036106375183933004,1.1084538077979018
265.5992463633447,1.035621975799006,0.0005588865033268053,1.0350630892956791
265.61967938720045,1.0072377874014535,0.032412499560619645,0.9748252878408339
265.64011231082986,0.9845076942011614,0.051077339752044315,0.933430354449117
265.66054513399285,0.9668241253583456,0.054084135851210746,0.9127399895071349
265.6809781571501,0.9520619230850977,0.04136905232192467,0.9106928707631731
265.7014110798482,0.9401936065438685,0.018304381632122668,0.9218892249117459
265.7218439023127,0.9307188577140197,-0.008027242948705937,0.9387461006627257
265.74227682453784,0.9208581971215096,-0.032161743257313136,0.9530199403788228
265.7627098465382,0.9094290379798039,-0.04799782911795758,0.9574268670977615
265.7831426680714,0.8963545629988842,-0.05072515102351882,0.947079714022403
265.80357558959804,0.8825331087730466,-0.037955833738089195,0.9204889425111358
265.8240086106671,0.8749619153184974,-0.004989807836620064,0.8799517231551175
265.84444143150176,0.8710853229201337,0.039826600558963254,0.8312587223611705
265.8648743520971,0.8577065880368447,0.07494678362860596,0.7827598044082388
265.88530727223406,0.8333042418299853,0.08935249457460082,0.7439517472553845
265.905740192371,0.8007781233631637,0.07695911443102843,0.7238190089321352
265.92617311203503,0.7666225930762243,0.03740822104824293,0.7292143720279813
265.9466060317063,0.7383680531585765,-0.025187486697771155,0.7635555398563476
265.9670390509127,0.7274141902273027,-0.09865025527380922,0.8260644455011119
265.9874718698775,0.770599065991501,-0.14108388662692528,0.9116829526184262
266.0079047883846,0.9589381789667367,-0.05275751953843366,1.0116956985051704
266.02833780688525,1.1569758139746031,0.04202259729585567,1.1149532166787475
266.04877062492596,1.3475080283479934,0.13799974479235733,1.209508283555636
266.06920354296744,1.4166708507972718,0.1322684567033905,1.2844023940938813
266.0896363605425,1.367487865480022,0.03619104263996231,1.3312968228400597
266.110069377879,1.3022891214491932,-0.04341020619513625,1.3456993276443294
266.1305022947563,1.2404557146729822,-0.08711860995118292,1.3275743246241651
266.1509352116336,1.1845035219268347,-0.09674473333916755,1.2812482552660023
266.171368128038,1.1341447731339729,-0.08048013442348179,1.2146249075574547
266.1918010444497,1.0885094856296065,-0.04933893886430507,1.1378484244939115
266.2122339603957,1.0490458295441438,-0.012592858209198088,1.061638687753342
266.2326667761008,1.0178554376779265,0.022277114686995447,0.9955783229909311
266.2530997913491,0.9929603902266341,0.04632607114402543,0.9466343190826086
266.27353260659584,0.9745140573205531,0.05635051209941244,0.9181635452211406
266.2939655213704,0.9582157201868812,0.048663489239925806,0.9095522309469554
266.314398536153,0.944824205603184,0.02827158313940903,0.916552622463775
266.33483135046845,0.934831871699625,0.0025904978160570247,0.932241373883568
266.35526426454453,0.9245675403245532,-0.02386553387640955,0.9484330742009628
266.37569717839506,0.9144725558605897,-0.042824093825084564,0.9572966496856743
266.3961300917799,0.8952937336602483,-0.05760041148032469,0.952894145140573
266.4165630051575,0.8763787347261917,-0.0559930421573932,0.9323717768835849
266.4369959180767,0.8643517515675501,-0.0322429275463505,0.8965946791139006
266.4574288307631,0.862265139297813,0.012153477114859368,0.8501116621829536
266.47786174320936,0.8590130458904395,0.05856183347286836,0.8004512124175711
266.4982946554301,0.8445099900459723,0.08764519691419181,0.7568647931317805
266.51872766741144,0.819929113792549,0.09120031700992981,0.7287287967826191
266.5391604789329,0.7915938009992078,0.06771688821972521,0.7238769127794826
266.5595933904551,0.7646195471818186,0.017473365958239673,0.7471461812235789
266.5800262015109,0.7489331174212349,-0.05045704875466506,0.7993901661759
266.60045921232813,0.7685482429014545,-0.10858412327387457,0.8771323661753291
266.62089212291903,0.8958783556463897,-0.077043889531061,0.9729222451774507
266.64132493327634,1.1454495156379962,0.06909633997266917,1.076353175665327
266.66175794316223,1.3292018725276245,0.1536282182444586,1.1755736542831658
266.68219085305464,1.474883935516307,0.2158403148727035,1.2590436206436035
266.7026237624814,1.4547518816761398,0.13748749637624935,1.3172643852998904
266.72305657166726,1.387730086383691,0.04354685666443703,1.344183229719254
266.7434895806291,1.3228213905649835,-0.015233173554161983,1.3380545641191455
266.76392248935736,1.2630500331398236,-0.038564727384028163,1.3016147605238517
266.78435529784474,1.2090142047636707,-0.03253455950022177,1.2415487642638925
266.80478830587526,1.1595024483316672,-0.007835130327198181,1.1673375786588653
266.825221213905,1.1134692072335675,0.023779373357733613,1.0896898338758338
266.8456540214611,1.072038958431104,0.05322935438086707,1.018809604050237
266.86608692879236,1.0345878250124287,0.07178909731008909,0.9627987277023397
266.88651993589156,1.0001494445942896,0.0736935131470513,0.9264559314472383
266.9069527427491,0.9703942373438734,0.059729501705500176,0.9106647356383732
266.9273856491491,0.9436397618147381,0.031172476371954527,0.9124672854427835
266.9478186555498,0.9209456560604636,-0.004858604156632085,0.9258042602170957
266.9682515614768,0.9011008811725216,-0.04168061811500756,0.9427814992875292
266.9886843671775,0.8816998857799349,-0.07354297278018707,0.9552428585601219
267.00911737264687,0.8606509275996501,-0.09572075843418737,0.9563716860338375
267.0295502778754,0.8387511839231423,-0.10329025992591034,0.9420414438490526
267.0499830828776,0.8216172593269533,-0.09006292364486013,0.9116801829718134
267.0704159874149,0.8142165180721836,-0.05427712062882262,0.8684936387010063
267.0908489919457,0.810391755896779,-0.008615000077910828,0.8190067559746899
267.11128179601656,0.7970760045821424,0.025079970980068977,0.7719960336020735
267.13171469985537,0.7749271028466314,0.037938593181530145,0.7369885096651012
267.15214770345483,0.7454090707328441,0.022820283015240972,0.7225887877176032
267.1725805068272,0.7166949483504474,-0.018216324243181425,0.7349112725936289
267.1930134097347,0.6939900877745655,-0.08240165447118941,0.7763917422457549
267.2134463126349,0.692950372462083,-0.15223369380061225,0.8451840662626953
267.23387921507674,0.758457341835158,-0.17679465102117387,0.9352519928563319
267.25431211751857,0.9701152361189979,-0.06703483632528628,1.0371500724442841
267.27474501948745,1.1344640942433846,-0.004907921047718533,1.139372015291103
267.2951779212308,1.3117126284832181,0.08166312800305353,1.2300495004801646
267.31561082250846,1.336372293213289,0.037647142853244775,1.2987251503600443
267.33604372377886,1.2771375530153757,-0.060772811190207054,1.3379103642055827
267.3564766248237,1.2117745359963341,-0.13239944774199097,1.344173983738325
267.3769095254029,1.154798448149227,-0.16378714778695946,1.3185855959361865
267.39734242574195,1.1003869791690588,-0.1660574734432274,1.2664444526122862
267.56080551941704,1.0448679677489887,0.12497972854670791,0.9198882392022808
267.5812385174286,1.01836491656268,0.08189324536167153,0.9364716712010085
267.6016713149802,0.994498915439111,0.0429538310845371,0.9515450843545739
267.6221042125326,0.9697097556709027,0.012101600522109401,0.9576081551487933
267.6425372096128,0.9443396364732233,-0.005046696979802312,0.9493863334530256
267.66297000669874,0.9210423889695659,-0.003860296753083192,0.9249026857226491
267.6834029033198,0.9078856165409608,0.021931645843945136,0.8859539706970156
267.70383579970076,0.9028262996712817,0.06491854402926356,0.8379077556420181
267.72426869585615,0.8929020301467362,0.10405421347475252,0.7888478166719837
267.7447015917787,0.8704896697546698,0.12227825498675737,0.7482114147679124
267.7651344874612,0.8410417355840091,0.115893982555069,0.7251477530289401
267.78556738268526,0.8073482100063051,0.08047147922297582,0.7268767307833293
267.80600027790933,0.7783279699003277,0.02099892997712105,0.7573290399232067
267.8264331726605,0.7648341922065535,-0.0514688730622348,0.8163030652687883
267.8468661671868,0.8005227005259169,-0.09876624793614597,0.8992889484620629
267.8672989614788,0.9731010684176731,-0.024894298573899132,0.9979953669915722
267.88773185553146,1.1970081018200476,0.09549892879605992,1.1015091730239877
267.90816464912496,1.3949663631936209,0.1970792427119441,1.1978871204816768
267.92859764272,1.4957404343509988,0.21980079122141039,1.2759396431295884
267.94903053607413,1.4499690407277297,0.12307115845997463,1.326897882267755
267.96946332896914,1.3771824200899023,0.03147286987474196,1.3457095502151604
267.98989632163284,1.311948623164645,-0.019789496030454767,1.3317381191950997
268.0103292140557,1.2528041766095697,-0.03595821188510362,1.2887623884946733
268.03076210625295,1.1982484931738546,-0.026029999971493023,1.2242784931453476
268.05119489821664,1.1486702976893084,0.00044514389750394123,1.1482251537918045
268.0716278897089,1.1035642696592949,0.032219008558445505,1.0713452611008494
268.0920607812077,1.063061165780786,0.05959503961988677,1.0034661261608993
268.11249357224006,1.0264869020565524,0.07451470429250384,0.9519721977640485
268.13292656303383,0.9930342111116074,0.07230068473407447,0.9207335263775329
268.1533594538341,0.9635144294971246,0.053854663998587515,0.9096597654985371
268.173792244168,0.938905121248711,0.023963172667260224,0.9149419485814507
268.19422513403697,0.9182597372800257,-0.011678489015585547,0.9299382262956113
268.2146581238994,0.8993617660452068,-0.04717739797352427,0.9465391640187311
268.2350909135348,0.8805623551411171,-0.07621100094185496,0.9567733560829721
268.255523802698,0.8604031980332955,-0.09397010461047317,0.9543733026437686
268.2759567916364,0.8405017592371765,-0.09552374618463788,0.9360255054218144
268.2963895805733,0.8266754366091559,-0.07541348921456481,0.9020889258237207
268.3168224690453,0.8233550073003897,-0.03329478019749743,0.8566497874978871
268.33725545727793,0.8200098960056194,0.013106823240995658,0.8069030727646237
268.35768834505143,0.806559548095878,0.044600415704166174,0.7619591323917119
268.3781211328169,0.783091726811668,0.051816754698024714,0.7312749721136433
268.39855402035755,0.7552459309726979,0.032266548762925895,0.722979382209772
268.41898690743255,0.72834441365832,-0.01403200427913287,0.7423764179374529
268.4394197942747,0.7113837507203631,-0.0794997310879012,0.7908834818082643
268.4598526811096,0.7236264329968481,-0.14196605457517386,0.865592487572022
268.48028556748613,0.8226437206431286,-0.13689185776989332,0.959535578413022
268.5007184533897,1.0605974895368098,-0.002022874095364058,1.0626203636321738
268.5211512392998,1.232066765395221,0.06898009849316455,1.1630866669020565
268.5415841249778,1.3980154646324017,0.14876316463425776,1.249252299998144
268.56201711042377,1.3951401596320008,0.08388341977505465,1.3112567398569461
268.582449995396,1.3340623114723513,-0.008463861363268155,1.3425261728356195
268.60288278014195,1.2694067514190654,-0.07131139057680413,1.3407181419958696
268.6233157646493,1.2111545285792786,-0.09683544355837226,1.307989972137651
268.64374864893034,1.1583993330100932,-0.09215773214127543,1.2505570651513687
268.6641814329778,1.1116396507488864,-0.06597467886749198,1.1776143296163784
268.68461431679316,1.0703412245068158,-0.029463832836141624,1.0998050573429574
268.7050473003692,1.0344968822354907,0.006998959322756404,1.0274979229127343
268.7254800834853,1.0070317734011185,0.03787619553476551,0.969155577866353
268.7459129666022,0.9848095611150216,0.05474603314803861,0.930063527966983
268.7663459492469,0.967349409143054,0.055713669229242035,0.911635739913812
268.7867787316645,0.9515567075865677,0.04016110660860395,0.9113956009779638
268.8072116138501,0.9396188715206167,0.0159871203766766,0.9236317511439401
268.8276445957963,0.9291616793888399,-0.011445575107377426,0.9406072544962173
268.84807737751544,0.918871859566586,-0.035234182147218296,0.9541060417138043
268.8685102590025,0.9077265917109429,-0.049321324052158166,0.9570479157631011
268.88894314001664,0.8944630569889054,-0.05042390037428901,0.9448869573631944
268.9093761210388,0.8827701834808329,-0.03378107540191555,0.9165512588827485
268.9298089015938,0.8740161000050531,-0.0007415628610033531,0.8747576628660565
268.9502417819094,0.8686572044156754,0.04301745630156095,0.8256397481141144
268.9706747620003,0.8546915738609552,0.07693795283979177,0.7777536210211634
268.99110754185676,0.8293499340737345,0.0887267364287857,0.7406231976449488
269.0115404214739,0.7965718107375225,0.07350174919632824,0.7230700615411942
269.03197320086474,0.7642963448765984,0.03267819229085245,0.7316181525857459
269.05240618002426,0.7376255278818238,-0.031615287625747834,0.7692408155075716
269.0728390587101,0.7305272006387035,-0.1041429392194394,0.8346701398581429
269.09327193717036,0.7829114226654614,-0.13948397382537625,0.9223953964908377
269.1137048156306,0.9867095587948651,-0.03664697721763588,1.023356536012501
269.13413769361796,1.1707540824275928,0.04452602080552115,1.1262280616220717
269.15457057137974,1.365409148474925,0.14632278185853553,1.2190863666163894
269.1750033489079,1.4167447900425336,0.12555535859487366,1.29118943144766
269.1954363261975,1.361679365087372,0.027098865713918396,1.3345804993734536
269.215869203028,1.2933669499413434,-0.05188138519544472,1.345248335136788
269.23630197985767,1.2328043055333278,-0.09086143268155777,1.3236657382148855
269.25673495621595,1.1788323845631494,-0.09577829362878898,1.2746106781919384
269.27716783258074,1.1294504965477745,-0.07686324959847513,1.2063137461462496
269.2976006084791,1.0846249503391272,-0.04444534598212746,1.1290702963212547
269.3180335841389,1.0465765228587223,-0.0069784056123207705,1.053554928471043
269.3384664595724,1.0163809012838034,0.0272563490615223,0.9891245522222811
269.358899334773,0.9922036807660636,0.049823183122583936,0.9423804976434796
269.3793321097328,0.9730878913194614,0.056849161571015494,0.9162387297484459
269.3997650842357,0.9563722111552331,0.04672318186315816,0.9096490292920749
269.42019795873784,0.9423084959317415,0.02430283700046232,0.9180056589312792
269.4406307327663,0.931154744565383,-0.003012514770750374,0.9341672593361334
269.46106370680354,0.9208904548993029,-0.029016242133605985,0.9499066970329089
269.4814964803736,0.9097186792697859,-0.04781389822276649,0.9575325774925524
269.5019293537043,0.8969586649708994,-0.05444369295536822,0.9514023579262676
269.5223622268095,0.8824427849140921,-0.04661648894656678,0.9290592738606589
269.5427951996826,0.8729251484778227,-0.018870546424480383,0.891795694902303
269.56322797231405,0.868809253229923,0.024267609249692068,0.8445416439802309
269.5836608444879,0.8587424144083311,0.06365347529590126,0.7950889391124298
269.60409371666174,0.8378941550727173,0.08510777447658391,0.7527863805961333
269.62452658836264,0.8073727482308851,0.08045403090508685,0.7269187173257983
269.6449594600708,0.7736784411035218,0.04862949037940645,0.7250489507241153
269.6653922313126,0.743874494642124,-0.007731396748492547,0.7516058913906165
269.68582520231575,0.7263881677714743,-0.08057447481533941,0.8069626425868137
269.7062580730926,0.7477299045086494,-0.13943497366322044,0.8871648781718698
269.7266908436359,0.8848589828106321,-0.09951081331420175,0.9843697961248339
269.74712381394056,1.1145323924402577,0.02660421468654639,1.0879281777537113
269.7675566840189,1.2969601663120538,0.11102884356981835,1.1859313227422354
269.78798945363087,1.4218545049729914,0.15486720316438407,1.2669873018086073
269.80842242323706,1.3889908363784749,0.06706800973790616,1.3219228266405687
269.8288552923841,1.320766472308066,-0.024369751860753297,1.3451362241688194
269.84928806129756,1.2574074716294759,-0.07798199197853717,1.335389463608013
269.8697209302045,1.2003683569822023,-0.09553252237000098,1.2959008793522033
269.8901538986538,1.1497952734612251,-0.08394015520002918,1.2337354286612543
269.9105867668695,1.1054288807269184,-0.05316799765367164,1.15859687838059
269.9310195348444,1.06829657577967,-0.012926186027894193,1.0812227618075643
269.9514525023624,1.037473812556934,0.025818870082895184,1.0116549424740389
269.9718853698796,1.014900128928669,0.057223020526366186,0.9576771084023028
269.99231813715596,0.9947735091785005,0.07110667010959604,0.9236668390689045
270.0127510039747,0.9763748576896065,0.06631495159189038,0.9100599060977161
270.03318397056137,0.9608188023415021,0.04731542154110224,0.9135033808003998
270.05361673713924,0.9476469747972656,0.019985888699811882,0.9276610860974537
270.0740496032595,0.9370800124315448,-0.007448505059460042,0.9445285174910049
270.09448256914766,0.9260833146797791,-0.029938856126643265,0.9560221708064224
270.1149153347942,0.912933492985116,-0.042633097629418804,0.9555665906145347
270.13534820021596,0.8977291076060836,-0.04167242509283198,0.9394015326989156
270.1557810654049,0.8856302928409084,-0.021749295223773335,0.9073795880646818
270.17621393012087,0.8796735332193029,0.016559797806882104,0.8631137354124208
270.1966467948441,0.8724709758967465,0.05902690535487087,0.8134440705418756
270.2170796591017,0.8549994916192138,0.08768884525096055,0.7673106463682533
270.2375126233528,0.8267316936833622,0.09251042048721736,0.7342212731961448
270.257945387144,0.7932730915929863,0.07069851001850824,0.7225745815744781
270.2783782507031,0.7615791303247192,0.023457092182844752,0.7381220381418745
270.29881121402286,0.7374191778643465,-0.04541845483433493,0.7828376326986815
270.31924397711555,0.7386257353247567,-0.11576124311973879,0.8543869784444955
270.33967683997616,0.8149494840536525,-0.13135239438463453,0.9463018784382871
270.3601096025959,1.050700120516129,0.0018706421670904305,1.0488294783490386
270.38054256499163,1.2275777856885397,0.07724165820356133,1.1503361274849784
270.42140828884294,1.4277284244785649,0.12303171221894571,1.3046967122596191
270.4418411503066,1.3612168285506288,0.02093831022736503,1.3402785183232637
270.4622740115374,1.2928248398608724,-0.050008340018039554,1.342833179878912
270.4827068727609,1.231082856590586,-0.08284810913177054,1.3139309657223566
270.5031396335253,1.1766083778446477,-0.08268988342834183,1.2592982612729895
270.52357259405835,1.130672849997508,-0.057140906992528606,1.1878137569900367
270.54400545435055,1.0907965857086057,-0.019231412252774138,1.1100279979613799
270.56443821441644,1.0604760100498778,0.02403080185298112,1.0364452081968967
270.5848711740182,1.0331735655892347,0.057310794728727465,0.9758627708605072
270.6053040336119,1.0099378065546023,0.07589372255669391,0.9340440839979084
270.6257367929793,0.9883024192979655,0.07536922232613197,0.9129331969718335
270.64616975188255,0.967833827295505,0.05728777194778156,0.9105460553477235
270.66660251055146,0.9514297347458989,0.029888030087185102,0.9215417046587138
270.68703536921385,0.9374058957922824,-0.0009620169283881541,0.9383679127206705
270.70746822741785,0.9238085164689317,-0.02896947453848886,0.9527779910074206
270.72790108538175,0.9103531038430311,-0.04709956376138191,0.957452667604413
270.7483339431201,0.8941013995764658,-0.05334179196289368,0.9474431915393595
270.7687668006256,0.8796666366371141,-0.04151688391683839,0.9211835205539525
270.78919975789177,0.8719501066236436,-0.008942920631596851,0.8808930272552404
270.80963251493085,0.8693455221635142,0.037048122259602634,0.8322973999039116
270.83006537150504,0.858830551621757,0.07512424976501808,0.783706301856739
270.8504981280712,0.8340602273800871,0.08945119590647488,0.7446090314736122
270.8709310844133,0.801442764127528,0.07742594680861259,0.7240168173189154
270.891363940289,0.7670680063599943,0.03822668620118019,0.7288413201588141
270.9117966959311,0.7369618592289778,-0.025618571736853446,0.7625804309658313
270.93222965156747,0.7239230867620187,-0.10062315601748928,0.8245462427795079
270.9526625067447,0.7605320614282812,-0.14923335687332628,0.9097654183016075
270.97309536168177,0.9397616008228097,-0.0698251880121682,1.0095867888349779
270.99352811639255,1.1448489361845295,0.031953833259442455,1.112895102925087
271.013961070872,1.344531973821166,0.13678724762310734,1.2077447261980587
271.03439392511063,1.4226063452037314,0.13946983840489846,1.283136506798833
271.0548266788901,1.3659635506759182,0.03529898175029733,1.330664568925621
271.0752596326711,1.2925511066455733,-0.053197796409869325,1.3457489030554426
271.09569248597836,1.2279920187924223,-0.1002684692488891,1.3282604880413114
271.11612523929216,1.1724847614405087,-0.10995705477563589,1.2824418162161446
271.1365581921418,1.1242990907483634,-0.0918349237790621,1.2161340145274255
271.15699104498344,1.0831145824719945,-0.05633751607473281,1.1394520985467274
271.1774237973659,1.0485549733270543,-0.014566989331810332,1.0631219626588646
271.1978566495163,1.0221383034587348,0.025373215072474697,0.9967650883862601
271.2182896014274,0.9980940092373356,0.05067813788636133,0.9474158713509743
271.23872235311137,0.9752615831995195,0.05674987213341409,0.9185117110661054
271.2591552045633,0.9547247368306778,0.04520467231766834,0.9095200645130095
271.27958815577585,0.93749450645422,0.021233789923322255,0.9162607165308977
271.3000210067621,0.9226690269690946,-0.009183678180907817,0.9318527051500024
271.32045375728194,0.90934998178065,-0.03877035701634435,0.9481203387969943
271.34088660779526,0.8959856779893184,-0.06122335722424166,0.95720903521356
271.36131955785095,0.881384882346246,-0.07174277518763816,0.9531276575338842
271.3817523079051,0.8668706981467752,-0.06607916942254499,0.9329498675693202
271.4021851574944,0.8571898685680125,-0.04027139021161641,0.8974612587796289
271.42261810707714,0.8529516951444246,0.0018129449946268084,0.8511387501497978
271.4430508562,0.8471303179978836,0.04566973035611188,0.8014605876417717
271.4634837050835,0.8283136700399574,0.0706567688704548,0.7576569011695026
271.48391655374144,0.7979280421940288,0.06880938624586708,0.7291186559481617
271.50434940216655,0.7648626118752438,0.04113567164201615,0.7237269402332277
271.5656479458048,0.7333512856278198,-0.14198461930624207,0.8753359049340619
271.58608079329133,0.8419639026280135,-0.12888468053847102,0.9708485831664845
271.6065136405523,1.0856473498146642,0.01140939466356894,1.0742379551510952
271.6269464873476,1.268372582033536,0.09470888920931331,1.1736636928242228
271.6473793341429,1.421191835878338,0.16362904669064493,1.257562789187693
271.66781218046526,1.394409324721745,0.07803121165851179,1.3163781130632333
271.6882449265613,1.3227328476298854,-0.02124183917754885,1.3439746868074343
271.7086778726516,1.2539389884662482,-0.08457447087740944,1.3385134593436576
271.729110618282,1.1942211850567095,-0.10842004106543657,1.302641226122146
271.7495434636803,1.1416112609364168,-0.10135899041426488,1.2429702513506817
271.76997640884656,1.0944757744957545,-0.07446350622462972,1.1689392807203842
271.79040925377194,1.052482440778209,-0.038766504240401733,1.0912489450186107
271.810841998471,1.016993186371798,-0.003137953927710546,1.0201311402995086
271.83127484270517,0.9893033268042536,0.025557791813579533,0.9637455349906741
271.8517077869328,0.9677870297541714,0.04081884423748805,0.9269681855166834
271.8721405309334,0.9501161692595537,0.039350362019136664,0.910765807240417
271.89257337446907,0.9350633119882124,0.022808186703782707,0.9122551252844296
271.9130063179982,0.9225597599782492,-0.002870235272634858,0.9254299952508841
271.9334390610675,0.9115780736135998,-0.030840876025241548,0.9424189496388413
271.9538719041375,0.8999102825405635,-0.05514450709670082,0.9550547896372643
271.9743048467353,0.8865415865349633,-0.06993598689996205,0.9564775734349253
271.9947375891061,0.8729263576599252,-0.06956760304350262,0.9424939607034278
272.0151704314776,0.8620980280596605,-0.05035476741566802,0.9124527954753285
272.0356032733762,0.8620854192603955,-0.007398125784437992,0.8694835450448335
272.0560361150492,0.8628909889883056,0.04284013038940271,0.8200508585989029
272.0764689564894,0.8529201595460558,0.08002270657999411,0.7728974529660617
272.0969017976895,0.8281083094762365,0.09055627673981848,0.737552032736418
272.11733473843196,0.7945771053590959,0.07192239756461005,0.7226547077944858
272.1377674791729,0.7604417826820208,0.02605643802834623,0.7343853446536746
272.1582003196745,0.7326120682969013,-0.042652553356326006,0.7752646216532273
272.1786330599498,0.7270134595400845,-0.11652323624281946,0.8435366957829039
272.19906599976093,0.784707937104391,-0.14854016890367616,0.9332481060080672
272.21949883956404,1.0087652013032615,-0.026246056697491804,1.0350112580007533
272.239931578908,1.2028535957406035,0.06550727891176122,1.1373463168288422
272.2603645182535,1.4111334558997155,0.18275763663638744,1.228375819263328
272.28079735712527,1.4374059001987078,0.13981127288723183,1.297594627311476
272.3012301957715,1.3691771147257397,0.031737270245028926,1.3374398444807107
272.32166293418413,1.2966898985609483,-0.04769910969648561,1.344389008257434
272.342095872591,1.2330548008676006,-0.08636339568700868,1.3194181965546092
272.36252871053875,1.1768947278677164,-0.09085149321154207,1.2677462210792585
272.3829614482529,1.126848400636208,-0.07106285737674267,1.1979112580129507
272.40339438572846,1.083561088760528,-0.03677546339830262,1.1203365521588307
272.4238272229777,1.048056851017357,0.002423515106695362,1.0456333359106615
272.44425995976053,1.0197936523390605,0.036880585721657755,0.9829130666174027
272.4646928965376,0.997212512454773,0.05881286534640073,0.9383996471083723
272.48512573308835,0.9779132087256692,0.06334588424597276,0.9145673244796965
272.5055584691727,0.9599292272978219,0.049993811060768056,0.9099354162370539
272.5259913052505,0.9455364372539031,0.025982543178757367,0.9195538940751458
272.5464242411035,0.9322728793902656,-0.003809796842006108,0.9360826762322717
272.56685697648936,0.9200346850789328,-0.031238370463277598,0.9512730555422104
272.58728981163586,0.9071855708483386,-0.05040729352116713,0.9575928643695057
272.6077227467904,0.8933933089221013,-0.05631480403301836,0.9497081129551197
272.6281555814785,0.8794786404996484,-0.04608673706756716,0.9255653775672156
272.64858831592574,0.8690400212096462,-0.017842357237275785,0.886882378446922
272.669021150381,0.86344246023612,0.0244845966068451,0.8389578636292749
272.6894540843641,0.8534812894676427,0.06365039406658424,0.7898308954010584
272.70988681812014,0.830781449480021,0.08185440564825064,0.7489270438317703
272.7303196516441,0.7986935212808564,0.07327569668516165,0.7254178245956947
272.7507524849352,0.7637748168927528,0.03719600928395028,0.7265788076088026
272.77118531798624,0.7332591108091991,-0.023160956185767412,0.7564200669949666
272.79161805081094,0.7158768933972732,-0.0989533811989527,0.8148302745962259
272.81205098340433,0.7401514167961432,-0.15723588654360177,0.8973873033397449
272.83248381552403,0.8899984577293281,-0.10587094727163815,0.9958694050009662
272.852916647651,1.1300507919855096,0.030648520770058196,1.0994022712154514
272.8733493795444,1.3373828906732483,0.14133617190433578,1.1960467187689126
272.89378231096634,1.4403080693385457,0.1657284123132612,1.2745796570252845
272.9142151423948,1.3886085126734453,0.062441791249215894,1.3261667214242294
272.9346478733569,1.31102434864096,-0.03464417668492459,1.3456685253258847
272.9550808043132,1.243279162746688,-0.08907458033841431,1.3323537430851022
272.97551363481034,1.1858060678206306,-0.10410765048268966,1.2899137183033202
272.99594636530674,1.135423236561943,-0.09035538046599312,1.2257786170279361
273.01637919533096,1.090821850218669,-0.05902922573181546,1.1498510759504845
273.0368121251304,1.052276678379478,-0.020599525332933633,1.0728762037124115
273.05724485469545,1.0211552433977025,0.0164377683959116,1.0047174750017909
273.077677684254,0.9976038827875321,0.04478113938425299,0.9528227434032791
273.09811061335495,0.9779194309652035,0.05677566666001432,0.9211437643051892
273.1185433422215,0.9590835782208325,0.04941053899930392,0.9096730392215285
273.13897617084876,0.9430258513773433,0.02835324404291295,0.9146726073344303
273.15940899925045,0.9302451448655829,0.0006977042240262632,0.9295474406415566
273.17984192742006,0.9188012922397985,-0.02740147709813001,0.9462027693379285
273.20027465534804,0.9077276398189233,-0.04891986831679973,0.9566475081357231
273.2207074828184,0.8936256544472143,-0.06093823378315022,0.9545638882303645
273.2411404102895,0.8792701541208666,-0.05729649605222764,0.9365666501730943
273.261573137519,0.8662612090028807,-0.03667317430814254,0.9029343833110233
273.2820059645237,0.860476417767199,0.0027976136377924066,0.8576788041294066
273.3024388910635,0.853105999586,0.04516620107441971,0.8079397985115803
273.3228716175945,0.8354687787543029,0.0726662201306214,0.7628025586236815
273.3433044436679,0.8071632404396507,0.07543002471119342,0.7317332157284573
273.36373726974125,0.7725420592207174,0.04963681741646242,0.722905241804255
273.4046029209494,0.7208085936276093,-0.06879813759704245,0.7896067312246517
273.42503574609145,0.7235261218157765,-0.14029845180987588,0.8638245736256523
273.44546857122623,0.807329154529495,-0.1501288946424808,0.9574580491719759
273.4659013959026,1.058737880998501,-0.001729158111737572,1.0604670391102387
273.4863342203462,1.254026896804938,0.09291725561496467,1.1611096411899733
273.506766944789,1.4361643651236689,0.18848197391223365,1.2476823912114352
273.52719986876036,1.4216007199861453,0.1113291873855935,1.3102715326005518
273.54763269250543,1.3461964146964207,0.00397441895356665,1.342221995742854
273.56806541600963,1.2739619928036536,-0.06713526131990788,1.3410972541235615
273.5884983392898,1.211369817924844,-0.09759245381134618,1.3089622717361902
273.6089311623364,1.1572452330753278,-0.09471114404669745,1.2519563771220252
273.62936398514285,1.1087583736281457,-0.07046778695793643,1.179226160586082
273.649796707723,1.064224496656114,-0.037178794961137074,1.1014032916172511
273.67022963007184,1.0262696767695336,-0.002609236217915978,1.0288789129874496
273.6906624521798,0.9969963298002528,0.02682543425859496,0.9701708955416578
273.7110951740615,0.9748269997124194,0.04418504194869044,0.9306419577637289
273.731528095479,0.9573604735731073,0.04557078123382741,0.9117896923392799
273.7519609168885,0.9417828202713734,0.030567507986283604,0.9112153122850898
273.77239363807166,0.9289371825695127,0.005672441962446095,0.9232647406070666
273.7928265590235,0.9176049672419234,-0.0226236831593688,0.9402286504012922
273.8132592795009,0.9069559160857517,-0.04692816369249053,0.9538840797782422
273.83369209998637,0.8955123798172501,-0.06159875662580039,0.9571111364430505
273.85412492000614,0.881384683046944,-0.06391393628836661,0.9452986193353106
273.8745577400259,0.8696523580200659,-0.04764331191894533,0.9172956699390112
273.89499055957276,0.8651782707783877,-0.01056157606126995,0.8757398468396577
273.9154233791269,0.8636524621915154,0.0369513447066141,0.8267011174849013
273.93585619820806,0.8528668712297464,0.07416891005726878,0.7786979611724776
273.9562890172965,0.8278969654943819,0.08664712332141322,0.7412498421729686
273.9767218359193,0.7946007720333641,0.07139006307015638,0.7232107089632077
273.99715455454134,0.7600980068073164,0.02893089339109478,0.7311671134162216
274.01758747269196,0.7309042329516999,-0.037272316539826766,0.7681765494915267
274.03802029061626,0.7191826087838534,-0.1138804744387577,0.8330630832226111
274.0584530082997,0.7607246835099194,-0.15967558070325227,0.9204002642131717
274.0788859259919,0.9598382852300057,-0.0613546920942033,1.021192977324209
274.09931874321774,1.1867121919739596,0.0625662102927187,1.124145981681241
274.11975146020995,1.406868003709477,0.18953796238171616,1.2173300413277608
274.1401842769628,1.4545402197802197,0.16457826713368306,1.2899619526465367
274.1606171934909,1.386579036091421,0.05256785524270846,1.3340111808487125
274.18104990977736,1.3086129620133156,-0.036762815903816026,1.3453757779171316
274.201482725839,1.2415283514808348,-0.08290490162861874,1.3244332531094536
274.2219156416686,1.1847637200308636,-0.09111376922563075,1.2758774892564944
274.2423484572573,1.1346288457847125,-0.0732502573770637,1.2078791031617762
274.2627811726197,1.087664527272881,-0.043042294975302875,1.130706822248184
274.2832140877508,1.04665598503458,-0.00838943335613429,1.0550454183907143
274.30364690264105,1.0141279628104705,0.023831843353039117,0.9902961194574313
274.32407961730496,0.9893057472679158,0.04617515779384007,0.9431305894740757
274.3445124317368,0.970071351530647,0.05352364042912938,0.9165477111015177
274.3649453459293,0.953661326523811,0.04408136305801624,0.9095799634657947
274.3853780598947,0.939752407230744,0.022064372110417008,0.917688035120327
274.40581087339524,0.9285129748860983,-0.005257583217531114,0.9337705581036294
274.42624378688924,0.9174754557978091,-0.03213104149344337,0.9496064972912525
274.4466765001562,0.9057188775475168,-0.0517576688052892,0.957476546352806
274.46710931319103,0.8923438910397506,-0.059337236533410165,0.9516811275731608
274.4875421257602,0.8789987251539776,-0.05068894342779895,0.9296876685817765
274.5079750383229,0.8682399774648206,-0.024467593549477917,0.8927075710142985
274.5284077506585,0.8637577243970898,0.01815840335295804,0.8455993210441317
274.54884056252195,0.8547539807677834,0.05864825799939666,0.7961057227683868
274.5692734743934,0.8352462429895533,0.08168802855746238,0.7535582144320909
274.5897061857977,0.8047242698533552,0.07746361813165947,0.7272606517216957
274.61013899720274,0.7700199484266873,0.0451922524754792,0.7248276959512081
274.63057190836844,0.7381039362719884,-0.012662663542926333,0.7507665998149148
274.65100461907423,0.7160013738025145,-0.08953903376884176,0.8055404075713563
274.6714374297735,0.7285626963646598,-0.15672291214740353,0.8852856085120633
274.6918702400144,0.849132916629687,-0.13309991354215756,0.9822328301718446
274.7123030502553,1.1161148649696537,0.030338673455812426,1.0857761915138413
274.7327358600305,1.3343711568854664,0.150353944001008,1.1840172128844584
274.75316866956564,1.4707136191857784,0.2051789545763858,1.2655346646093926
274.77360147910804,1.4203395845595854,0.09924790490002966,1.3210916796595558
274.7940342881775,1.3394600254947757,-0.00554149603191334,1.345001521526689
274.81446709725424,1.2662630924214924,-0.06966671995348483,1.3359298123749772
274.83489980586455,1.2048089735879852,-0.09219585489450433,1.2970048284824895
274.85533271424356,1.1514211076846368,-0.08379933016493135,1.2352204378495681
274.87576542261377,1.1021290566378403,-0.05811173705543493,1.1602407936932753
274.89619823052635,1.0590553814535912,-0.0237431466164586,1.0827985280700498
274.9166311381996,1.022063475864884,0.00909457768278421,1.0129688981821
274.93706384564575,0.9947848205361498,0.036187443645589235,0.9585973768905606
274.9574966530927,0.9745564232892073,0.05041510769869917,0.9241413155905082
274.97792946007394,0.9577541708310308,0.04763227697187067,0.9101218938591601
274.9983622668151,0.9433946071549114,0.03013432220347989,0.9132602849514315
275.0187950733307,0.9315906048980331,0.004318917391250787,0.9272716875067823
275.0392278798463,0.9206360210648479,-0.023534877654556197,0.9441708987194041
275.0596607858897,0.9102917113407899,-0.04556735565349601,0.9558590669942859
275.08009349170607,0.8968211314319245,-0.0588923754444699,0.9557135068763944
275.10052629729034,0.8834311721219898,-0.056472324692177445,0.9399034968141673
275.1209592026353,0.8710848971904229,-0.037115464019429,0.9082003612098519
275.14139190798596,0.864562570532132,0.0004220151044892484,0.8641405554276428
275.16182471287175,0.8588073979943,0.04430289786371777,0.8145045001305822
275.18225741751667,0.8436547522503833,0.07545222229687476,0.7682025299535086
275.20269032193755,0.8163685551367974,0.08162157449092955,0.7347469806458679
275.22312312612485,0.7820020185422097,0.05942496958255239,0.7225770489596574
275.24355593007203,0.7480487860855559,0.01053472511523934,0.7375140609703166
275.26398873379367,0.7210434706259027,-0.06057629317483171,0.7816197638007344
275.28442153728247,0.7151488845559447,-0.13750412006806845,0.8526530046240132
275.30485434053116,0.7769003734053351,-0.16732579117146074,0.9442261645767959
275.32528704355354,1.022439283025968,-0.02420441105127935,1.0466436940772474
275.3457199463446,1.246910759390186,0.09861582211842679,1.1482949372717592
275.3661527488948,1.4568015189544674,0.2194350477888085,1.237366471165659
275.38658545145154,1.4531059470010521,0.14949385029055384,1.3036120967104983
275.4070183535441,1.3712942992172437,0.031417937516939,1.3398763617003047
275.42745115539583,1.2931793667459055,-0.04994905295729768,1.3431284197032032
275.4478838570212,1.2255519972703142,-0.08929233563878936,1.3148443329091035
275.46831665841455,1.1694956650881412,-0.09117418842297664,1.2606698535111178
275.48874955956853,1.1192454954833257,-0.07018592996774142,1.1894314254510672
275.50918226049544,1.0750821937956663,-0.036579705112275374,1.1116618989079416
275.52961506119027,1.0381775008595402,0.0002939707811071557,1.037883530078433
275.55004796164576,1.009989649498263,0.03304278052614784,0.9769468689721151
275.57048076187493,0.9891774262522423,0.05448717069434972,0.9346902555578925
275.5909134618705,0.9705771195560838,0.057434151207095274,0.9131429683489886
275.6113463616275,0.9536704327794346,0.04326920556785485,0.9104012272115798
275.6317791611582,0.9387942424364755,0.017608583731348548,0.9211856587051269
275.6522118604553,0.9265925517674326,-0.011383518503633616,0.9379760702710662
275.672644659513,0.9136883119708462,-0.038835411496962347,0.9525237234678086
275.693077558346,0.9012938763634432,-0.056179300699050305,0.9574731770624935
275.7135102569446,0.8872896925148206,-0.06052274431278337,0.947812436827604
275.7339430553038,0.8730186787043652,-0.04887769217247495,0.9218963708768402
275.7543759534383,0.863834458020992,-0.018029243209027657,0.8818637012300197
275.7748086513384,0.8589701406019526,0.025597708880197523,0.8333724317217551
275.79524144899915,0.8459670452653314,0.06127706804121136,0.78468997722412
275.81567424643436,0.8214414275118802,0.07614457964180987,0.7452968478700703
275.8361071436375,0.7898241992366809,0.06559204594103007,0.7242321532956508
275.856539840599,0.7538567483129133,0.025389612647694015,0.7284671356652193
275.8769726373357,0.722845606357255,-0.03873741503564743,0.7615830213929025
275.8974054338396,0.7063726891929628,-0.1166114989628887,0.8229841881558515
275.91783823010337,0.7336992315892408,-0.17408643710381633,0.9077856686930571
275.93827092614083,0.9010688458306116,-0.10633460706284936,1.007403452893461
275.958703821947,1.166921955774855,0.05616085711794949,1.1107610986569054
275.97913661751227,1.4040081355552612,0.1980987977397115,1.2059093378155497
275.99956931285124,1.4754081125261422,0.19359569098968654,1.2818124215364557
276.02000210795813,1.401054181492836,0.07105926983436617,1.3299949116584697
276.0404350028257,1.3161829104628306,-0.029602371486641132,1.3457852819494718
276.0608677974669,1.2429969919755428,-0.08596105422291833,1.3289580461984611
276.0813004918746,1.1829748764630734,-0.10069326417907609,1.2836681406421495
276.10173338604363,1.1319926946248378,-0.08569940407466903,1.2176920986995068
276.1221661799864,1.087939536334428,-0.05317360878620825,1.1411131451206362
276.14259887369553,1.0525586301105432,-0.012103911410799695,1.0646625415213429
276.16303166716534,1.0244321817809157,0.026429763595835487,0.9980024181850802
276.18346456041036,1.0005582936238206,0.05232291089462515,0.9482353827291955
276.203897253421,0.9783220000965294,0.05943961126199648,0.9188823888345329
276.22433004642517,0.9594232522914673,0.04992813554980524,0.9094951167416621
276.2447629389717,0.9421568803408512,0.02619319066289838,0.9159636896779528
276.26519563128386,0.9281274347442809,-0.003324048171604921,0.9314514829158859
276.2856284233567,0.9151917798499047,-0.03260234045019894,0.9477941203001037
276.30606121520395,0.9011977623936783,-0.055915113700254704,0.957112876093933
276.3264940068184,0.8861679974877158,-0.06719441770073431,0.9533624151884501
276.3469267981927,0.8718089734846426,-0.061732280277437046,0.9335412537620796
276.3877923804903,0.8564392179565928,0.0042389144863330674,0.8522003034702598
276.4082251711661,0.8511403338588428,0.04863301471611725,0.8025073191427256
276.4286579616164,0.8324039889573742,0.07392110474608327,0.758482884211291
276.44909085206746,0.8020019679664518,0.07247034406521147,0.7295316239012404
276.46952354204404,0.7666651606681003,0.04308159735399886,0.7235835633141015
276.48995633179584,0.732237010744773,-0.01338864286387631,0.7456256536086493
276.51038902131404,0.7076316739163585,-0.08905953758388152,0.79669121150024
276.5308219108265,0.7101309927501105,-0.16335313279330266,0.8734841255434131
276.5512546998798,0.800489583593042,-0.16821570905952643,0.9687052926525684
276.57168748870026,1.07845587711072,0.006410035710516349,1.0720458414002036
276.59212027751346,1.3107150734425443,0.13903570115132413,1.1716793722912202
276.61255306586827,1.4774838104374295,0.22146547368996772,1.2560183367474618
276.63298585399025,1.4326306477520059,0.11718435624250056,1.3154462915095053
276.6534185421042,1.3452704420739716,0.00152691378486991,1.3437435282891017
276.67385142976127,1.268346781348501,-0.07062758433699945,1.3389743656855004
276.6942842174176,1.2025832008616317,-0.10110897630277615,1.3036921771644079
276.7147169046075,1.1464511801401207,-0.09798378541105035,1.244434965551171
276.7351497917916,1.096881062827808,-0.07371450090472731,1.1705955637325354
276.7555825785166,1.0534596007648307,-0.039406419682763705,1.0928660204475944
276.7760152652336,1.0186570045260592,-0.0028492766778849266,1.0215062812039442
276.7964480514929,0.9933013958552339,0.028566107072233726,0.9647352887830002
276.816880937753,0.9719988854949455,0.04449006595140559,0.9275088195435399
276.8373136235459,0.9536335439606829,0.04275385614472671,0.9108796878159562
276.8577464093323,0.9365787723701504,0.024536663084888888,0.9120421092852615
276.8781792946611,0.9223066599192751,-0.0027388712064175813,0.9250455311256927
276.89861207998183,0.9091415190214007,-0.0329013261141724,0.9420428451355731
276.91904476507625,0.8966135666630259,-0.058242106911655656,0.9548556735746816
276.93947764970653,0.8823422128246359,-0.07423818948659178,0.9565804023112277
276.9599104343288,0.8691895347226437,-0.07376507793422338,0.9429546126568671
276.9803431187247,0.857545645038076,-0.055700350447030034,0.913245995485106
277.00077590288856,0.8550945913420693,-0.015409673962192727,0.8705042653042621
277.0212086865795,0.8531662004382748,0.032035004431667624,0.8211311960066072
277.0416414702777,0.8392117098839914,0.06537706572659896,0.7738346441573924
277.06207425374305,0.8139704980314846,0.07582697375600378,0.7381435242754808
277.0825070369756,0.7801442663798089,0.05741003829518332,0.7227342280846256
277.1233726027349,0.7203608864375026,-0.053749454768519445,0.7741103412060221
277.1438052852682,0.7088156255387917,-0.13302635762074633,0.8418419831595381
277.16423816756287,0.7522050397759545,-0.17897492889078592,0.9311799686667405
277.1846709493984,0.9754229848968861,-0.05737539034639694,1.032798375243283
277.20510363146605,1.2315979937537238,0.09635239956067543,1.1352455941930484
277.22553651306225,1.4635071915074849,0.23687318032468863,1.2266340111827962
277.24596929443214,1.4725504922951762,0.1761391936838459,1.2964112986113303
277.26640197556117,1.3874746159780673,0.05053701884969408,1.3369375971283732
277.2868347564654,1.304330896449491,-0.040265623099443815,1.3445965195489349
277.30726763713756,1.2330366180394765,-0.08723048971770542,1.320267107757182
277.32770031757536,1.1727220967206782,-0.09636271942469987,1.269084816145378
277.3481330977738,1.119854579482558,-0.0796745794181759,1.199529158900734
277.3685659779803,1.072142106416483,-0.04985913784387863,1.1220012442603617
277.38899865771236,1.0300180442784779,-0.017108825012859707,1.0471268692913376
277.4094314372196,0.998164561537142,0.014099403521373621,0.9840651580157683
277.4298643167276,0.973432578871147,0.034317720664511775,0.9391148582066352
277.4502970957619,0.9560021376068432,0.04116646511601174,0.9148356724908314
277.4707297745699,0.9405996973075477,0.030770000147330667,0.909829697160217
277.4911625533787,0.927270312221811,0.008057929217531457,0.9192123830042795
277.51159543171525,0.9154132446851232,-0.020267436799670024,0.9356806814847932
277.5320281100576,0.9031742071257398,-0.047814120397728366,0.9509883275234682
277.55246088816784,0.8911115878952995,-0.0664593287090649,0.9575709166043644
277.57289376580593,0.8777872098684147,-0.07224629704568508,0.9500335069140998
277.59332644344977,0.8660462107306092,-0.06019792958477843,0.9262441403153876
277.6137592206287,0.8607012527656995,-0.027136530607633325,0.8878377833733329
277.6341919978004,0.8602695786119013,0.020226970091536844,0.8400426085203645
277.6546247747465,0.8522629779653746,0.06141200114582834,0.7908509768195463
277.67505755145976,0.8306970434750333,0.08102280964910347,0.7496742338259298
277.6954903277074,0.7981351837392999,0.07242757793964805,0.7257076057996519
277.7159231039477,0.762950865121384,0.03666773653522326,0.7262831285861607
277.7363558799625,0.7294547777091389,-0.026037777471208168,0.7554925551803471
277.7567886557372,0.7075708368252974,-0.10574768726698647,0.8133185240922839
277.77722153128707,0.7226127120972516,-0.17281591162174037,0.895428623718992
277.7976542066026,0.8582810104676089,-0.13539193387194814,0.993672944339557
277.81808698168606,1.1563912314086502,0.05917113860641199,1.0972200928022382
277.83851965652866,1.4047118957565148,0.21057691144739143,1.1941349843091233
277.8589525311472,1.504639884526215,0.2314792420982832,1.2731606424279318
277.8793853055249,1.4317674774306581,0.10637190380906181,1.3253955736215963
277.8998180799099,1.3425065151159938,-0.003104180051668015,1.3456106951676619
277.9202508538292,1.2661582679389258,-0.06681836387374251,1.3329766318126683
277.9406836275157,1.2009298690389332,-0.0901641814281593,1.2910940504670925
277.9611164011949,1.1454529681114158,-0.08187063291630481,1.2273236010277206
277.98154907441494,1.0944066265300718,-0.057125374446068244,1.15153200097614
278.0019819473964,1.0497628291683874,-0.024700874837797038,1.0744637040061844
278.0224147203844,1.0138549646045356,0.007836009452437454,1.0060189551520982
278.04284739290597,0.9886692953575498,0.0349568316864316,0.9537124636711182
278.06328026542906,0.9676323867149546,0.04605399374139574,0.9215783929735588
278.0837129377105,0.9523290295488591,0.04263344947702774,0.9096955800718314
278.10414570953435,0.9391878356248288,0.024787945964737323,0.9143998896600914
278.1245784813582,0.9266646165552725,-0.0024806723764307925,0.9291452889317033
278.1450112529419,0.9158369403227,-0.030015911475485435,0.9458528517981855
278.16544402406726,0.9041166524566681,-0.05239545611151175,0.9565121085681798
278.1858767951926,0.8913283788714232,-0.0634253336326478,0.954753712504071
278.20630956607783,0.8774409422369704,-0.05967784721955249,0.9371187894565229
278.2267423367375,0.865946022840873,-0.037856508471159955,0.9038025313120329
278.24717510716437,0.8612410033318487,0.0025012383683090667,0.8587397649635397
278.2676079773519,0.8539971512710581,0.04498438057261944,0.8090127706984387
278.2880406473123,0.8366973430160665,0.0730175144023848,0.7636798286136817
278.30847341704066,0.8083948067700129,0.07617848362723745,0.7322163231427754
278.328906086761,0.7728178870071573,0.04997729408297025,0.722840592924187
278.34933895602444,0.7372335222694956,-0.0037688666739176258,0.7410023889434132
278.3697717250543,0.710491174162512,-0.07780752029057147,0.7882986944530834
278.3902043938433,0.705196576292429,-0.1568088168769547,0.8620053931693837
278.4106372626411,0.7737424227961405,-0.1815723020654485,0.955314724861589
278.4310700309725,1.0490806948509803,-0.009159311823763394,1.0582400066747437
278.4515027992966,1.3047466822936042,0.1456877228417146,1.1590589594518896
278.47193546716153,1.5014281164274486,0.2553797360921042,1.2460483803353444
278.492368335028,1.4674379579112902,0.15819920948330624,1.309238748427984
278.5128011024208,1.3777282387462833,0.035836287749144935,1.3418919509971383
278.5332337698201,1.294527040113877,-0.046947352127781006,1.341474392241658
278.55366663698805,1.224211656342672,-0.08574374283797503,1.309955399180647
278.57409940391517,1.1655596587513795,-0.08783553756070872,1.2533951963120882
278.59453207061597,1.111657804944659,-0.06923269641087182,1.1808905013555309
278.6149648370847,1.0663993000514314,-0.03665856370769749,1.1030578637591288
278.6353977033141,1.0300826570324197,-0.00023051331946000175,1.0303131703518797
278.6558303693164,1.0034928624448656,0.03226239570154188,0.9712304667433237
278.67626313508663,0.9828133010471218,0.0515628807586761,0.9312504202884457
278.6966960006175,0.9648418586612134,0.05288337385961983,0.9119584848015936
278.71712866592134,0.9483345319889547,0.037298520791772205,0.9110360111971825
278.7375614309931,0.9345407273754125,0.011651859531319309,0.9228888678440932
278.7579942960583,0.9221175220109211,-0.017719247858902,0.9398367698698231
278.7784270606644,0.9102144411723347,-0.04343607296306995,0.9536505141354047
278.7988597250369,0.8955846666303772,-0.06158506029866817,0.9571697269290453
278.81929248940287,0.88057688682239,-0.06513948278038184,0.9457163696027718
278.83972535354405,0.8673067831953866,-0.050751010187409684,0.9180577933827963
278.86015801721805,0.8594072133578209,-0.01734335170134249,0.8767505650591634
278.88059078088554,0.8549665219849891,0.027169086080037652,0.8277974359049515
278.90102364432823,0.8420339886363294,0.06235672660554925,0.7796772620307801
278.92145630730374,0.8168983536495635,0.07499289142473331,0.7419054622248302
278.94188907027274,0.7829405370624161,0.05957319199409494,0.7233673450683211
278.9623218330162,0.7463743957420382,0.015660302285895322,0.7307140934561429
278.9827545955268,0.7143155508754235,-0.052773918934529096,0.7670894698099526
279.0031873577973,0.6971934148308918,-0.13421943085692423,0.831412845687816
279.02362011984223,0.7266469590666844,-0.19169902052109478,0.9183459795877792
279.0440528818872,0.9179821343320655,-0.10097641961298276,1.0189585539450483
279.0644856434592,1.2067396196101263,0.0847494106265434,1.121990208983583
279.08491840480565,1.454705224511617,0.23919861330514358,1.2155066112064734
279.10535106615134,1.4921135451202499,0.20343329634140206,1.2886802487788478
279.1257839270256,1.4084256057107056,0.07501814897948478,1.3334074567312209
279.1462166879064,1.3224453240187024,-0.023046639139558733,1.3454919631582611
279.1666493483208,1.249492293926087,-0.07572064733785933,1.3252129412639464
279.1870822087294,1.184907318992178,-0.09226955895323985,1.2771768779454178
279.20751486891095,1.1296937141953887,-0.07979850004638767,1.2094922142417763
279.2279476286276,1.0806468172705126,-0.05175147926686785,1.1323982965373804
279.2483804883377,1.0409556538577835,-0.015635026228174365,1.056590680085958
279.26881314782077,1.0108760360830513,0.019360445594262088,0.9915155904887892
279.28924590707175,0.9888529484562961,0.04493710142836871,0.9439158470279274
279.3096786660826,0.9700987140526189,0.05322150762270339,0.9168772064299155
279.3301115248687,0.952256690750644,0.04273979867584399,0.9095168920748
279.37097694196564,0.9179521033748598,-0.015409568298169307,0.9333616716730291
279.3914098000532,0.9052104094182779,-0.04408299721803621,0.9492934066363141
279.4118424581393,0.8913618132819267,-0.06605083396631428,0.9574126472482409
279.4322752157532,0.8775014610854496,-0.07446001763736965,0.9519614787228192
279.4527078733736,0.8630817531924296,-0.06724773270728135,0.930329485899711
279.47314073052985,0.8569694575565225,-0.036674757362830546,0.8936442149193531
279.4935734876781,0.8577383747000019,0.011048623887863651,0.8466897508121383
279.51400624460075,0.8570263202514181,0.05986814398335949,0.7971581762680586
279.5344390012906,0.8438328763903293,0.08947047750490855,0.7543623988854208
279.55487175774033,0.8181512103458154,0.09052705880518064,0.7276241515406348
279.5753045139645,0.7877699968467522,0.06315816320845302,0.7246118336382992
279.59573726995586,0.7571379262137307,0.0072256573308501215,0.7499122688828805
279.6161700257071,0.735020854211383,-0.06906220277455333,0.8040830569859363
279.6366027812328,0.7450722972668171,-0.13828049890593097,0.8833527961727481
279.6570354365249,0.8598463307857224,-0.12018168656659067,0.980028017352313
279.67746829181124,1.1909762907485761,0.10742494364270705,1.083551347105869
279.69790104663844,1.4692275191229656,0.28719487896606943,1.1820326401568961
279.7387665560527,1.5513614236347077,0.23114314968265015,1.3202182739520576
279.75919931018143,1.4566899665044473,0.11184338056367538,1.3448465859407719
279.77963206431014,1.3736543422144067,0.0371808273626455,1.3364735148517612
279.80006471820525,1.3011755630491764,0.003041863040238013,1.2981337000089384
279.8204975718618,1.2376350603315451,0.000887616481335396,1.2367474438502097
279.840930325292,1.1790913140712675,0.017154970185883522,1.161936343885384
279.86136297848134,1.1267183896014275,0.042288918490354765,1.0844294711110727
279.88179583144665,1.0805481008735178,0.06621462729318495,1.0143334735803329
279.9022285841784,1.0394998280222443,0.0799424584207068,0.9595573696015375
279.92266123690933,1.0049413344912566,0.0802994161859042,0.9246419183053524
279.9430939891681,0.9730626975912003,0.06286752378399185,0.9101951738072085
279.96352684143494,0.9452806532731403,0.03226494375807676,0.9130157095150635
279.9839594932273,0.9219661199259261,-0.004905957413583684,0.9268720773395098
280.0043922450277,0.8992356932695347,-0.0445643527047066,0.9438000459742413
280.02482509659603,0.8764681836533286,-0.07921740742642258,0.9556855910797512
280.04525774793,0.8525062738950338,-0.10335164557139898,0.9558579194664327
280.06569049902464,0.8291348474826217,-0.11127912604882328,0.940413973531445
280.0861233498945,0.8119897118780862,-0.097051786387233,0.9090414982653192
280.10655610052345,0.8059330137947288,-0.05926390596067399,0.8651969197554028
280.1269887509261,0.8034693779418952,-0.012130473475294612,0.8155998514171898
280.1474215010967,0.7925049874747676,0.023377056072815927,0.7691279314019517
280.1678542512673,0.7692124344026985,0.03391370878729605,0.7352987256154024
280.1882870009649,0.7370913797621554,0.014499694958473697,0.7225916848036817
280.20871975066984,0.7038751748638656,-0.0330245591738757,0.7368997340377413
280.22915249990183,0.675695646740985,-0.10467968487567891,0.780375331616664
280.2495852491411,0.6666837064023718,-0.18418900278993466,0.8508727091923065
280.2700179981475,0.7167981134447458,-0.2252905646685024,0.9420886781132481
280.29045064692036,0.9593696146404691,-0.08501756117302195,1.044387175813491
280.3108834954546,1.2175600576995342,0.07137797359157805,1.1461820841079562
280.3313161437618,1.426841427125994,0.19119658368107295,1.235644843444921
280.3517488918369,1.4107968407524805,0.10831837333376426,1.3024784674187162
280.37218173967267,1.3205669597891263,-0.018878384576206386,1.3394453443653327
280.39261448751495,1.237102169963902,-0.10631567648232854,1.3434178464462305
280.43347988226014,1.1065137561587732,-0.1555633703695285,1.2620771265283017
280.45391272917186,1.0495379876537818,-0.14155983084427048,1.1910978184980523
280.4743453760748,0.9973479997122249,-0.11600186685573755,1.1133498665679624
280.4947781227529,0.9497116872941761,-0.08966281356624595,1.039374500860422
280.51521096919896,0.9095346547572447,-0.06854064928091841,0.9780753040381631
280.53564361541066,0.8732451468421797,-0.062122944332559604,0.9353680911747393
281.3529531922104,0.8708225977297777,0.017530262773599814,0.8532923349561778
281.37338592980814,0.8692086525929736,0.0656200404709224,0.8035886121220512
281.39381866717304,0.8539306565747187,0.09458963403919596,0.7593410225355227
281.41425140453066,0.8258443418786504,0.09587643451366634,0.7299679073649841
281.4346841414299,0.7917542257461887,0.06830574450854887,0.7234484812376398
281.45511687832914,0.7575048170818093,0.01265696123826876,0.7448478558435405
281.4755495149875,0.730974591795689,-0.06431863462403364,0.7952932264197227
281.49598235142184,0.7321792068079529,-0.13940407771276342,0.8715832845207163
281.5164150876226,0.8205031262976613,-0.14599589335199792,0.9664990196496592
281.53684772358247,1.1366670193230335,0.06688392653523012,1.0697830927878034
281.5572805593183,1.4148553550640948,0.24522953305639583,1.169625822007699
281.5981459303148,1.541515513541992,0.2270454671751665,1.3144700463668255
281.6185786655842,1.442250814984793,0.09876184828587942,1.3434889666989136
281.63901150062156,1.354615315990396,0.015180729570703821,1.3394345864196922
281.6594441354173,1.2802248713631756,-0.02453956884456976,1.3047644402077454
281.6798768699882,1.2152427750800447,-0.030695208908268823,1.2459379839883136
281.7003097043271,1.1563346045386376,-0.01596681471297612,1.1723014192516137
281.7207424384251,1.1042127758716873,0.00967615736619365,1.0945366185054937
281.74117507229676,1.0587004119421533,0.03576875831573956,1.0229316536264137
281.76160790616996,1.019568465194297,0.05380274344919023,0.9657657217451067
281.78204063956946,0.985556835097539,0.05747968162109185,0.9280771534764471
281.8024732729755,0.9561621514413186,0.04515533968802754,0.911006811753291
281.8229060061494,0.9293219269519885,0.01749257149592509,0.9118293554560634
281.843338839084,0.9073493713915478,-0.017302760760411595,0.9246521321519594
281.86377147179155,0.8865842614424023,-0.05506947915779792,0.9416537406002002
281.884204204267,0.8665897205570283,-0.08805583387526361,0.9546455544322919
281.9046370365031,0.845009634647371,-0.11166950952593024,0.9566791441733012
281.925069668745,0.8244326689800394,-0.11898905736459531,0.9434217263446347
281.9455024007548,0.8073436108361857,-0.1067132357368249,0.9140568465730106
281.96593513229163,0.8025966987451871,-0.06895579256768847,0.8715524913128756
281.9863679638365,0.8044367909483002,-0.01780789118469628,0.8222446821329965
282.00680059514707,0.7980470111523976,0.023241633962229447,0.7748053771901682
282.02723332621827,0.7779968885587126,0.03923472277586626,0.7387621657828464
282.04766615706467,0.7498824430212768,0.027054165433441302,0.7228282775878355
282.06809878790955,0.7195864769965971,-0.013732894489399627,0.7333193714859967
282.08853151828225,0.6929486601909814,-0.07998488931399284,0.7729335495049743
282.10896414866147,0.6821727575041281,-0.15793275411507857,0.8401055116192067
282.12939697857655,0.7238370797537756,-0.20521716064467532,0.929054240398451
282.1498297084836,0.9501992362464974,-0.08031876717895414,1.0305180034254515
282.1702623381643,1.240480058992298,0.10740497875700505,1.133075080235293
282.19069516761374,1.4816921182873446,0.25686385260386,1.2248282656834846
282.2111278968223,1.496110035414695,0.20093266705569146,1.2951773683590035
282.2315606260381,1.4136332982778517,0.07722928273045238,1.3364040155473993
282.2519933547883,1.3317860654675213,-0.013008446261679296,1.3447945117292006
282.2724260835312,1.2590343643594204,-0.06209428456655863,1.321128648925979
282.2928588120485,1.1970458959218566,-0.07340868153298663,1.2704545774548432
282.3132914400994,1.1413300940396085,-0.05986247070022799,1.2011925647398365
282.35415699619625,1.0463668213924182,-0.0023046402784674402,1.0486714616708857
282.3745896237815,1.008793374230715,0.02353147862302407,0.9852618956076908
282.39502245112817,0.9765786382544169,0.036715786627381064,0.9398628516270359
282.4154550784806,0.9604420285973453,0.045319307679473564,0.9151227209178717
282.43588780560094,0.9449450471111893,0.035216158866792746,0.9097288882443966
282.45632053224836,0.9320340932988047,0.013169103152636641,0.9188649901461681
282.47675325890305,0.9200556847795126,-0.015211011213258074,0.9352666959927707
282.4971859853249,0.9077282761294186,-0.04296303426908088,0.9506913103984995
282.5176187117395,0.8944734692346485,-0.06306823873705936,0.9575417079717079
282.5380514376957,0.8801088179893748,-0.07025205112908128,0.9503608691184561
282.5584841636519,0.8673297345645752,-0.0596060842204682,0.9269358187850434
282.57891688913514,0.861451054575403,-0.02736586741814695,0.88881692199355
282.5993495146249,0.8632220231788763,0.022063071628139586,0.8411589515507367
282.6197823398834,0.8581656682154287,0.06626095531314935,0.7919047129022794
282.640215064901,0.837055343432158,0.08660379783874095,0.7504515455934171
282.66064768969227,0.8028829017692565,0.07686549273931043,0.726017409029946
282.68108051425224,0.7643791464621429,0.03838728308328354,0.7259918633788593
282.7015132388042,0.7281145642215101,-0.026435985932335093,0.7545505501538452
282.72194596289773,0.704152226154074,-0.10762012634107143,0.8117723524951455
282.7423786869913,0.7143290885096873,-0.17908857707092973,0.8934176655806171
282.76281141084473,0.8440075441980375,-0.1474052197787098,0.9914127639767473
282.7832441344726,1.1613897100948034,0.06642086286197624,1.0949688472328272
282.8036767578669,1.4151776263338303,0.22302079876410863,1.1921568275697216
282.82410958125547,1.516126290670942,0.2444406390075493,1.2716856516633928
282.84454230418487,1.4436839147478793,0.11909857890538156,1.3245853358424977
282.8649749271135,1.3533145069757087,0.007779759299623379,1.3455347476760853
282.88540774957073,1.2741732748188117,-0.0594303855831253,1.333603660401937
282.90584047203447,1.204682038825515,-0.08761688703347015,1.2922989258589852
282.9262730942646,1.1457304113925653,-0.08317932447558718,1.2289097358681524
282.94670581648825,1.0912241812800185,-0.06203869993773403,1.1532628812177526
282.96713863825426,1.045543761799668,-0.030559659223337476,1.0761034210230054
282.9875712597859,1.0086202035603165,0.0012516046247146306,1.0073685989356018
283.0080039813183,0.98178185179958,0.027142266507031554,0.9546395852925484
283.0284368026114,0.9623089014191649,0.04027191259106877,0.9220369888280961
283.04886952367815,0.9472927826242044,0.03756476618271665,0.9097280164414877
283.06930214450404,0.933043991022648,0.018918977716020358,0.9141250133066277
283.0897349651059,0.9210496550164009,-0.0076834424920093625,0.9287330975084103
283.11016768547415,0.9090453229437937,-0.036445039652629796,0.9454903625964235
283.13060030584165,0.8961483557624645,-0.06021861528175643,0.956366971044221
283.151033025737,0.8826577901210299,-0.07228368113048833,0.9549414712515182
283.17146584564034,0.8682883703057249,-0.0693908045068039,0.9376791748125288
283.1918984653021,0.8590617941007227,-0.045628445271568285,0.904690239372291
283.212331184739,0.8599752052674342,0.0001459202487920086,0.8598292850186422
283.2327640041767,0.8594287385409548,0.04930976119731101,0.8101189773436438
283.25319662314723,0.8432098682176554,0.07862073589746477,0.7645891323201907
283.27362934211124,0.8122061149741577,0.07948227616910652,0.7327238388050512
283.29406206061685,0.7753117724320419,0.05252485487126224,0.7227869175607796
283.3144947791152,0.7372171285462791,-0.0030864419368473728,0.7403035704831264
283.334927497388,0.7077710681415887,-0.07919340413723353,0.7869644722788223
283.35536021542794,0.700118906170246,-0.16002361649466845,0.8601425226649144
283.3757929334679,0.7675421203741651,-0.18557034769064795,0.9531124680648131
283.3962256510349,1.045657105094932,-0.010288760494869376,1.0559458655898013
283.4166583686092,1.307391132245686,0.15045049036523883,1.156940641880447
283.4370910859434,1.5026598197751746,0.2583053022142141,1.2443545175609605
283.457523803052,1.471203040928421,0.16304287848061483,1.308160162447806
283.47795641992707,1.3824760990594036,0.040940584066023744,1.3415355149933799
283.49838913657004,1.3007003986135839,-0.04114668307650482,1.3418470816900887
283.51882195297367,1.2284255741749588,-0.0825397236880634,1.3109652978630222
283.53925456938305,1.1668457659908036,-0.08802308193736041,1.254868847928164
283.55968728556036,1.1114643415599987,-0.07113666665164331,1.182601008211642
283.5801201014983,1.0652648420102582,-0.03949882053612108,1.1047636625463793
283.60055281721,1.0289787203111678,-0.0028182684348683207,1.031796988746036
283.62098543268803,1.002437548354611,0.030106339619086597,0.9723312087355245
283.64141814792674,0.9820703761811529,0.05018240066717694,0.931887975513976
283.6618509631735,0.963683305167025,0.051540918517789525,0.9121423866492355
283.6822835781786,0.948525608885534,0.03766674788997704,0.910858860995557
283.7027162927261,0.9344526754630318,0.011947231305546091,0.9225054441574857
283.72314910727437,0.921113990410053,-0.018318619155281213,0.9394326095653343
283.7435817218211,0.9089886983323565,-0.04441671244734535,0.9534054107797019
283.76401443589566,0.894983636840299,-0.062239179219147456,0.9572228160594465
283.7844472497454,0.880074813680631,-0.06606330158308316,0.9461381152637142
283.8048798635864,0.8660075094986673,-0.052827897494479026,0.9188354069931464
283.82531257720257,0.8599785194646787,-0.01780790739963889,0.8777864268643176
283.8457452905859,0.8570049518475673,0.028079517311132673,0.8289254345364346
283.8661780037364,0.8454124883553361,0.06472258660277008,0.780689901752566
283.88661071687966,0.8192613903989557,0.07667245501917863,0.7425889353797771
283.9070434295645,0.7882538970730195,0.0647132493422764,0.7235406477307431
283.92747624224285,0.7465294535867935,0.016267816096320775,0.7302616374904727
283.9479088546941,0.7139352081406645,-0.052048891899052485,0.765984100039717
283.9683415669133,0.6959058507997883,-0.13381956672627437,0.8297254175260627
283.9887741788989,0.7253148889617357,-0.19092260243691572,0.9162374913986514
284.0092069906459,0.9169645510362638,-0.09969558625527064,1.0166601372915345
284.02963970239944,1.2103275234336026,0.09056066443041089,1.1197668590031917
284.05007241368,1.4485352327082153,0.23491575523538644,1.2136194774728288
284.0705051249679,1.48663811078211,0.19929084249131446,1.2873472682907956
284.09093783602293,1.4079594941772284,0.07518974392392153,1.332769750253307
284.11137054684514,1.322942986661688,-0.022652242191277816,1.3455952288529658
284.1318031576593,1.2495616557587867,-0.07643960304823683,1.3260012588070236
284.1522359680166,1.1846082890308212,-0.09389579167448958,1.2785040807053107
284.1726686783659,1.1274159905411063,-0.08373073091445149,1.2111467214555578
284.19310128848883,1.0775505536520784,-0.056589115031136394,1.1341396686832148
284.2135340983805,1.03883822384994,-0.019348283716867254,1.0581865075668073
284.23396680803853,1.0088640450102508,0.01608485513711755,0.9927791898731333
284.25439941768855,0.9870259215510713,0.04229097151410599,0.9447349500369653
284.2748322268817,0.9682082092974452,0.050981245571789735,0.9172269637256555
284.2952649360668,0.9503668556719274,0.04090622247151532,0.909460633200412
284.3156975450256,0.9350065636424999,0.01796904538728461,0.9170375182552153
284.356563062247,0.9021978264389585,-0.04677016421202218,0.9489679906509807
284.37699567073287,0.8893713934797228,-0.06796905007838305,0.9573404435581059
284.3974283787611,0.8743623794442541,-0.0778794438896645,0.9522418233339186
284.41786118678283,0.8598781582530403,-0.07110336238805293,0.9309815206410932
284.4382937945775,0.854439366486717,-0.04016253430461825,0.8946019007913353
284.45872650214005,0.857741260009139,0.009931755825269173,0.8478095041838698
284.47915920970263,0.8540075898155731,0.05576419073859984,0.7982433990769733
284.49959191679227,0.834319805458234,0.0791231329784089,0.7551966724798251
284.5200246238892,0.8023479406193338,0.07433878238957836,0.7280091582297554
284.5404572307525,0.7660285403446838,0.04162532189979273,0.7244032184448911
284.56089003737725,0.7298431118815907,-0.019204455899239692,0.7490475677808304
284.5813227437757,0.7043861150164052,-0.09821001736631385,0.8025961323827191
284.6017553499405,0.7098327660721347,-0.17153989538296366,0.8813726614550984
284.6221881560996,0.8175947977998385,-0.16016958449614194,0.9777643822959804
284.64262086203235,1.1239908281318174,0.04273060881830926,1.0812602193135081
284.6630535677323,1.3713370374867988,0.19135408355940053,1.1799829539273983
284.68348617319134,1.5017593238814744,0.23930685680519703,1.2624524670762773
284.7039189784264,1.4461938140020443,0.12688988793892642,1.3193039260631179
284.72435168366064,1.3607793604284175,0.016108874605768486,1.344670485822649
284.7447842884212,1.2831742931431815,-0.05384333922201234,1.3370176323651939
284.7652170931906,1.214903657522716,-0.08437917400967132,1.2992828315323872
284.78564979772636,1.1552335159324525,-0.08307771600080183,1.2383112319332543
284.8060824022541,1.1006661235815423,-0.06301365691147143,1.1636797804930137
284.8265151063242,1.0577398990240068,-0.028371043929299233,1.086110942953306
284.8469479103951,1.0246294974974783,0.008884333698925495,1.0157451637985528
284.8673805139915,1.000537958648252,0.03998207537434073,0.9605558832739112
284.887813217596,0.9811054214889646,0.05593744165782066,0.925167979831144
284.9082460212012,0.9634778087742174,0.05319759997771478,0.9102802087965026
284.9286787243327,0.9491222748926983,0.036351580554819574,0.9127706943378787
284.94911132747075,0.935419320335984,0.008955754926172954,0.926463565409811
284.96954413014464,0.9218969087027348,-0.02151999944903127,0.943416908151766
284.9899768328105,0.9088675231638641,-0.04663420317417688,0.955501726338041
285.01040943525004,0.8942514076254107,-0.06174726987722323,0.9559986775026339
285.03084213769034,0.8785754136289909,-0.062355273730033356,0.9409306873590243
285.05127493965847,0.8671801619294413,-0.04271951816958619,0.9098996800990274
285.07170754163235,0.8674959438174584,0.001215900134752368,0.8662800436827061
285.09214024337416,0.8694891794612313,0.05276227321664195,0.8167269062445893
285.1125730448766,0.8546503958673102,0.08456542435983705,0.7700849715074731
285.133005646152,0.8250737728423913,0.089197915186923,0.7358758576554683
285.15343834742816,0.7886797810405641,0.06606015626568673,0.7226196247748774
285.1738710482314,0.7511606625775508,0.014878448812555845,0.7362822137649949
285.19430374904186,0.7207000778869995,-0.058408966693293984,0.7791090445802935
285.2147364496195,0.7099680648583792,-0.1390843949422439,0.849052459800623
285.2351691501899,0.7661860183445981,-0.17371044963592952,0.9398964679805276
285.25560195030266,1.0174497037329064,-0.024618154545787307,1.0420678582786937
285.2760345504139,1.2829426489408058,0.1389391111976539,1.1440035377431519
285.2964672502858,1.495740356022334,0.26187623692518414,1.2338641190971498
285.3373326493456,1.4061297887531399,0.06714439011135465,1.3389853986417852
285.357765348519,1.3220018848488833,-0.021697355314600486,1.3436992401634837
285.37819794769894,1.2488318337683584,-0.06788498123160247,1.3167168149999608
285.39863074664754,1.1852357228314523,-0.07827900371833318,1.2635147265497855
285.4190634453553,1.1299144646436166,-0.06289307614904516,1.1928075407926617
285.43949614383746,1.0820935566879586,-0.03299332554547596,1.1150868822334346
285.4599288420868,1.0441740113857325,0.0032602691635497116,1.0409137422221828
285.4803615403289,1.0160014246550781,0.036756032033765096,0.979245392621313
285.5007942383454,0.994707939564547,0.05863204171097647,0.9360758978535705
285.52122683612833,0.9767426484741171,0.06312969350182596,0.9136129549722911
285.5416596336727,0.960924190388593,0.050802683475817845,0.9101215069127752
285.5620922312228,0.9457643845937825,0.02531195178420176,0.9204524328095808
285.582524928308,0.9318894154340169,-0.005266069393351169,0.9371554848273681
285.60295772538666,0.9193834552471228,-0.03259596603259729,0.9519794212797201
285.62339032223827,0.9034931716960619,-0.05400224490933414,0.957495416605396
285.6438230188578,0.8881727285651406,-0.060388113952622335,0.948560842517763
285.66425571547006,0.8743220364186485,-0.049043807665546946,0.9233658440841954
285.68468841185677,0.8701007906682894,-0.013779529436414362,0.8838803201047037
285.7051211077778,0.8735267529943659,0.03790798889632485,0.835618764098041
285.7255538039244,0.8648035124933829,0.07804464626545526,0.7867588662279277
285.7459864996126,0.8395033923940242,0.09274295569214475,0.7467604367018794
285.766419195068,0.8049036790774234,0.0801860000581407,0.7247176790192827
285.7868518905161,0.7662417517082404,0.03851674356559498,0.7277250081426454
285.80728468573943,0.7313082456427776,-0.02822832708311218,0.7595365727258898
285.8277172807284,0.7107217987510156,-0.10902839987093982,0.8197501986219554
285.848149975478,0.7343752946807928,-0.16929045056063363,0.9036657452414264
285.86858257023414,0.8965941709669897,-0.10624854262020877,1.0028427135871985
285.88901536475896,1.1893266561590103,0.08304268035912443,1.106283975799886
285.9094480590429,1.4245813772743943,0.2225398119122335,1.2020415653621608
285.92988065310055,1.4937947348786278,0.21479261425153573,1.279002120627092
285.9503134469269,1.423427749805485,0.09488187162359463,1.3285458781818904
285.9707461407452,1.339227543942767,-0.006584801062844203,1.3458123450056112
285.9911788341051,1.264446880912137,-0.06592722973868725,1.3303741106508242
286.01161142769706,1.1993806197874572,-0.08682114785686523,1.2862017676443225
286.0320442208176,1.1410798164422906,-0.07985503346355194,1.2209348499058426
286.05247691371187,1.090311759628633,-0.054275886984563426,1.1445876466131963
286.07290950660536,1.0485545603597644,-0.019345512891876027,1.0679000732516404
286.11377499168884,0.9829402225362787,0.032958162156964566,0.9499820603793141
286.13420758388384,0.9635728500050108,0.04388256290738857,0.9196902870976222
286.1546403760731,0.9476432969510704,0.03817346283505607,0.9094698341160143
286.17507306780317,0.9339997701464711,0.018640521750008188,0.9153592483964629
286.1955056595325,0.9209306682807353,-0.00968615155584196,0.9306168198365773
286.21593835102976,0.9078209349619175,-0.03928277836431848,0.947103713326236
286.2363711425205,0.8943942322469497,-0.06249939282858119,0.9568936250755309
286.2568038335521,0.878976313037304,-0.07485305808194875,0.9538293711192527
286.2772364245757,0.8642490208306711,-0.07050501199172932,0.9347540328224004
286.2976692153752,0.8555159264696135,-0.04468330759637573,0.9001992340659892
286.31810190594115,0.8610600010366976,0.006648710824241455,0.8544112902124561
286.3385344965063,0.8625335061505274,0.05783216596416929,0.8047013401863581
286.35896718683216,0.8457748093043365,0.08554552191439146,0.760229287389945
286.3793999769332,0.813564254038169,0.08313749163826667,0.7304267623999023
286.3998325667926,0.7759640928378405,0.05264078060614008,0.7233233122317004
286.42026525642723,0.7396374326255002,-0.004425791840416138,0.7440632244659163
286.4406980460626,0.7126555906697443,-0.08121512033285527,0.7938707110025995
286.4611306352308,0.7142974593288903,-0.1553426451542178,0.8696401044831081
286.4815633243925,0.8036437854849171,-0.16059321899598444,0.9642370044809015
286.5019961135622,1.0881132564069733,0.020654601019040042,1.0674586553879333
286.52242870225746,1.3221416329647768,0.15463280696452575,1.167508826000251
286.54286139096075,1.483319011496491,0.23056621651072162,1.2527527949857693
286.5632940794312,1.4467582544122064,0.133306455176454,1.3134517992357524
286.58372676766885,1.3656816657299116,0.022471173716156034,1.3432104920137555
286.6041594556664,1.2886490088007467,-0.05124241469988888,1.3398914235006356
286.6245921436712,1.2208183063717417,-0.0850344264967946,1.3058527328685363
286.6450248314359,1.1600037013478213,-0.08746998519489302,1.2474736865427143
286.665457518975,1.1054718640440815,-0.06857950265604162,1.1740513667001231
286.68589010628057,1.0578971993275548,-0.03835896790120952,1.0962561672287643
286.7063227935869,1.0191944125185965,-0.005208999581829854,1.0244034121004264
286.726755580421,0.989246033510827,0.022411143483234697,0.9668348900275923
286.7471881672609,0.9689367032174993,0.04026431212272141,0.9286723910947778
286.76762085410155,0.9534165105676791,0.042269009034717864,0.9111475015329612
286.78805364047,0.9382409159210895,0.026622884746869024,0.9116180311742205
286.80848622684425,0.9264469803143701,0.002195900103600379,0.9242510802107697
286.8289189127536,0.914872630088063,-0.02638024738264566,0.9412528774707086
286.8493516988892,0.903329472875506,-0.05109515777648965,0.9544246306519957
286.8697843845657,0.8896584655375949,-0.06711434719873033,0.9567728127363252
286.89021697024145,0.8743895652958468,-0.06950325100716237,0.9438928163030091
286.910649655445,0.8633374346890963,-0.05154480820756557,0.9148822428966619
286.9310824406566,0.8623628676144991,-0.010261549914249657,0.8726244175287488
286.9515150258667,0.8636510855935013,0.04026244288318814,0.8233886427103132
286.9719477106046,0.8513609391499848,0.0755538410918496,0.7758070980581352
286.9923804953505,0.8233063173358887,0.08389957801392667,0.739406739321962
287.0128130798548,0.7875509402512464,0.06461319262704945,0.7229377476241969
287.03324576413434,0.7515837472389288,0.018798620260928267,0.7327851269780006
287.05367844841385,0.7201251945051972,-0.051613913600663475,0.7717391081058607
287.0741111322277,0.7074162137782383,-0.13091782648179606,0.8383340402600343
287.0945438160343,0.7529531779668074,-0.17392495360708826,0.9268781315738956
287.1149764996153,0.9739316010992854,-0.054245756559518576,1.028177357658804
287.1354092831898,1.2258878470799757,0.09504571948582652,1.1308421275941491
287.1558418663044,1.4412618836782294,0.21829850605172285,1.2229633776265065
287.17627454941976,1.464027783215965,0.17013226487296174,1.2938955183430032
287.1967073322958,1.3910658881640119,0.05522668904303374,1.3358391991209781
287.21713991517754,1.3133927112999992,-0.031588423507813435,1.3449811348078127
287.2375725975944,1.243709703510897,-0.07828931028545161,1.3219990137963487
287.2580051800105,1.1830958367776472,-0.08875582329173781,1.271851660069385
287.27843796218804,1.1292400150417221,-0.07365554277555342,1.2028955578172755
287.2988706443721,1.0845012646359964,-0.04098096193191636,1.1254822265679127
287.31930332609045,1.0494568096944463,-0.0008069661706631148,1.0502637758651094
287.33973600780155,1.0227085388445125,0.03620855306205373,0.9864999857824588
287.3601686892871,0.9998743671916727,0.05923225287897593,0.9406421143126967
287.38060137053253,0.9793786379533986,0.06395050842698924,0.9154281295264094
287.4010339517845,0.959934272046015,0.050300398191756246,0.9096338738542588
287.42146673280513,0.9451813089737073,0.026668171754482772,0.9185131372192246
287.4418994135922,0.931420550228151,-0.003421641416301857,0.9348421916444528
287.46233199413837,0.9184077994113324,-0.031974741163274145,0.9503825405746066
287.48276477469335,0.9048224070800743,-0.05268230646525629,0.9575047135453306
287.50319745477464,0.8891346867998973,-0.061553552529944655,0.9506882393298419
287.52363003486244,0.874670939076435,-0.05296681928060376,0.9276377583570388
287.54406281495176,0.8644018303714951,-0.02541425507815842,0.8898160854496535
287.56449549457466,0.8622301077932762,0.019927780214447743,0.8423023275788285
287.5849280741895,0.8537468152331209,0.06075747775555773,0.7929893374775632
287.6053607535796,0.831109044907545,0.07985180097230593,0.7512572439352391
287.6257934327368,0.7988436248377097,0.07249653450092564,0.726347090336784
287.64622621188755,0.7611935551874581,0.0354863566384247,0.7257071985490334
287.66665879057837,0.7267479025976298,-0.02685032847395108,0.7535982310715809
287.68709146926994,0.7052576120759559,-0.1049404104984476,0.8101980225744035
287.70752414795425,0.722440926578872,-0.16892189555191173,0.8913628221307838
287.72795682618016,0.85809940906355,-0.130996843757336,0.989096252820886
287.7483894044053,1.1367612701713292,0.04410636792626099,1.0926549022450682
287.7688221823919,1.3556755006289607,0.16555726679325278,1.190118233835708
287.78925486015214,1.4600770339358284,0.1899187659928141,1.2701582679430143
287.80968743791163,1.4075703238244277,0.08383323669346665,1.323737087130961
287.83012021543254,1.3297388131278656,-0.015700854655250618,1.3454396677831162
287.85055289272714,1.2590190111348902,-0.07521264704915387,1.334231658184044
287.8709855697889,1.1965689988167554,-0.09695464579045265,1.293523644607208
287.8914181466098,1.1405192682169742,-0.09001119736652852,1.2305304655835028
287.9322836000356,1.0478059601480765,-0.029984556754247604,1.077790516902324
287.95271617662365,1.0164063787346602,0.007644493515857498,1.0087618852188027
287.97314895275485,0.9919428655819235,0.03634109259055118,0.9556017729913723
287.9935816288853,0.9721631900199484,0.0496442810715646,0.9225189089483838
288.01401420477487,0.9553818186730418,0.04561087479517534,0.9097709438778665
288.0344469804404,0.9397597737097875,0.025910493439240012,0.9138492802705475
288.0548796561052,0.926124631065746,-0.0021874194886438714,0.9283120505543899
288.0753122315291,0.9142422984582883,-0.030873574184261843,0.9451158726425501
288.0957449067282,0.9016304126897072,-0.05458159728387679,0.956212009973584
288.11617768169526,0.887075788018299,-0.06805005375564288,0.9551258417739419
288.1366102566535,0.8717667226215344,-0.06647913541397077,0.9382458580355052
288.15704293138697,0.8619913360709105,-0.0436028501181579,0.9055941861890684
288.17747570588836,0.86347917757734,0.002535715600999522,0.8609434619763405
288.1979083801489,0.8622137519038672,0.050958671519165666,0.8112550803847015
288.2183409544159,0.8484113494973197,0.08288319771732433,0.7655281517799953
288.2387736284509,0.8150529461674736,0.08179788166125546,0.7332550645062181
288.2592064022465,0.7795144429225143,0.056768956456554664,0.7227454864659596
288.27963897604786,0.7436746254747751,0.004073182109008422,0.7396014433657667
288.3205044227143,0.7189356845593649,-0.13930619660376453,0.8582418811631294
288.34093699605,0.7935802602511406,-0.15727844611817865,0.9508587063693192
288.3613696689208,1.053071505686047,-0.0005203530378870003,1.053591858723934
288.3818024417851,1.2687321286455802,0.1139707618217467,1.1547613668238335
288.40223501442233,1.4497122604049906,0.20710776171073353,1.242604498694257
288.4226676868275,1.436193738066774,0.1291557502051066,1.3070379878616674
288.44310035922535,1.3614985602049448,0.020345815513698184,1.3411527446912466
288.46353313139844,1.287081968136135,-0.0551307700212198,1.3422127381573548
288.48396570333716,1.221108558287427,-0.09087918665420869,1.3119877449416357
288.50439837503654,1.1617384126509789,-0.09463261856775373,1.2563710312187326
288.52483114674396,1.107704619605465,-0.07664702431152914,1.184351643916994
288.54526371821703,1.0600387102227469,-0.04647749852330518,1.106516208746052
288.56569638945075,1.0202650691839676,-0.013061116459908595,1.0333261856438762
288.586128960691,0.9910077034561353,0.017537086642768207,0.9734706168133671
288.6065617316999,0.9683852215304377,0.035831961171714055,0.9325532603587237
288.626994402468,0.9504224701598322,0.038080938918838236,0.9123415312409939
288.6474270730105,0.9366253506599743,0.0259404403361172,0.9106849103238571
288.66785974332015,0.9240358356591573,0.0019198942451692513,0.922115941413988
288.6882923136218,0.9133426508300837,-0.02567456273720936,0.9390172135672931
288.7087250836994,0.9004330714524696,-0.052716218249850066,0.9531492897023197
288.72915775377624,0.887256260556321,-0.07001331827129131,0.9572695788276123
288.749590423613,0.8723018405151037,-0.07426017058911416,0.9465620111042179
288.77002299299056,0.8600470291848452,-0.05957790156667042,0.9196249307515156
288.79045566260174,0.8587614229909596,-0.020082370807421146,0.8788437937983807
288.81088843174075,0.8654623862451285,0.03538110014617213,0.8300812860989564
288.8313210008855,0.8586229963701402,0.07689059063881476,0.7817324057313254
288.8517536697982,0.83471098183325,0.09141211985660669,0.7432988619766433
288.87218643847154,0.7996894812329118,0.07595839429337192,0.7237310869395399
288.89261900715064,0.7625204302254264,0.03270824181690113,0.7298121884085252
288.91305167559767,0.7304244301362247,-0.03444070220556883,0.7648651323417935
288.9334843438046,0.715645112811726,-0.11236202877134271,0.8280071415830688
288.9539170120188,0.7533395269211601,-0.16074447152400906,0.9140839984451692
288.97434967976733,0.9464681990328827,-0.06783701987937829,1.014305218912261
288.9947823475086,1.1877878619265596,0.07030516234207385,1.1174826995844858
289.0152150152571,1.3994771940990582,0.1878028842380164,1.2116743098610419
289.03564768254,1.4544041083485781,0.16843853370935924,1.285965574639219
289.0560803498156,1.392796628080607,0.060697814280863405,1.3320988137997436
289.0765131168664,1.3182388566946974,-0.027445062721640046,1.3456839194163375
289.0969456839157,1.2509386196228223,-0.0758557899149479,1.3267944095377702
289.1173783504928,1.189688459441654,-0.09016560022555975,1.2798540596672137
289.1378109170764,1.1341390658732513,-0.07869932618968822,1.2128383920629395
289.15824368366157,1.0855395673184844,-0.05038545314218679,1.1359250204606712
289.178676349773,1.0440261502015566,-0.01580205517281663,1.0598282053743733
289.19910901589174,1.0103525738227233,0.016268183715873796,0.9940843901068495
289.2195416817776,0.986164610277884,0.04057872137122298,0.9455858889066611
289.23997434765624,0.9678556661248472,0.050258874542813636,0.9175967915820336
289.2604070130765,0.9521506051544079,0.04273865631592022,0.9094119488384876
289.28083957849594,0.9416455672432271,0.024938370288847045,0.9167071969543801
289.30127234390966,0.9287208177340205,-0.0037914979894169143,0.9325123157234374
289.3217050088642,0.9184354137632216,-0.030195531359200833,0.9486309451224224
289.34213757381804,0.9078082880041837,-0.0494512995992491,0.9572595876034328
289.36257033853326,0.8998375771984715,-0.05268293972114091,0.9525205169196124
289.383003003255,0.8799947353576252,-0.051647032256638026,0.9316417676142632
289.4034355675103,0.8704467967085575,-0.025130530287556407,0.8955773269961139
289.4238683317599,0.8680928102848589,0.019138191104174584,0.8489546191806843
289.44430099601595,0.8611966313733838,0.06183870326938312,0.7993579281040006
289.4647335598056,0.8391856712166611,0.0831265002980861,0.756059170918575
289.48516622358875,0.807601605035683,0.07918621242567647,0.7284153926100065
289.5055989871471,0.7727696678076474,0.04856580135146271,0.7242038664561847
289.5260316507047,0.742884442116196,-0.00529200867461288,0.7481764507908089
289.5464642140287,0.7253391070973515,-0.07574634986966755,0.801085456967019
289.5668969771141,0.74169554698785,-0.1376585080353666,0.8793540550232166
289.5873296399732,0.8671843316209626,-0.10826419632782924,0.9754485279487919
289.60776220282423,1.143707854782559,0.06479782849955451,1.0789100262830045
289.6281948654505,1.3580894822819733,0.18021534604199152,1.1778741362399818
289.6486276278447,1.498308341443172,0.23747647784323012,1.2608318635999418
289.66906019000453,1.4644479321409,0.14609757793218558,1.3183503542087145
289.68949285215785,1.390996803752771,0.04652430738606661,1.3444724963667043
289.7099255140856,1.3204432863523259,-0.01711560096181719,1.337558887314143
289.7303581760061,1.2575252650391675,-0.04292284122617862,1.3004481062653461
289.75079083770106,1.2000701157281273,-0.039836107950144584,1.2399062236782719
289.77122349916317,1.1478151125098008,-0.017648730708342164,1.165463843218143
289.79165616039245,1.0993277763685627,0.011490345156004222,1.0878374312125585
289.81208882161445,1.0577175307951312,0.040517524500734314,1.0172000062943969
289.83252138261014,1.0216884122875556,0.06009861391138893,0.9615897983761666
289.85295414336724,0.9891681300294584,0.06344966501193583,0.9257184650175225
289.87338680389803,0.9604816618862165,0.05010422958177696,0.9103774323044396
289.89381936442805,0.9359692249781314,0.02344278355135676,0.9125264414267746
289.9142521247268,0.9160611693987146,-0.009986471476106762,0.9260476408748214
289.93468478501745,0.8959298506002578,-0.04709248402556687,0.9430223346258246
289.9551173450818,0.876453863071078,-0.07885366781652203,0.9553075308876
289.9755500049141,0.8566443081378973,-0.09949036456130878,0.956134672699206
289.99598276450706,0.8361246393125658,-0.10532655343754294,0.9414511927501087
290.01641532410576,0.8195450295925241,-0.0912267650210088,0.9107717946135329
290.0368479834724,0.8154866238936754,-0.051898845912570546,0.867385469806246
290.0572807425997,0.8161896563538373,-0.0016922293390647658,0.8178818856929021
290.07771340150066,0.806292063962624,0.03522080770998792,0.7710712562526361
290.09814596040087,0.7840864778819842,0.047609128453712235,0.7364773494282719
290.11857871929533,0.7553962413866343,0.032734384862148524,0.7226618565244858
290.13901137773064,0.7251294428526873,-0.010535370118157639,0.735664812970845
290.1594439361652,0.7018184587274389,-0.07600764588208964,0.7778261046095285
290.1798765943604,0.7006420332548229,-0.1465569783491757,0.8471990116039986
290.2003093523308,0.7666658373813502,-0.17099175957705315,0.9376575969584033
290.2207419102924,1.0001878657786278,-0.03950287492667104,1.0396907407052989
290.24117456802924,1.2034758204616969,0.061709903696709256,1.1417659167649876
290.2616073257668,1.394727077956543,0.16269863244655114,1.232028445509992
290.2820398830372,1.411655763825884,0.11158273955032083,1.3000730242755631
290.3024725403011,1.3466588633799619,0.008162120767906567,1.3384967426120553
290.32290519757225,1.2764171713971801,-0.06755328976651431,1.3439704611636945
290.3433378543705,1.212627888632946,-0.10504002976305005,1.317667918395996
290.36377051117597,1.1554615445404497,-0.10951638921975149,1.2649779337602012
290.38420316774864,1.1026817438696737,-0.09187302884523696,1.1945547727149106
290.4046359243148,1.0551211239652023,-0.061746696980080173,1.1168678209452825
290.42506848065386,1.0128829028871935,-0.02961450733815263,1.0424974102253461
290.44550113676087,0.9756716946030086,-0.004782347986028279,0.9804540425890369
290.4659338926285,0.9414457162096405,0.004633240236626923,0.9368124759730135
290.5067991041433,0.888989954118509,-0.020998599105480853,0.9099885532239899
290.52723165978387,0.8668080073631889,-0.05327014693561771,0.9200781542988066
290.54766441518586,0.8467805959783672,-0.08994858101798797,0.9367291769963552
291.4262682463086,0.6455550359849266,-0.22210668539206668,0.8676617213769933
291.44670099473296,0.7430604445388334,-0.21886708724756376,0.9619275317863971
291.4671336431493,0.9774466190084615,-0.08763092104890269,1.0650775400573642
291.4875661913393,1.1583633841774956,-0.00697141476901364,1.1653347989465093
291.507998939298,1.3128607865067687,0.061820193353048,1.2510405931537207
291.5284315871322,1.3097036759783016,-0.002689622918722545,1.3123932988970242
291.54886413485656,1.2553522819898566,-0.08755536649290963,1.3429076484827662
291.56929678246524,1.2025928547426374,-0.13774936142146577,1.3403422161641032
291.5897295298346,1.1529334109130254,-0.15401962331665553,1.306953034229681
291.61016207709326,1.1085352170480929,-0.14050190112994065,1.2490371181780335
291.6305947241199,1.067529515693203,-0.108309970603931,1.175839486297134
291.65102747102355,1.0301503030348595,-0.06786743470772261,1.0980177377425822
291.67146001781657,0.9973086126284142,-0.028608314927753287,1.0259169275561675
291.69189266449393,0.9688711664329003,0.000931401332082693,0.9679397651008176
291.71232541093195,0.9433119152943089,0.014019123216911566,0.9292927920773973
291.73275805726007,0.9201580098195886,0.008856140493036846,0.9113018693265518
291.753190603471,0.9016866996007933,-0.0097224832509063,0.9114091828516996
291.7736232494426,0.8855030502137342,-0.03834101011586999,0.9238440603296042
291.7940559953058,0.8722561312324985,-0.06858533999582583,0.9408414712283243
291.8144885410511,0.8593839344680761,-0.09480915834760739,0.9541930928156835
291.83492118667345,0.8448416431415183,-0.11201883908614141,0.9568604822276597
291.85535383207025,0.828490566222659,-0.11587512368267261,0.9443656899053317
291.87578647735063,0.8159831255523696,-0.09973563176799083,0.9157187573203605
291.89621902239014,0.8141352352218069,-0.059581683137289065,0.8737169183590959
291.9166516674377,0.8181560520687217,-0.0064025776295268955,0.8245586296982486
291.93708441213676,0.8131653504975365,0.036328634268460114,0.7768367162290764
291.9575170568278,0.7972605274412606,0.05718437036377211,0.7400761570774885
291.9779496014089,0.7723859429482446,0.049322697494099454,0.7230632454541451
291.9983823457587,0.7465806295391958,0.014326603975366226,0.7322540255638296
292.0188149898677,0.7259544772301175,-0.044577820276582414,0.7705322975066999
292.03924753398314,0.7249880334639178,-0.11154548033616118,0.836533513800079
292.0596802778673,0.7865469702022159,-0.13811284904139187,0.9246598192436077
292.080112921627,1.0100569855645212,-0.015727781486442716,1.0257847670509639
292.1005454652768,1.2190807849490044,0.09052946418906216,1.1285513207599422
292.12097810869454,1.4287024622767182,0.20765772306576213,1.221044739210956
292.14141085198935,1.477178550418885,0.18460935002981893,1.292569200389066
292.1618433951735,1.4251321631433969,0.08988862360865646,1.3352435395347404
292.18227603812556,1.3596819601929286,0.014527426639707963,1.3451545335532207
292.2027087809547,1.3001530660726457,-0.022721063784914675,1.3228741298575604
292.2231413236732,1.2462962615479387,-0.026973278007265344,1.273269539555204
292.243573966276,1.195697480694316,-0.008935440717220411,1.2046329214115363
292.26400660863874,1.1498714538467771,0.02258397892090036,1.1272874749258768
292.2844393508931,1.1076650438738007,0.055766773370708345,1.0518982705030924
292.3048718930295,1.07100500182258,0.08322847274754663,0.9877765290750334
292.32530453504296,1.0381069778075647,0.09665615682421258,0.9414508209833521
292.34573727683164,1.0088584727725771,0.09310674672358743,0.9157517260489897
292.3661698185024,0.9835772854140041,0.07403178799746801,0.9095454974165361
292.3866024599338,0.9616457128012262,0.04348761860308803,0.9181580941981382
292.4070352013732,0.9433898517948692,0.00898151591634333,0.9344083358785259
292.4274677425783,0.9271247930641502,-0.022937953136785594,0.9500627462009358
292.44790038366045,0.9088493392078644,-0.048610148080679316,0.9574594872885437
292.46833302451705,0.8961301615186754,-0.054883950227406886,0.9510141117460823
292.48876566537365,0.8817624192038541,-0.04658447906253915,0.9283468982663933
292.50919830599014,0.8723690765467177,-0.01846292939735239,0.8908320059440701
292.5296309463811,0.8690992386853104,0.02562915293414758,0.8434700857511628
292.550063586772,0.8590445901115821,0.06494328666873639,0.7941013034428457
292.57049622692284,0.8360733394574703,0.08398421732551176,0.7520891221319586
292.59092886696453,0.8048144044175632,0.07811779871778979,0.7266966056997735
292.61136140688905,0.7702586246053916,0.04482764646204118,0.7254309781433504
292.631794146575,0.7404432365176689,-0.012196835200879996,0.7526400717185489
292.652226786151,0.722376768518071,-0.08622528809706054,0.8086020566151315
292.67265932560986,0.7478401923551067,-0.14143093336364754,0.8892711257187542
292.69309206494654,0.8911116140319347,-0.09562025142315989,0.9867318654550946
292.7135247040569,1.1258184666122164,0.03553070455259788,1.0902877620596185
292.7339572430501,1.3104048539440936,0.12238037411630565,1.188024479827788
292.7543899819211,1.4215485859653847,0.15296563590457768,1.268582950060807
292.77482262068224,1.3872671674483592,0.06441393158309539,1.3228532358652638
292.79525525921053,1.319509003699338,-0.025815527716165798,1.3453245314155038
292.8156877976144,1.2554820144072685,-0.0793754388398451,1.3348574532471136
292.8361205359106,1.1980232022993895,-0.09673985159068965,1.2947630538900792
292.8565531739732,1.148101182264846,-0.08407841113599646,1.2321795934008424
292.8769857120351,1.1021475107181509,-0.05470405632744946,1.1568515670456003
292.8974184498584,1.065146182266251,-0.014373121796295463,1.0795193040625464
292.917850987571,1.033340622971691,0.023145877765718526,1.0101947452059725
292.9382836250443,1.0092075497064947,0.05261058088921311,0.9565969688172816
292.9587162624084,0.9885045735045065,0.06548129804445324,0.9230232754600532
292.97914889965614,0.9709958405989213,0.061171093638828,0.9098247469600933
292.99958153678745,0.9559874422731306,0.04241358845262089,0.9135738538205097
293.02001417379506,0.943750457919505,0.01586677551351745,0.9278836824059875
293.0404468105771,0.9333565679098956,-0.011374106256616279,0.9447306741665119
293.0608794472355,0.9218661721252686,-0.03418110961030729,0.9560472817355758
293.0813120837847,0.9106257692988894,-0.04467990577993797,0.9553056750788274
293.10174472021754,0.8944623167155598,-0.04435352377559332,0.9388158404911531
293.1221773564175,0.8817159269658574,-0.02479477018449594,0.9065106971503534
293.1426099924938,0.8760950022663654,0.0140161494965384,0.862078852769827
293.1630425284602,0.8710479849273959,0.058630315222692464,0.8124176697047034
293.18347526430443,0.852732244535633,0.08623819053828441,0.7664940539973486
293.20390789992234,0.823372270731776,0.08956333979539743,0.7338089309363786
293.2243404354231,0.7887637023026295,0.06604625027040711,0.7227174520322224
293.2447731708089,0.7557345232097812,0.016834915204681167,0.7388996080051
293.2652058060703,0.7315211691512117,-0.05271818096202008,0.7842393501132318
293.28563844110613,0.7337051168831753,-0.12260506999060283,0.8563101868737781
293.3060709761412,0.8198759981136269,-0.1286853860232201,0.948561384136847
293.32650371082127,1.0590134828632953,0.007827137806827533,1.0511863450564678
293.34693634550786,1.236658644095896,0.0841316176555642,1.1525270264403318
293.36736888007727,1.4102138152980437,0.16941009162122778,1.240803723676816
293.3878016144081,1.4134664993556607,0.10759135777702622,1.3058751415786345
293.408234248629,1.3477093136333298,0.0069657421106639195,1.3407435715226659
293.4286667827255,1.2798080929077,-0.06276128958174021,1.3425693824894402
293.4695321504696,1.1696632402671128,-0.08823352735636503,1.2578967676234778
293.4899646841077,1.1209041042806942,-0.0652341038828379,1.186138208163532
293.51039731762285,1.0767956134990597,-0.0315138058660307,1.1083094193650904
293.5308300510296,1.040723003580616,0.005827223831015749,1.0348957797496003
293.5512625843112,1.01195294357711,0.03730764765459926,0.9746452959225107
293.57169521736796,0.9885741211874967,0.05532904678374817,0.9332450744037485
293.5921279503091,0.9707713287290292,0.05821548221285788,0.9125558465161713
293.61256058312574,0.9544653825232086,0.04395022960288231,0.9105151529203263
293.6329931158325,0.9419207604065015,0.02019908604047782,0.9217216743660237
293.6534257483072,0.931083857336773,-0.007508223338797526,0.9385920806755705
293.67385848065896,0.9197885659370172,-0.03309394431745094,0.9528825102544681
293.69429101290007,0.9075312612991511,-0.049778047380910184,0.9573093086800613
293.7147236450255,0.8936186101890774,-0.053367304426735096,0.9469859146158125
293.73515637702803,0.8820680250429919,-0.03835499633297712,0.920423021375969
293.7555889088035,0.8770384149892014,-0.0028801692434521353,0.8799185842326536
293.77602154046326,0.8757333376749307,0.04447173182199815,0.8312616058529325
293.7964542720001,0.8649017157674902,0.082100304378243,0.7828014113892472
293.8168868034263,0.8396298814034122,0.09559647788134051,0.7440334035220717
293.83731943473686,0.8062205285965258,0.08228148172186933,0.7239390468746565
293.85775206581457,0.7723196817118089,0.042950940078195665,0.7293687416336132
293.8781846967686,0.7430601545363891,-0.0206774666245505,0.7637376211609396
293.89861732761347,0.7318868556697823,-0.09437817784290214,0.8262650335126844
293.91904995833465,0.77651761477396,-0.13537474489857904,0.911892359672539
293.9394825888303,0.969657989798937,-0.042244381068636594,1.0119023708675736
293.9599152193259,1.1666175052886454,0.05147188468405273,1.1151456206045927
293.98034774958796,1.3594336293208222,0.14975666634817886,1.2096769629726434
294.0007803797271,1.4265844820881473,0.14204536198135376,1.2845391201067935
294.0212131097578,1.3763786099082596,0.04498270652127734,1.3313959033869822
294.0416456395542,1.308515674751008,-0.03724095039862463,1.3457566251496327
294.06207826934406,1.2441663757422932,-0.08342268169575706,1.3275890574380502
294.08251099890913,1.1872033818142678,-0.09401788455555593,1.2812212663698237
294.10294352835626,1.1357805909095198,-0.07877913576577811,1.2145597266752979
294.12337615768047,1.0889720303445978,-0.048777096448831214,1.137749126793429
294.1438088867799,1.050071995741448,-0.011438252657599124,1.061510248399047
294.16424151587125,1.0175680016423958,0.02214117016010586,0.9954268314822899
294.1846740447363,0.9916652671622846,0.045198383414445154,0.9464668837478395
294.2051066734857,0.9710801458807391,0.053094099863636335,0.9179860460171028
294.22553940211947,0.9551956205824501,0.04582409306338986,0.9093715275190603
294.2459719305116,0.9401322331910037,0.023756839434604382,0.9163753937563993
294.26640455891174,0.9283476038158888,-0.003726888682722307,0.9320744924986111
294.28683728707256,0.9185686139191924,-0.029714551178719018,0.9482831650979114
294.3072698151227,0.9064642279094947,-0.05070562039958704,0.9571698483090817
294.3277024430572,0.8937141371403055,-0.059081993066885774,0.9527961302071912
294.3481350708753,0.8801640476227122,-0.05214308677822377,0.9323071344009359
294.3685676985697,0.8720650016790745,-0.02450159176318245,0.896566593442257
294.3890003260385,0.8703521237567694,0.02023052932893321,0.8501215944278362
294.40943295339093,0.8646458034283555,0.06414711233990356,0.800498691088452
294.42986558061966,0.8444177618313381,0.08747039572285187,0.7569473661084862
294.45029820773925,0.8134002093556271,0.08455795754542461,0.7288422518102025
294.4707308347424,0.7792168844498196,0.05520164162684893,0.7240152428229707
294.49116356150626,0.7471056712453918,-0.00019706265929420042,0.747302733904686
294.51159608827584,0.7272714891310293,-0.072285914105786,0.7995574032368153
294.53202871481335,0.7446296963755451,-0.13267260445246198,0.8773023008280071
294.5524612412264,0.8668355681028798,-0.10625203045805509,0.9730875985609349
294.57289396753185,1.1034133923593559,0.026904290476043258,1.0765091018833126
294.5933265936037,1.2788475720135215,0.10313432933964095,1.1757132426738806
294.6137591196675,1.4163076419313951,0.15714504828939102,1.2591625936420041
294.6341918455073,1.3933351552860835,0.07597525012433426,1.3173599051617493
294.6546244712299,1.3276886983285567,-0.01656348418771514,1.3442521825162719
294.6750570968288,1.2631456230022768,-0.0749490008527054,1.3380946238549822
294.69548962231784,1.2050160034613349,-0.09660849924070503,1.3016245027020399
294.71592234769196,1.1532736998457427,-0.08825248933620644,1.2415261891819491
294.7363549728252,1.1061057545087989,-0.06117737858743366,1.1672831330962326
294.756787497965,1.0649135169069577,-0.0246905461386715,1.0896040630456292
294.77722022287344,1.0303061031722078,0.011612831302512339,1.0186932718696955
294.79765284765745,1.0022487807084774,0.039592725953570884,0.9626560547549066
294.81808537233155,0.9805188725696423,0.0542264178089491,0.9262924547606932
294.83851809689077,0.962385138197455,0.051898090795129304,0.9104870474023257
294.8589507212091,0.9480327225845372,0.03574840088377462,0.9122843217007626
294.879383245534,0.9362315334164798,0.010605897804736975,0.9256256356117428
294.89981586962676,0.9264714003727825,-0.016146134425477854,0.9426175347982604
294.92024849359586,0.9161892586399887,-0.0389140704883314,0.9551033291283201
294.9406811174558,0.905083868359609,-0.0511809607615078,0.9562648291211168
294.96111374119937,0.8911902836380684,-0.050783068530277364,0.9419733521683458
294.98154646482,0.877987764220608,-0.03366590491828325,0.9116536691388912
295.0019789882135,0.872303177275751,0.0037939618731208657,0.8685092154026302
295.0224116116078,0.866926662755721,0.04786522167781915,0.8190614410779018
295.04284413476125,0.8523040020624247,0.08022012938251899,0.7720838726799057
295.06327685780707,0.8240784578380965,0.08697668201219344,0.7371017758259031
295.0837094807357,0.7915541512045448,0.0688349397031105,0.7227192115014343
295.10414210354065,0.7582476440656255,0.023197230338159014,0.7350504137274665
295.12457472612004,0.732797579375543,-0.043734559441891196,0.7765321388174342
295.14500734869944,0.7309658179366364,-0.11435402417628537,0.8453198421129218
295.16543987103796,0.800768663903643,-0.13461002745308914,0.9353786913567321
295.1858725933853,1.0264857889020078,-0.01078070699227407,1.0372664958942819
295.206305215499,1.1974548862500614,0.05797794607612916,1.1394769401739322
295.22673783737264,1.383404715429936,0.15326178839342663,1.2301429270365094
295.2471703592528,1.4117303031644597,0.11292350973890386,1.2988067934255558
295.267603081018,1.352386517076861,0.014406496802790603,1.3379800202740704
295.2880357026588,1.2858182510784246,-0.058411188811278825,1.3442294398897034
295.3084682240733,1.2254186312467779,-0.09320512271697057,1.3186237539637484
295.3289009453729,1.1726576442166217,-0.09380288297742201,1.2664605271940437
295.3493335666644,1.1236802808528241,-0.0726526528458995,1.1963329336987236
295.36976608772966,1.0807572630103857,-0.0379302196483684,1.118687482658754
295.39019880868,1.0431228169464077,-0.0009970300838455515,1.0441198470302533
295.41063142938947,1.0157303252961274,0.03403283229324472,0.9816974930028827
295.43106395010545,0.9934640407474485,0.05588769940904559,0.937576341338403
295.4514965707058,0.9735412267987984,0.05939135914833449,0.9141498676504639
295.4719292910668,0.9563548665052487,0.046493419942389314,0.9098614465628594
295.49236191131786,0.9425163298441463,0.022815508524325123,0.9197008213198212
295.5127944315682,0.9311641472531691,-0.005129674092991809,0.9362938213461609
295.5332271515799,0.9192177121126103,-0.032172769354820496,0.9513904814674308
295.55365977136535,0.9078464724607044,-0.04964179506838229,0.9574882675290867
295.57409229115,0.8930160384590341,-0.05629379785022126,0.9493098363092554
295.59452491081174,0.8808406458519326,-0.044033132816711285,0.9248737786686438
295.6149576303651,0.8698358167854275,-0.0161364055066322,0.8859722222920597
295.6353901496841,0.8651603646196803,0.027191548288690526,0.8379688163309897
295.65582276888017,0.8542207615777273,0.06527778890009084,0.7889429726776365
295.6762554880843,0.8306377047398743,0.08230811668891891,0.7483295880509554
295.69668800705404,0.7989103782399242,0.07363285353530491,0.7252775247046193
295.71712062590086,0.7668731534877825,0.03986615457448961,0.7270069989132929
295.7375533446393,0.7368256507680316,-0.020625654604929156,0.7574513053729608
295.7579858631434,0.7228810343925552,-0.09353031636213516,0.8164113507546904
295.778418481641,0.7562632384574437,-0.14311779295629246,0.8993810314137362
295.7988511000294,0.9226510510763009,-0.07542236365623933,0.9980734147325402
295.8192838181858,1.1317750949189707,0.03019823006040223,1.1015768648585684
295.83971633633337,1.3190457698299818,0.12109717049720015,1.1979485993327816
295.86014895425615,1.4151198710744457,0.13912103861713598,1.2759988324573097
295.8805816720633,1.3730315474861474,0.04607364011289139,1.326957907373256
295.9010141897452,1.3077030851174345,-0.03806672459670968,1.3457698097141442
295.9214468073187,1.246086386335089,-0.08570890168730072,1.3317952880223898
295.9418793247751,1.190892343722863,-0.09791796721334234,1.2888103109362052
295.96231204210926,1.1427175855527827,-0.08159056188125646,1.2243081474340392
295.98274465921713,1.101885591840874,-0.046341751647857476,1.1482273434887316
296.003177276325,1.0683915809723359,-0.0029212112001875123,1.0713127921725234
296.02360989319277,1.041118850843081,0.03772534928980953,1.0033935015532716
296.0440425100678,1.0173293848263625,0.06547105083507976,0.9518583339912827
296.06447502670926,0.9942196538298959,0.07363655872948893,0.9205830951004069
296.08490774322854,0.9750403162075069,0.06555872207752111,0.9094815941299857
296.1053403596379,0.9575307842844154,0.04278106508849033,0.9147497191959251
296.1257728759301,0.9439263014755952,0.014178179339605745,0.9297481221359895
296.1462054920994,0.9325273615359757,-0.01384083513073786,0.9463681966667136
296.1666382081603,0.9212267643560229,-0.03541044052347064,0.9566372048794936
296.18707072410325,0.907674203412123,-0.04660953879251162,0.9542837422046346
296.20750333981414,0.8928638699417292,-0.043125473106504386,0.9359893430482336
296.2279360555185,0.8804646065719193,-0.0216416446003731,0.9021062511722924
296.2483685709958,0.8755521896340416,0.01883658527110521,0.8567156043629364
296.2688011864666,0.8678233713218919,0.06081660278504719,0.8070067685368447
296.2892338017118,0.8477950104650412,0.08570867213705669,0.7620863383279846
296.3096664168406,0.8178459405834826,0.08643572120141141,0.7314102193820712
296.330099031853,0.7837834177601157,0.06067480496787525,0.7231086127922405
296.35053164685814,0.7519301615084641,0.009441643279286427,0.7424885182291777
296.37096436163847,0.7282480771093882,-0.06272417278134601,0.7909722498907342
296.3913968762936,0.736939155430763,-0.128716889179741,0.865656044610504
296.4118294907239,0.8380931434449193,-0.1214847596742209,0.9595779031191402
296.4526947194681,1.250958593999251,0.08784736468448706,1.1631112293147639
296.4731273335419,1.417086842658393,0.16780539896208135,1.2492814436963116
296.49355984762224,1.4090827917144868,0.09778608336436467,1.3112967083501221
296.51399256146397,1.3443719473047733,0.001791434723899643,1.3425805125808736
296.5344251753122,1.277454188961332,-0.06333010717995968,1.3407842961412917
296.5548577889276,1.217417343577144,-0.09064361704538437,1.3080609606225284
296.59572301591834,1.120079548570245,-0.05757953035881358,1.1776590789290586
296.6161556291845,1.076608824008742,-0.02320848706490164,1.0998173110736436
296.6365881423262,1.0389643493537937,0.011496261283074016,1.0274680880707197
296.6570208553603,1.009909629338528,0.04083270141956352,0.9690769279189644
296.67745346827724,0.985825237082098,0.055887670764818265,0.9299375663172798
296.697885981077,0.9673429099251649,0.05587275074285014,0.9114701591823148
296.71831869363814,0.9510503296088273,0.03984634519768382,0.9112039844111435
296.7387513062058,0.9381587990295522,0.014726366342955877,0.9234324326865964
296.75918381864903,0.9275263916322751,-0.012893984824050797,0.9404203764563259
296.77961653098464,0.9154575611735495,-0.03849386808038835,0.9539514292539378
296.80004914308665,0.9035472663048479,-0.05339401859567938,0.9569412849005273
296.8204816551879,0.8894680596897394,-0.05537028578107184,0.9448383454708112
296.8409142670498,0.8788679149754867,-0.03769546930321488,0.9165633842787015
296.86134697891976,0.8772292153152665,0.0024043968775218083,0.8748248184377447
296.88177959054883,0.8780975874894774,0.05234718963259255,0.8257503978568849
296.902212102068,0.868335841868779,0.0904443699433376,0.7778914719254414
296.9226448135887,0.8427402825819311,0.10197177691677373,0.7407685056651574
296.94307742486853,0.8081550827801607,0.0849498823430288,0.7232052004371319
296.96350993603846,0.7727722455188125,0.04104357525507374,0.7317286702637388
296.9839426470935,0.7442213893174813,-0.02509659912465434,0.7693179884421356
297.0043752580241,0.735597755456555,-0.09911432839919188,0.8347120838557469
297.02480776884477,0.7893151635035123,-0.13309134183421845,0.9224065053377307
297.0452403795498,0.998059780482444,-0.02528780433021094,1.023347584812655
297.0656729901384,1.180442887068348,0.054230176873858005,1.12621271019449
297.08610560060333,1.3801884785063367,0.1611097436759399,1.2190787348303969
297.1065382109591,1.4315467793718581,0.14034527116756634,1.2912015082042918
297.1269708211912,1.3724570278518,0.03783848431039072,1.3346185435414093
297.14740343131416,1.3021145557261649,-0.04319846972151953,1.3453130254476844
297.1678360412043,1.2398680965486975,-0.08388233905634301,1.3237504356050405
297.18826855109364,1.1851248687091822,-0.08957870670637336,1.2747035754155556
297.20870126086083,1.1350212522930792,-0.07137636200675401,1.2063976142998332
297.2291338704017,1.09022437885129,-0.03890301645637906,1.129127395307669
297.2495663799418,1.0501613583520197,-0.0034093266312560377,1.0535706849832758
297.26999908935977,1.017797022347238,0.028709897398202178,0.9890871249490357
297.2904316985514,0.9908269685242572,0.0485403214306126,0.9422866470936446
297.31086420774227,0.9696343284332594,0.05354116933095687,0.9160931591023025
297.33129691669455,0.9525559724886623,0.04309146583741297,0.9094645066512493
297.35172952565335,0.9373852670038785,0.019583823734368844,0.9178014432695096
297.37216203437856,0.9250819027887901,-0.008884502634364577,0.9339664054231547
297.39259464298084,0.9129168669292744,-0.03681573532749938,0.9497326022567738
297.41302735159115,0.9008247522748583,-0.05658095007440733,0.9574057023492656
297.4334599599679,0.8879818262742892,-0.06335481808523757,0.9513366443595268
297.45389246822015,0.8752579061215912,-0.053802656808016214,0.9290605629296074
297.4743251764812,0.8695770714928197,-0.022283313782276104,0.8918603852750958
297.4947577845014,0.8710779755816489,0.02642061327032752,0.8446573623113214
297.5151902924117,0.8633891728659793,0.06815172087720012,0.7952374519887792
297.5356229003228,0.8412028520778417,0.08825766454222239,0.7529451875356193
297.55605560800177,0.8085049019692381,0.0814393503805586,0.7270655515886795
297.57648811555555,0.7744622065913808,0.04929683083181691,0.7251653757595639
297.59692072300095,0.7425537932882064,-0.009126171694864404,0.7516799649830708
297.6173534303234,0.7239550856198923,-0.08303541969293637,0.8069905053128287
297.63778593765164,0.7467553812459868,-0.14039550044561344,0.8871508816916003
297.6582185447478,0.8851005892180576,-0.0992264713256461,0.9843270605437037
297.6786512517283,1.1146169030438748,0.026743397783766554,1.0878735052601083
297.69908385858434,1.298535694564196,0.11265203723618922,1.1858836573280067
297.7195163653305,1.4258696157835937,0.15890593439732026,1.2669636813862735
297.739948971961,1.391506160370207,0.06957125306554879,1.3219349073046582
297.76038167846855,1.3219173311804688,-0.023271352519573574,1.3451886837000424
297.78081418498186,1.2585463713857055,-0.07693141707131823,1.3354777884570237
297.8012467912631,1.201614388332537,-0.09439824188143575,1.2960126302139727
297.8216794974214,1.1512876111352783,-0.0825643913661569,1.2338520025014352
297.8421120034691,1.104243025898832,-0.054453981782261573,1.1586970076810936
297.8625446094011,1.0627794823133847,-0.018505258299682525,1.0812847406130672
297.88297711520863,1.0289303791269595,0.01726709048014774,1.0116632886468118
297.90340982090856,1.0004928662684793,0.04287096197771145,0.9576219042907679
297.9238424264913,0.9807516170683394,0.057202768893063305,0.923548848175276
297.9442750319504,0.9611714910305231,0.051281705819807843,0.9098897852107153
297.9647076373003,0.9458037243704742,0.03250362238463533,0.9133001019858389
297.9851402425338,0.9342683178513472,0.006818704672571174,0.9274496131787761
298.00557284776005,0.9247958554137913,-0.019539889839268576,0.9443357452530599
298.0260055527615,0.9142585137804314,-0.0416144234650776,0.955872937245509
298.046438057645,0.9022818167689842,-0.05319790008123304,0.9554797168502173
298.06687066240556,0.8889539004807134,-0.05043294121492348,0.9393868416956369
298.08730316705623,0.8775998693876784,-0.02983667529530476,0.9074365446829832
298.107735871592,0.8723872187838569,0.009156381752473686,0.8632308370313833
298.12816847600334,0.8649081848626988,0.051306347120636864,0.813601837742062
298.1486009804212,0.8474733909624543,0.07998909411254163,0.7674842968499127
298.1690336846077,0.8186080302735382,0.08422370747359442,0.7343843227999438
298.1894662886698,0.7856153000466766,0.06291143628176599,0.7227038637649106
298.20989879262197,0.7523741401316925,0.014172958171250527,0.7382011819604419
298.23033149645926,0.7276531483044298,-0.05520652305054752,0.7828596713549774
298.25076400028775,0.7288163259639777,-0.12553896610496706,0.8543552920689448
298.27119660389144,0.8085466792659622,-0.13768271032640833,0.9462293895923706
298.2916292073787,1.043224414833738,-0.005512301849242673,1.0487367166829806
298.3120619108595,1.2176959682115878,0.06744997207591608,1.1502459961356717
298.33249441411317,1.4078697570581145,0.16891159412404488,1.2389581629340696
298.3529270172512,1.4169094628564205,0.11223520626100303,1.3046742565954175
298.3733597203827,1.3512961789331688,0.010987788198400406,1.3403083907347684
298.39379222328716,1.2825283654920496,-0.06038604319290841,1.342914408684958
298.41422482607595,1.2210165782275095,-0.09303605332256049,1.31405263155007
298.43465742885746,1.1671956685302918,-0.0922448356688943,1.259440504199186
298.4550900314134,1.1198937247717193,-0.0680586486834227,1.187952373455142
298.4755226339694,1.0784701124011133,-0.03166665564371374,1.110136768044827
298.4959552362852,1.0450528673960662,0.008551524294700963,1.0365013431013652
298.51638783860835,1.0161388846278876,0.04028692694462277,0.9758519576832648
298.53682044081506,0.9934767169416413,0.059515391658128025,0.9339613252835133
298.55725304278167,0.9738395768542368,0.06105433064584176,0.9127852462083951
298.5776857447563,0.956087389391998,0.04573681953234465,0.9103505698596533
298.598118246613,0.9424349005447545,0.02111058225829443,0.9213243182864601
298.6185508483468,0.9300528103444429,-0.00810560574700947,0.9381584160914523
298.63898334985424,0.9190806139320455,-0.03352493804072809,0.9526055519727736
298.6594160513632,0.9070501502687361,-0.05029118709447655,0.9573413373632127
298.67984865274775,0.892517552447185,-0.054890151466031045,0.947407703913216
298.7002811540224,0.8786506203657108,-0.04257663120559796,0.9212272515713088
298.7207138551821,0.8706246440801156,-0.010382333263067589,0.8810069773431832
298.7411464562174,0.866173004376398,0.03371124377577617,0.8324617606006218
298.76157905714354,0.8520794634204011,0.06818510667286737,0.7838943567475337
298.7820115579525,0.8268528843200831,0.0820620015303245,0.7447908827897586
298.8024442586393,0.7934627460386993,0.06929819895206502,0.7241645470866342
298.8228768592162,0.7591402600010765,0.03020666940336203,0.7289335905977145
298.84330935979233,0.7305145949748748,-0.03209137265272011,0.7626059676275949
298.8637420601299,0.7179435647881004,-0.10656204140475689,0.8245056061928573
298.88417466035753,0.7557041974347888,-0.15396657282490767,0.9096707702596964
298.9046071605844,0.938205472138511,-0.0712536930495854,1.0094591651880964
298.9250398605727,1.1455481557197102,0.03278504853471276,1.1127631071849975
298.94547246056754,1.349959474695869,0.14232475029779934,1.2076347243980696
298.96590496032877,1.4277352792010019,0.1446629043186345,1.2830723748823674
298.9863375600835,1.3724789782561382,0.04181678362800567,1.3306621946281325
299.0067702596134,1.3028806489049578,-0.04293137901334365,1.3458120279183015
299.0272027591418,1.2385065272133542,-0.08987467780256675,1.328381205015921
299.04763535854727,1.1828967034188371,-0.09970412706057252,1.2826008304794096
299.06806805784436,1.133398381655943,-0.08290633322832042,1.2163047148842634
299.08850065702427,1.0906825148426094,-0.048921914176159875,1.1396044290187692
299.10893315607973,1.0540579990849046,-0.009169729348831979,1.0632277284337366
299.1293658550276,1.0245074603594164,0.02770487551915568,0.9968025848402607
299.1497983538575,0.9997247544894619,0.05234968563200848,0.9473750688574534
299.17023095256445,0.9792799605114864,0.06088610536109007,0.9183938551503963
299.1906635511623,0.9602393521404583,0.05089939093636919,0.9093399612040891
299.2110961497601,0.9450215468027183,0.02897809923262684,0.9160434475700915
299.23152874811785,0.9332617584677766,0.0016317462019216356,0.931630012265855
299.25196134636644,0.9214532527222964,-0.026472223426546315,0.9479254761488427
299.27239394461503,0.9091141662795454,-0.04795691503903354,0.957071081318579
299.2928265426235,0.8953082805599706,-0.05775875570632705,0.9530670362662976
299.3132591406393,0.8810177768317745,-0.05195685940797756,0.9329746362397521
299.33369163853786,0.8684579531759201,-0.029108320779984487,0.8975662739559046
299.35412433631427,0.8635417079014835,0.012235986922909614,0.8513057209785739
299.37455693386437,0.854760751053661,0.05309937098251016,0.8016613800711508
299.3949894315301,0.834157031242025,0.07629805669558998,0.757858974546435
299.43585472627456,0.7753176651458135,0.051478618794193576,0.7238390463516199
299.45628722347465,0.6662247404059839,-0.0802053241492604,0.7464300645552443
299.47671992055257,0.7206568252581838,-0.0773610373967597,0.7980178626549435
299.4971525175206,0.7320579224904793,-0.14316862027862043,0.8752265427690997
299.51758501448785,0.8427064904641302,-0.1279857032817835,0.9706921937459136
299.53801761122304,1.08978540064912,0.01572057541240368,1.0740648252367164
299.5584503079517,1.2756698504764745,0.10216284314874136,1.1735070073277332
299.57888280456973,1.4321534957644475,0.17470193435128056,1.257451561413167
299.5993154010648,1.406682548629487,0.09034782601284541,1.3163347226166415
299.6197480973351,1.3346174206019479,-0.009391863601263761,1.3440092842032116
299.64018069360463,1.2669547266890488,-0.07166730382393305,1.338622030512982
299.660613189757,1.2070631820300748,-0.0957437208084242,1.302806902838499
299.6810457859028,1.154347056764626,-0.08881858417752886,1.2431656409421548
299.70147848182387,1.1072859471189338,-0.06184515567412796,1.1691311027930618
299.7219109776197,1.0662803752331957,-0.025123668668379118,1.0914040439015749
299.74234357342357,1.0346277590932826,0.014407014945497565,1.020220744147785
299.76277626899537,1.0071855480754544,0.04343341388364763,0.9637521341918067
299.78320876456564,0.985672545316511,0.05878427877439718,0.9268882665421139
299.803641360013,0.9652679960953842,0.05465876614723397,0.9106092299481502
299.82407405523554,0.948704736471094,0.03665940626520636,0.9120453302058876
299.8445065504493,0.9345318626551162,0.009332583666964767,0.9251992789881515
299.8649391455547,0.9226033707256273,-0.01960047450101987,0.9422038452266471
299.88537174066005,0.9106489036601317,-0.04424048793543345,0.9548893915955652
299.9058044355261,0.8968793608459791,-0.05950882567985705,0.9563881865258361
299.92623693028145,0.8830144169801514,-0.05948015989574096,0.9424945768758923
299.9466695250376,0.872601874404141,-0.03994081625234036,0.9125426906564814
299.96710221955436,0.8693729334108458,-0.0002741601570788177,0.8696470935679246
299.9875347140769,0.8663377107814741,0.046076735750959386,0.8202609750305148
300.0079673084838,0.8522166298907912,0.07909786281176912,0.773118767079022
300.0283998027735,0.8241342671259249,0.08638645402621514,0.7377478130997097
300.04883249694103,0.7908611964443769,0.06806889232221514,0.7227923041221618
300.06926509099867,0.7559239781091603,0.021481604403014054,0.7344423737061463
300.08969758493186,0.7288036911875222,-0.046428359881645176,0.7752320510691674
300.1101302787574,0.723092592930894,-0.12032930847256884,0.8434219014034628
300.13056287258223,0.7816393689123038,-0.15143125726137296,0.9330706261736768
300.15099546616693,1.005152868924672,-0.029649889359387505,1.0348027582840595
300.1714280597589,1.2013236181319817,0.06417967513295553,1.1371439429990262
300.19186065323447,1.4114665496706855,0.18325212808977764,1.2282144215809079
300.2122931465856,1.4398291343357184,0.14232586418143356,1.2975032701542848
300.2327257398283,1.3720651043516032,0.03462922661750678,1.3374358777340964
300.2531584329554,1.3000482104581947,-0.04442616097802432,1.344474371436219
300.2735909259645,1.2354085181791623,-0.08417122405755473,1.319579742236717
300.29402351896715,1.1784691125755586,-0.08948820518245992,1.2679573177580186
300.314456211745,1.1288063877689503,-0.06932946020463482,1.198135847973585
300.334888704514,1.0854860582717634,-0.03505190332323194,1.1205379615949953
300.3757538897189,1.0118627942591514,0.028890420104505155,0.9829723741546462
300.39618648214673,0.9861545906242494,0.047789877027624605,0.9383647135966248
300.41661907445086,0.9662142682458857,0.05177161698704247,0.9144426512588433
300.43705166664586,0.950130822073276,0.0403898352465526,0.9097409868267234
300.4574842588336,0.9362229110184085,0.01690125678481058,0.9193216542335979
300.47791685079574,0.9244375989243835,-0.011413453232763104,0.9358510521571466
300.4983494427579,0.9129706697310151,-0.03811022883810811,0.9510808985691233
300.51878213459713,0.9013393135584241,-0.05613309355877372,0.9574724071171978
300.5392146263257,0.889080028102728,-0.06059985109121013,0.9496798791939381
300.5596472179386,0.876069469254373,-0.04956493240832849,0.9256344016627015
300.5800797095508,0.8706862274274089,-0.016351081707465798,0.8870373091348747
300.60051240092434,0.8693408529128339,0.0301683257373766,0.8391725271754573
300.62094499230443,0.8611800789690576,0.07111052610915569,0.7900695528599019
300.6413775834517,0.8380684671494583,0.0889196543928551,0.7491488127566032
300.66181017459166,0.8054415571582244,0.07985649388008953,0.7255850632781349
300.6822427656225,0.7685544262256162,0.041891812424460606,0.7266626138011556
300.70267535652965,0.7377565634459169,-0.018648878188226248,0.7564054416341431
300.7231079474441,0.7199688182340203,-0.09475027205963515,0.8147190902936554
300.74354053812567,0.7440693184899302,-0.15312742759969744,0.8971967460896276
300.76397312880727,0.8967333160356569,-0.09889784255876022,0.9956311585944171
300.7844056193644,1.1387626120670746,0.03960720626381464,1.09915540580326
300.8048383096975,1.3512048185490007,0.15537096264083505,1.1958338559081656
300.8252709000226,1.4592068018109428,0.18477150856157754,1.2744352932493652
300.8457033903542,1.404436796836567,0.07832119674282234,1.3261156000937446
300.86613608045445,1.3277862360111037,-0.017933701586833273,1.345719937597937
300.88656867043755,1.2590509361203963,-0.0734483448122798,1.3324992809326761
300.9070011604126,1.1988341636002295,-0.0912954890346207,1.2901296526348502
300.9274337502793,1.1458019355843692,-0.0802266568188017,1.2260285924031709
300.94786644002306,1.098116590327237,-0.05197676725356892,1.1500933575808059
300.9682990296569,1.055427884086657,-0.01764327187128245,1.0730711559579396
300.98873151929,1.0206533677647802,0.015820996632314843,1.0048323711324654
301.0091642086918,0.9922401831322862,0.03940159039932978,0.9528385927329565
301.02959679808555,0.9714205401927694,0.05036156050615759,0.9210589796866118
301.050029287253,0.953635452434507,0.04413285938817535,0.9095025930463316
301.07046197641466,0.9393810880360592,0.02493470320751201,0.9144463848285472
301.09089456558286,0.9271940549837452,-0.0021108188881766576,0.9293048738719218
301.11132705451746,0.9154461806934462,-0.03053988514000172,0.9459860658334479
301.1317596433364,0.9033494247963978,-0.053145573663771595,0.9564949984601694
301.15219233214884,0.8895494767158378,-0.06495324479958398,0.9545027215154218
301.1726248208506,0.8771690828904297,-0.05943966186233429,0.936608744752764
301.19305740943673,0.868402046259259,-0.03467138810122328,0.9030734343604823
301.2134900978999,0.866109171957811,0.00821729896413792,0.8578918729936731
301.23392258625245,0.8617018569492049,0.05351017217082554,0.8081916847783793
301.25435517460573,0.8445654357803936,0.08151591154727544,0.7630495242331181
301.27478776283533,0.814653324797186,0.08272070365172157,0.7319326211454644
301.2952203509558,0.779540012714506,0.05651838804295095,0.7230216246715551
301.3156529388434,0.7447563124178123,0.0030504544358807006,0.7417058579819316
301.3360855268402,0.7204260855368828,-0.06908243255102187,0.7895085180879047
301.3565181146114,0.7219571580277587,-0.14167327217479408,0.8636304302025528
301.3769507023826,0.806576722124597,-0.15062110212508562,0.9571978242496826
301.39738319002936,1.0597471910886098,-0.0004341940677383693,1.0601813851563482
301.4178158775685,1.2616878189565748,0.10084256876418451,1.1608452501923903
301.43824846499047,1.450264811484734,0.20278308632785147,1.2474817251568826
301.458680952288,1.435338457047123,0.12517243613211337,1.3101660209150097
301.4791135395935,1.3580503881387462,0.01582120171698942,1.3422291864217568
301.499546226667,1.2837267174502776,-0.05748858093839093,1.3412152983886685
301.51997881373245,1.218819824219961,-0.09035155469908318,1.3091713789190442
301.540411300688,1.164685001037356,-0.08753701542400916,1.252222016461365
301.5608439876378,1.1155228820871235,-0.06398096701721001,1.1795038491043335
301.58127657436125,1.0732654151179093,-0.028382036655864695,1.101647451773774
301.60170906108397,1.0388614204118998,0.009810361053545158,1.0290510593583546
301.62214174757537,1.0117521507589602,0.041509090875090915,0.9702430598838693
301.64257433405874,0.9893840277133401,0.05877948026371915,0.930604547449621
301.6630068205486,0.9704102721229769,0.0587582211559452,0.9116520509670317
301.68343940680643,0.952614402260725,0.04161098016811815,0.9110034220926069
301.7038720930577,0.9386529464901998,0.015635172818776244,0.9230177736714236
301.72430457919836,0.9257684385172015,-0.01422293438584965,0.9399913729030511
301.74473716522334,0.9136223244990321,-0.04007775732818897,0.9537000818272211
301.7651698511254,0.9009208991272342,-0.05609359173694939,0.9570144908641836
301.7856023370332,0.8859014714980594,-0.059406923810722545,0.945308395308782
301.80603492270893,0.8728784218233548,-0.04453390960164283,0.9174123314249977
301.82646760837815,0.8640416287263135,-0.011903201022257281,0.8759448297485708
301.8469001939375,0.8582166174573582,0.0312561934919231,0.8269604239654351
301.8673326793796,0.8445621770318403,0.06559472636409758,0.7789674506677428
301.88776526481524,0.8189451610014831,0.0774630206378758,0.7414821403636073
301.9081979501425,0.7858065319090471,0.062442601154198196,0.723363930754849
301.9286304353518,0.749527333890619,0.01831530453434549,0.7312120293562735
301.9490630204382,0.7205141672941945,-0.04758695143232561,0.7681011187265201
301.9694957054162,0.7093272069846684,-0.1235486188579823,0.8328758258426507
301.9899281903927,0.7508926822687058,-0.16923497352031025,0.920127655789016
302.0103607752462,0.9493521579566262,-0.07152353812363343,1.0208756960802596
302.0307933598742,1.1775058571840096,0.053672355985831866,1.1238335011981777
302.05122594461864,1.4048179248673573,0.18774643547100767,1.2170714893963497
302.07165852912294,1.4554107931916893,0.16561363164594178,1.2897971615457475
302.0920911136345,1.3818732261361641,0.047907911669233805,1.3339653144669303
302.11252379803045,1.3052267144739893,-0.04022844788784785,1.3454551623618372
302.13295628230117,1.2378663739398679,-0.08675727935356825,1.3246236532934361
302.1533888664635,1.180665441836799,-0.09548173732637344,1.2761471791631724
302.1738215506193,1.130549541090522,-0.07763348259713121,1.2081830236876532
302.19425403454807,1.0843057357589052,-0.04669003883631917,1.1309957745952244
302.2146866184776,1.0462558958651387,-0.00901764369636937,1.055273539561508
302.2351191024063,1.0158434973950834,0.025415427681259595,0.9904280697138238
302.2555517860965,0.9921668464016988,0.04901954639957817,0.9431473000021207
302.27598436979315,0.9725304178848604,0.056079093575022276,0.9164513243098381
302.29641685337265,0.9545871788319789,0.04519561056310839,0.9093915682688705
302.31684953683,0.93960700628413,0.022162422790548364,0.9174445834935816
302.3372821201774,0.9265298930596589,-0.006988476718495451,0.9335183697781544
302.3577146035241,0.9157204337552267,-0.033672729390783473,0.9493931631460102
302.3781472867486,0.9033799323268861,-0.0539632001439907,0.9573431324708768
302.4190123528606,0.870874617092541,-0.05890082181029854,0.9297754389028395
302.4394449358515,0.864349583597477,-0.02854805660749349,0.8928976402049705
302.4598776186176,0.8629493021323003,0.017089258810996544,0.8458600433213037
302.4803101014986,0.8561578932563176,0.059764480396694686,0.796393412859623
302.5007426841403,0.8362680158823543,0.08244555057069514,0.7538224653116592
302.52117536667356,0.8029748560439136,0.07552158060703829,0.7274532754368753
302.5416078492053,0.7677022549500544,0.04279022291428991,0.7249120320357645
302.56204043161415,0.7341600994858352,-0.016562514687992747,0.7507226141738279
302.58247301403026,0.7121918704834761,-0.09317771340498593,0.805369583888462
302.60290559621353,0.7245329466989539,-0.16047687114960696,0.8850098178485608
302.62333817838953,0.8442380494146263,-0.1376537014614544,0.9818917508760807
302.6437707604564,1.1140499780924926,0.028629229520604094,1.0854207485718885
302.66420334240684,1.3336459948280912,0.1499446953004242,1.183701299527667
302.68463592435,1.4746526729872906,0.20934636294046394,1.2653063100468267
302.7050685060676,1.4244126022609067,0.10342745003991771,1.320985152220989
302.725501187786,1.3417381585636279,-0.003293574453439252,1.3450317330170671
302.74593366949557,1.2680743735441036,-0.06801537530080348,1.336089748844907
302.76636625098035,1.2066850917397953,-0.09058163055493207,1.2972667222947274
302.7867987324644,1.150221148920506,-0.08532047166927081,1.235541620589777
302.80723141382623,1.100666543571238,-0.0599012160176553,1.1605677595888932
302.8276639950782,1.0561435116543112,-0.026936386528028766,1.08307989818234
302.84809657633014,1.0188231321131282,0.0056614540965329585,1.0131616780165953
302.8685291574584,0.9902576896594211,0.03158409266685658,0.9586735969925645
302.8889617384775,0.9694541778321832,0.045359819311787564,0.9240943585203957
302.9093943193802,0.952016666300868,0.042050413547038645,0.9099662527538294
302.92982690027566,0.9373627978754707,0.02433357746717213,0.9130292204082986
302.95025948106195,0.9246505437235578,-0.0023608257663819687,0.9270113694899398
302.9706920617318,0.9146037616398776,-0.029328573267788594,0.9439323349076661
302.9911245422845,0.9015140682277524,-0.05417505360533159,0.955689121833084
303.01155722283147,0.8880659296605458,-0.06758099199418088,0.9556469216547266
303.0319898032685,0.8741975176732109,-0.06575881764976399,0.9399563353229748
303.0524222835811,0.8647870075807611,-0.043580629832566053,0.9083676374133272
303.0728549639025,0.8628246106308557,-0.0015707043757053896,0.8643953150065611
303.0932875441067,0.8604962467790044,0.04569190212358987,0.8148043446554145
303.1137200241865,0.8453066329000213,0.07681138954462774,0.7684952433553935
303.13415260415786,0.8173074348491857,0.08232757288310244,0.7349798619660832
303.15458528413,0.7816701915231552,0.05896470602693893,0.7227054854962163
303.1750178639777,0.7460218654027793,0.008511909004518037,0.7375099563982612
303.1954503437155,0.7182443103784614,-0.06323154801037023,0.7814758583888316
303.2158830233384,0.712231808010566,-0.14015388026965137,0.8523856882802173
303.23631560295325,0.7743836893997637,-0.16948782546009633,0.94387151485986
303.2567480824582,1.0220062984698994,-0.024246602654058647,1.046252901123958
303.2771807618483,1.2478517848851765,0.09992599979144834,1.1479257850937281
303.29761324122956,1.4620013060463837,0.2249277445302067,1.237073561516177
303.31804582050245,1.4625171041306102,0.1590776822132305,1.3034394219173797
303.3384783996589,1.3807978271175247,0.0409500009243724,1.3398478261931523
303.3589109786917,1.3018253334152787,-0.041420554342684435,1.3432458877579632
303.3793435577318,1.2332006157578421,-0.08188560680323387,1.315086222561076
303.3997761366554,1.1741504105705858,-0.08684513422573725,1.260995544796323
303.4202087155718,1.1217060152685905,-0.06808210326886899,1.1897881185374595
303.4406412942626,1.0752576627985009,-0.03673442208828548,1.1119920848867864
303.4610738729534,1.035243331764726,-0.002893361871628697,1.0381366936363547
303.48150635152706,1.0035936318860852,0.026506690427678947,0.9770869414584062
303.50193903009495,0.9798408345250381,0.04514075826594688,0.9347000762590912
303.52237160866935,0.9617597905974441,0.048730538835820125,0.913029251761624
303.5428040870029,0.9462874364034953,0.03609540680426049,0.9101920295992348
303.5632367652288,0.9336041111817113,0.012678749921330557,0.9209253612603807
303.58366934345395,0.92274976145841,-0.014967936626408385,0.9377176980848184
303.6041018215619,0.9116931035554496,-0.04062623333239612,0.9523193368878458
303.62453449954774,0.8994989317420399,-0.057866210038801213,0.9573651417808411
303.64496707754006,0.8848542269806782,-0.06297125176855756,0.9478254787492357
303.66539955540793,0.8707637703624891,-0.051269694252151665,0.9220334646146408
303.6858321331674,0.8629863202925125,-0.019118675928858186,0.8821049962213707
303.7062648109277,0.8602044807630131,0.02652686551295802,0.8336776152500551
303.72669738844706,0.8485990461049284,0.06359219909691383,0.7850068470080146
303.7471298660894,0.8248501169308672,0.07928138500990478,0.7455687319209624
303.7675625435004,0.7944695585855837,0.07006207008579479,0.7244074884997889
303.78799512090336,0.755520046484602,0.027010939711560544,0.7285091067730415
303.80842759819643,0.7231521089451917,-0.03832343646833014,0.7614755454135218
303.8288602753746,0.7058497520623234,-0.11688617076808239,0.8227359228304058
303.84929285254475,0.7319685553415097,-0.1754592012748828,0.9074277566163925
303.869725329605,0.8994664359687946,-0.10751922285458926,1.0069856588233839
303.8901579065496,1.1706842079737905,0.060341030712814714,1.1103431772609758
303.91059058348765,1.413211044086834,0.20765773473764448,1.2055533093491895
303.93102306031506,1.4921277519161724,0.21055805298120012,1.2815696989349723
303.9514556370268,1.4177769410257535,0.08787708713862896,1.3298998538871245
303.97188831373205,1.331647756115113,-0.014201389318467594,1.3458491454335806
303.99232079032663,1.258507638529357,-0.07065976246545924,1.3291674009948162
304.01275336680555,1.195568604845542,-0.08841801505135094,1.283986619896893
304.0331859432772,1.1412239283530088,-0.07684385579494446,1.2180677841479532
304.0536186196405,1.0928490920475893,-0.04863620316208439,1.1414852952096737
304.0740510958858,1.048574883199786,-0.016399017568836216,1.0649739007686223
304.0944836721319,1.0136288025611913,0.015421473638281391,0.9982073289229099
304.11491634813865,0.986808441201137,0.03850082353461315,0.9483076176665238
304.13534882426757,0.9678054682439611,0.04898617176311015,0.9188192964808509
304.15578140015714,0.9513657844083143,0.042048048576324715,0.9093177358319896
304.17621407605475,0.9378064486606349,0.022093625396996663,0.9157128232636382
304.1966465518344,0.9254486054156488,-0.005731790482268906,0.9311803958979177
304.21707912761485,0.9147191538659347,-0.03283994738583551,0.9475591012517702
304.2375117032716,0.9031428034246168,-0.05382047280399316,0.95696327622861
304.2579442788192,0.8889427522698867,-0.06438911112338164,0.9533318633932684
304.2783768543595,0.8747635946029985,-0.058877961405649604,0.9336415560086481
304.2988094296743,0.8642672533928987,-0.03430454808300154,0.8985718014759002
304.3192420051055,0.8607424392782461,0.008239627056733423,0.8525028122215127
304.33967458030384,0.8543071810358345,0.05146505756439812,0.8028421234714364
304.3601071554949,0.8334598373634478,0.07466933293039368,0.7587905044330541
304.3805397306933,0.8023406525945811,0.07258589945075355,0.7297547531438275
304.4009723056515,0.7668871621974345,0.04321054647439615,0.7236766157230383
304.42140488061705,0.7325043614114206,-0.013058961149660764,0.7455633225610814
304.4418373554654,0.7073902462413043,-0.08908259944721797,0.7964728456885223
304.46227003031527,0.7102752446254977,-0.16285921003323167,0.8731344546587294
304.4827025050399,0.8018457700827308,-0.1664245654747507,0.9682703355574815
304.5031350797726,1.0824749722631173,0.010887868211753249,1.071587104051364
304.52356775426597,1.31932266914352,0.14805951017660535,1.1712631589669147
304.54400022876507,1.4929063826016542,0.2372026468036481,1.255703735798006
304.56443280326494,1.4511121211122238,0.13583389290543213,1.3152782282067916
304.58486547764915,1.3626057927433068,0.018861915380514294,1.3437438773627925
304.6052980519089,1.2836451207482082,-0.05549329798103475,1.339138418729243
304.62573052605876,1.2165097895722659,-0.08748083198009149,1.3039906215523573
304.6461631002094,1.1601707670074377,-0.08464676385750769,1.2448175308649454
304.66659577423707,1.1084133812029908,-0.06258749210538217,1.171000873308373
304.6870282482705,1.0651570916128794,-0.028074197750367347,1.0932312893632468
304.7074608221883,1.030990572098482,0.009214037421198418,1.0217765346772836
304.72789349598315,1.0056143878560255,0.04074013399159815,0.9648742538644274
304.74832596978376,0.9835837678077185,0.056079444623791774,0.9275043231839267
304.76875854346144,0.9651455976449286,0.05440171963318219,0.9107438780117464
304.78919111703,0.9491160833813156,0.0373054782325849,0.9118106051487307
304.8096236905985,0.935137646094728,0.010367532061480222,0.9247701140332478
304.83005626405065,0.9224873201419647,-0.01929524218372436,0.941782562325689
304.8504888374955,0.9099932379716308,-0.04467295181794484,0.9546661897895756
304.8709214107148,0.8957047264461196,-0.060799234957001236,0.9565039614031209
304.89135398404323,0.8805621554995381,-0.06245048239953688,0.943012637899075
304.9117865571461,0.8666660701651829,-0.046768630073751316,0.9134347002389342
304.93221923024976,0.8601700985292818,-0.010625115679486541,0.8707952142087684
304.9526517033519,0.8544380806445496,0.032961706397004575,0.821476374247545
304.97308427621465,0.8394537974311063,0.0652805338563438,0.7741732635747625
304.99351674920035,0.8130082871008136,0.07459493675796047,0.7384133503428532
305.0139494219475,0.7785635433169288,0.055681991083164295,0.7228815522337645
305.0343819947011,0.7424983863849584,0.008654842165313759,0.7338435442196446
305.0548145673383,0.7124890315712581,-0.06144311141672831,0.7739321429879864
305.07524713997554,0.7007712977382264,-0.14074144211600947,0.8415127398542359
305.0956797124891,0.7454888821005925,-0.1852514347700418,0.9307403168706343
305.11611228489346,0.9689143393547011,-0.06339431032768594,1.032308649682387
305.1365448572906,1.227740822862774,0.09296555082594216,1.1347752720368318
305.15697742957855,1.4654840989307432,0.239234969846156,1.2262491290845872
305.1774100018665,1.4830387123938311,0.18687214173911837,1.2961665706547127
305.1978424740373,1.3976096130174969,0.060743851432208285,1.3368657615852886
305.21827514608594,1.3135878290057699,-0.03111575815283496,1.3447035871586048
305.2387077181411,1.2407341702969161,-0.07979755586318737,1.3205317261601035
305.25914019007905,1.1790400090538995,-0.09042172916949931,1.2694617382233988
305.27957286189485,1.124607497535431,-0.07534918027960269,1.1999566778150337
305.30000543371716,1.0780070780630822,-0.04440579824675894,1.122412876309841
305.3204379055387,1.0394477167499059,-0.00801257812375078,1.0474602948736567
305.3408704771209,1.0098577698012419,0.025583891738037545,0.9842738780632043
305.36130314871116,0.9883954127131028,0.049220095416715126,0.9391753172963877
305.40216819176567,0.9433873807628367,0.03375941556683837,0.9096279651959983
305.4226008631231,0.9289928340710397,0.010050368566279944,0.9189424655047598
305.44303333447897,0.916962127875273,-0.01844022153810354,0.9354023494133765
305.4634659057119,0.9038227486596554,-0.04693971477112724,0.9507624634307826
305.4838985768365,0.8912624101231299,-0.06618548394574997,0.9574478940688799
305.50433104795957,0.8769480036843597,-0.07309657594556795,0.9500445796299276
305.5247636190761,0.8642581776162125,-0.062137107844547845,0.9263952854607603
305.54519608996634,0.8596048499286686,-0.028504064049430955,0.8881089139780995
305.5656287608581,0.8596755946435872,0.0192860508998135,0.8403895437437737
305.5860613317418,0.8528497809468786,0.06163574098756652,0.791214039959312
305.6064938025156,0.8307751528632775,0.08078748595924645,0.7499876669040311
305.62692647317454,0.797764821822004,0.07185440835457746,0.7259104134674266
305.6473590438254,0.7599080036569469,0.03357735570238174,0.7263306479545651
305.66779161436716,0.7253101226206414,-0.030053705960009114,0.7553638285806505
305.6882241849089,0.704553425408883,-0.10846717109192627,0.8130205965008093
305.70865675532696,0.717196054335648,-0.1777995265258333,0.8949955808614813
305.72908932563587,0.8517040420018426,-0.14145856187201522,0.9931626038738578
305.749521795944,1.1521805161294416,0.0554785865093399,1.0967019296201017
305.76995446613,1.4053788565171792,0.21169568026012175,1.1936831762570574
305.7903870363225,1.5123597545926124,0.2395225391606326,1.2728372154319798
305.8108195063978,1.4398626564633747,0.11461796579339834,1.3252446906699764
305.8312521764674,1.3494996643699941,0.0038495264130242735,1.3456501379569699
305.85168474642705,1.27003722429739,-0.06315729369963718,1.3331945179970273
305.87211721626954,1.2042814488203533,-0.08717052425500982,1.291451973075363
305.8925497861055,1.1468750116744435,-0.08088730533130528,1.2277623170057488
305.9129824558331,1.0945582609622249,-0.05742287967943849,1.1519811406416633
305.93341502555995,1.0493975362052397,-0.025458367556428385,1.074855903761668
305.95384749516234,1.011428942050591,0.005130936129245756,1.0062980059213453
305.9742801647735,0.9838068948792118,0.02996401951322558,0.9538428753659862
305.9947127342675,0.9635958932610388,0.04204284498688826,0.9215530482741505
306.0151452036371,0.9474789003655499,0.037944833517545073,0.9095340668480049
306.0355778730154,0.9331396355542044,0.01899388611780617,0.9141457494363983
306.0560104422766,0.9206733934629795,-0.008184302182994707,0.9288576956459742
306.07644291152974,0.9080450655710016,-0.03755086785467365,0.9455959334256753
306.0968754806745,0.8960779064663486,-0.06026581114300089,0.9563437176093494
306.1173081497036,0.8818848847386709,-0.0728298142191105,0.9547146989577814
306.1377406187239,0.8674634946449545,-0.06976227787788414,0.9372257725228387
306.15817318775225,0.8596137722405207,-0.04443056476471752,0.9040443370052382
306.17860585666494,0.8595479137706015,0.0004690431995361122,0.8590788705710654
306.1990383254524,0.8579584989184508,0.04856597954595232,0.8093925193724985
306.21947089424793,0.8406626969829534,0.07663103369332047,0.7640316632896329
306.2399035629278,0.8099867020104495,0.07751305259262342,0.7324736494178261
306.2603361315996,0.7740280863627682,0.05107848324012765,0.7229496031226406
306.28076860016154,0.7377239539809238,-0.0032071549137665523,0.7409311088946904
306.3012011687242,0.7096339621886906,-0.07840963615721697,0.7880435983459075
306.321633837164,0.7039797462984947,-0.1576135497862755,0.8615932960847702
306.34206630549306,0.7736159840853846,-0.1811799036739088,0.9547958877592934
306.3624988738229,1.003490244075019,-0.05419492058515574,1.0576851646601748
306.3829314420291,1.311036150962438,0.1524911713840491,1.1585449795783889
306.4033640102425,1.5135053223321733,0.2678580955780465,1.2456472267541268
306.42379657845595,1.479601000792231,0.17059646492151992,1.309004535870711
306.44422924643004,1.386142750433165,0.04428820989725635,1.3418545405359086
306.4646617145263,1.3022755181651093,-0.03935740456657033,1.3416329227316797
306.4850942823905,1.230684442235205,-0.07959538887234996,1.310279831107555
306.50552675024664,1.1693467439292948,-0.08448430960994924,1.253831053539244
306.5259594181116,1.1161042920227875,-0.06526252917007502,1.1813668211928625
306.5463919858594,1.0682439910444697,-0.03525785252580116,1.1035018435702708
306.5668244535991,1.026776131609306,-0.00388444938457444,1.0306605809938805
306.5872571211148,0.9956498328497663,0.024215591726934105,0.9714342411228322
306.6076896887462,0.9738162595852756,0.04252442256101363,0.931291837024262
306.6281221562531,0.9573141619892251,0.04546682926566881,0.9118473327235563
306.6485547236516,0.9426055549801369,0.03179699326738861,0.9108085617127483
306.6689873910509,0.929408217418037,0.0068065175917509935,0.922601699826286
306.689419858325,0.9177498016408591,-0.021805980841660855,0.9395557824825199
306.7098524256071,0.9064350413924507,-0.047004764431932244,0.9534398058243829
306.73028509288997,0.8930884781940981,-0.06399097769300921,0.9570794558871073
306.7507175599312,0.8781254277103218,-0.06764837233659993,0.9457738000469217
306.7711501269805,0.8656423308307432,-0.05261996078482911,0.9182622916155723
306.79158279403055,0.8601935281664431,-0.016878846685000726,0.8770723748514438
306.81201536095614,0.8574409223602802,0.029256941213791965,0.8281839811464883
306.83244782788825,0.8437081331613345,0.06364702709989856,0.780061106061436
306.8528803947047,0.8177898757478456,0.07557530210602958,0.742214573641816
306.87331306151464,0.7827123388228346,0.05917290969940303,0.7235394291234316
306.8937455282139,0.7464815029509541,0.015774911039211026,0.730706591911743
306.91417809479753,0.7145215511597607,-0.05236583256359495,0.7668873837233556
306.93461076137464,0.6985498679653819,-0.13248263298148166,0.8310325009468635
306.9550432279575,0.7266778295203062,-0.19115379536164656,0.9178316248819528
306.9754757944247,0.9215781122809797,-0.09679977223288316,1.018377884513863
306.9959084608854,1.2142140406147484,0.09279117458533914,1.1214228660294092
307.01634092723543,1.4674505590424398,0.25242050445530584,1.215030054587134
307.0367734934698,1.5082257219066293,0.21986522248505458,1.2883604994215747
307.0572060596969,1.420464957899284,0.08717937729801029,1.3332855806012738
307.07763862581487,1.330857103915888,-0.01472268235115326,1.3455797862670413
307.09807119204925,1.2562776716821813,-0.0692124330776882,1.3254901047598695
307.1185037580435,1.1916623400121356,-0.08593308303553093,1.2775954230476665
307.1389364240458,1.1354466560753178,-0.07453635622757071,1.2099830123028885
307.1593688899302,1.0849981217444058,-0.04788754596861078,1.1328856677130166
307.17980145580805,1.040143878053002,-0.016858223815097384,1.0570021018680993
307.20023412169394,1.0050787810839716,0.013285168850395102,0.9917936122335765
307.2206665874619,0.9794163837539465,0.035386388191541385,0.9440299955624051
307.2410991531069,0.9612383268637898,0.04441273189387662,0.9168255949699132
307.2615317187592,0.9466151632483253,0.03728788950502371,0.9093272737433016
307.2819642844115,0.9328074876633394,0.01571850191765012,0.9170889857456893
307.3023968499401,0.9209477964554377,-0.012117723550107429,0.9330655200055451
307.3228294153596,0.9097213450837713,-0.039324143563186476,0.9490454886469578
307.34326198077906,0.8959161955926286,-0.06135548382114875,0.9572716794137773
307.36369454607484,0.8811762002514458,-0.07078920598042293,0.9519654062318688
307.3841271113779,0.8671010944013375,-0.06338741882521493,0.9304885132265525
307.40455967668095,0.8586873084140471,-0.03525172198025883,0.8939390303943059
307.4249922418603,0.8556495535328231,0.00857597546616573,0.8470735780666574
307.44542480693053,0.8473732183802603,0.04980819811575543,0.7975650202645048
307.4658572721164,0.8261402981233597,0.07142208360145519,0.7547182145219045
307.4862899370637,0.7945600197638943,0.06670115333321658,0.7278588664306778
307.5067225020175,0.7579335897725987,0.03326100229946505,0.7246725874731337
307.52715496697056,0.723002426838291,-0.02676962287152984,0.7497720497098208
307.54758763180143,0.6988367766459316,-0.10491014960712608,0.8037469262530577
307.56802009652165,0.7041618757117696,-0.1786944732424116,0.8828563489541812
307.58845266135904,0.8096975532093454,-0.169737168129673,0.9794347213390184
307.6088852259563,1.1207988034224485,0.037859212919770346,1.0829395905026782
307.62931789056165,1.3811428626524025,0.1996558318580013,1.1814870307944012
307.64975035516545,1.5229256587217244,0.2593094902935402,1.2636161684281841
307.6701829196536,1.4590360855887388,0.13902940980087064,1.3200066757878681
307.69061558413523,1.3655748649903814,0.020721289377545027,1.3448535756128364
307.7110480485062,1.283644546719469,-0.053045868378404526,1.3366904150978736
307.73148061287066,1.2143930381684738,-0.08412737134370052,1.2985204095121743
307.75191327712673,1.154036092493051,-0.08320369039121012,1.2372397828842612
307.7723457413813,1.1022866075094957,-0.0601701512851307,1.1624567587946264
307.7927783056366,1.0584732805502683,-0.026425289125804108,1.0848985696760725
307.81321076976747,1.0245747481699157,0.009888902331446126,1.0146858458384695
307.8336434337907,0.9995049380927535,0.03975643069613699,0.9597485073966165
307.8540759978059,0.9798979854654317,0.055239817269916,0.9246581681955157
307.8745085618284,0.9626334386715637,0.05257924455005669,0.910054194121507
307.8949411257345,0.9470299259421909,0.03426750729738137,0.9127624186448096
307.91537368952413,0.9324583745185541,0.005887757063540611,0.9265706174550135
307.9358062534229,0.9202036957330151,-0.023318112764620258,0.9435218084976353
307.9562389170969,0.9078102441857933,-0.04768622510741083,0.9554964692932041
307.9766713807621,0.8925792885217662,-0.0632270139683645,0.9558063024901307
307.99710394443537,0.8774003902523602,-0.06312143748489363,0.9405218277372538
308.01753640810784,0.8648512357085858,-0.04444916406807442,0.9093003997766602
308.03796907154174,0.8609212617422176,-0.004646533433100175,0.8655677951753178
308.05840163509856,0.855753088138474,0.039732577771404265,0.8160205103670697
308.0788340985382,0.8404664162206622,0.07094283574403182,0.7695235804766304
308.0992667618557,0.8106521484785079,0.0750587244567189,0.735593424021789
308.1196993251797,0.7756203448292226,0.05289743258794488,0.7227229122412777
308.1401318885037,0.7384971296711867,0.0016684065839622786,0.7368287230872245
308.160564451704,0.7081191561020989,-0.07197539649327422,0.7800945525953731
308.18099701491155,0.6973576942941274,-0.15305032038551392,0.8504080146796413
308.2014295780027,0.7497231413604281,-0.19177276471892812,0.9414959060793562
308.22186204108584,1.0076675957476895,-0.036076137004560804,1.0437437327522503
308.24229470406135,1.285826462590309,0.1402515858730633,1.1455748767172458
308.2627272670361,1.5149199957016755,0.2797630542776566,1.2351569414240189
308.2831597300101,1.498322176992354,0.1961477484739218,1.3021744285184322
308.3035923928619,1.4036429897585168,0.06427975264883168,1.339363237109685
308.3240249556038,1.3170690145271884,-0.02649286128709072,1.343561875814279
308.3444574184541,1.242410544744433,-0.07370421631247037,1.3161147610569033
308.3853226438223,1.1249395541120348,-0.06669847965092401,1.1916380337629588
308.40575510644703,1.0747209528439994,-0.039147514733095745,1.1138684675770951
308.42618766894884,1.0321222538576755,-0.007674011200630604,1.0397962650583061
308.4466203314587,0.9993617130753109,0.021016774768409907,0.978344938306901
308.46705279395974,0.97577490448226,0.04031595807969646,0.9354589464025636
308.4874853563524,0.9584794236197296,0.04519207230999833,0.9132873513097313
308.5079180186294,0.9439913729340242,0.03395085504861317,0.9100405178854111
308.52835048102133,0.9304771464908959,0.00995075712075899,0.9205263893701369
308.5487830432903,0.9179083250914244,-0.019363176589525244,0.9372715016809496
308.5692157054509,0.9056063648024383,-0.0464183533653052,0.9520247181677435
308.5896481676027,0.891609537018691,-0.06577076708813923,0.9573803041068302
308.61008072976256,0.8767877014884756,-0.07144961018483154,0.9482373116733072
308.6305131918052,0.8639176261679543,-0.058921031154529735,0.922838657322484
308.6509458538494,0.8620494107695048,-0.02115825082108802,0.8832076615905928
308.67137841576914,0.86393019796591,0.02902560930958986,0.8349045886563201
308.69181097769615,0.8554524977366424,0.06931738735299897,0.7861351103836435
308.71224353949947,0.8307533756613367,0.08438897391345423,0.7463644017478824
308.73267610131006,0.7947120040585802,0.07004451516813859,0.7246674888904416
308.75310866312066,0.7566343619229768,0.028536864131008755,0.7280974977919681
308.77354122481484,0.7214755238314994,-0.03887567853375984,0.7603512023652592
308.79397378650174,0.700560079924582,-0.12040307327904287,0.8209631532036249
308.8144063480795,0.7198317435109968,-0.18534035546523908,0.9051720989762359
308.8348388096565,0.8816762196027302,-0.12281455284815401,1.0044907724508843
308.85527147122775,1.1973391074247364,0.08944280645122893,1.1078963009735074
308.8757040326891,1.454746348544978,0.2513057204644178,1.2034406280805603
308.8961364941497,1.5248206661449013,0.24478443959740126,1.2800362265475
308.9165691554881,1.4411173706381857,0.11200622990559683,1.3291111407325888
308.93700171683304,1.3489593256152206,0.0030921330019104687,1.3458671926133101
308.9574341781772,1.2680619453487971,-0.06188218037580051,1.3299441257245976
308.9778668393992,1.1999542054338688,-0.08541880502981591,1.2853730104636847
308.99829940062773,1.1406066028592223,-0.07923404053483019,1.2198406433940525
309.01873196173983,1.0882670972484114,-0.05511714680370439,1.1433842440521158
309.0391644228439,1.0418321361183893,-0.02491057785759576,1.066742713975985
309.05959708395676,1.0053531052711984,0.005717895326964095,0.9996352099442343
309.08002964494517,0.9785246708687688,0.029262894351308466,0.9492617765174604
309.1004621059401,0.9604877857813968,0.041226658098366675,0.9192611276830301
309.12089476682013,0.9448466615333847,0.03554145433858469,0.9093052071948
309.1413273276994,0.9311401280543955,0.015755339324876272,0.9153847887295192
309.16175978857063,0.9180447438113442,-0.012682576339899332,0.9307273201512435
309.18219244933425,0.9061081518607133,-0.041077100620691365,0.9471852524814046
309.20262501008983,0.8918780085348507,-0.06496856284200148,0.9568465713768521
309.2230574707355,0.876246078888949,-0.07734319145102109,0.9535892703399701
309.24349003138195,0.8626929273252257,-0.07161212770661884,0.9343050550318446
309.26392269202915,0.8558570786125659,-0.043722484767708125,0.899579563380274
309.28435515255114,0.8571118626251276,0.003403589044946753,0.8537082735801809
309.30478771308117,0.8555072834497406,0.05147070760213768,0.8040365758476029
309.3252203736047,0.8338833111927825,0.07414420546150613,0.7597391057312763
309.3456529340183,0.8032173187049724,0.07297934017206709,0.7302379785329053
309.3660853943147,0.7653282538902219,0.041799121192494515,0.7235291326977273
309.3865180547291,0.7290797877510591,-0.015626030541342484,0.7447058182924016
309.406950615019,0.7007800428429015,-0.09414994152006317,0.7949299843629647
309.42738307519903,0.7001247147499337,-0.17090961901206914,0.8710343337620028
309.4478156354962,0.7846115301537987,-0.1812203347394472,0.9658318648932459
309.46824819566973,1.0876294892281142,0.01854422171633585,1.0690852675117783
309.4886807557341,1.3544114477245912,0.18542152874690299,1.1689899189776882
309.50911331579846,1.5248813466387323,0.2709557088172245,1.2539256378215078
309.52954587585555,1.474355898327038,0.16016204355200236,1.3141938547750356
309.5499784358035,1.3792344919080883,0.035778141582732736,1.3434563503253556
309.57041099575144,1.2944154645715713,-0.0452257995632841,1.3396412641348554
309.5908435556921,1.2228191317850008,-0.08235136276595711,1.305170494550958
309.61127611552365,1.1613028371934195,-0.08517249835973706,1.2464753355531566
309.6317086753552,1.1063850755534759,-0.06650021258634364,1.1728852881398195
309.6521411351787,1.0583464296835081,-0.03673256338481745,1.0950789930683256
309.67257379489456,1.0187948373126468,-0.0045601701728168464,1.0233550074854636
309.69300635449326,0.988991812794777,0.022973300455592205,0.9660185123391848
309.71343881420034,0.9687375638036833,0.040598910908606345,0.9281386528950769
309.7338714737998,0.9541633179657139,0.043272539704021895,0.910890778261692
309.7543040333985,0.9395207877830923,0.027939444543762515,0.9115813432393298
309.77473649287276,0.9272307444923952,0.0028909403578848414,0.9243398041345103
309.7951691523558,0.9158489397505599,-0.02550630692868394,0.9413552466792439
309.8156017118308,0.9032040830307597,-0.05123028631910875,0.9544343693498685
309.8360342711967,0.8891169745592944,-0.06749431417191865,0.956611288731213
309.8564667305618,0.8749071833611334,-0.06861806472186494,0.9435252480829983
309.87689938992844,0.8617028180522468,-0.05262324453960687,0.9143260625918537
309.8973319491706,0.858860157831245,-0.013088703920792644,0.8719488617520377
309.9177644084193,0.8551390728461514,0.0324360004750055,0.8227030723711459
309.93819706754584,0.8405272762421853,0.0652841063749201,0.7752431698672652
309.9586296266789,0.8128812327135527,0.07378511489837314,0.7390961178151796
309.97906208581117,0.77727135013225,0.05428421584557541,0.7229871342866746
309.99949474494497,0.7401404585174329,0.00688357182533772,0.7332568866920952
310.0199273039543,0.7089360796765514,-0.06370126114375463,0.772637340820306
310.0403597629702,0.695192864474491,-0.14440716746757065,0.8396000319420617
310.0607923218704,0.7353376832881988,-0.19305965974051287,0.9283973430287117
310.0812249807641,0.9608154453722292,-0.06897874340004206,1.0297941887722712
310.10165743966354,1.2509322423912554,0.11855250119293337,1.132379741198322
310.12208999856375,1.4904597504626307,0.2662056124833512,1.2242541379792795
310.14252265734103,1.5038625737593911,0.20906158714104373,1.2948009866183474
310.16295521612483,1.414367939501247,0.0780965522663708,1.3362713872348762
310.18338767479145,1.3252081997794605,-0.019707445012222102,1.3449156447916826
310.2038203334523,1.2488869217381737,-0.07258888302669164,1.3214758047648654
310.2242528921197,1.1828680660674908,-0.08809938291867958,1.2709674489861704
310.2446853506699,1.1259830018171906,-0.07580535859210702,1.2017883604092976
310.26511790933,1.0753958505530123,-0.04891005540461979,1.1243059059576321
310.2855505677653,1.0322641230829375,-0.0169011219810129,1.0491652450639504
310.3059830263155,0.9998552340064827,0.014257873423249467,0.9855973605832332
310.3264155847428,0.9786401683236786,0.038634410184703705,0.9400057581389749
310.3468482431781,0.9615544314500534,0.04648087433406778,0.9150735571159856
310.3672807014955,0.9458854082847632,0.036362377440979476,0.9095230308437837
310.38771325980633,0.9319654551815553,0.013400879308057778,0.9185645758734975
310.40814591812523,0.9188181027895214,-0.016131427055502412,0.9349495298450238
310.4285783764426,0.9071300175327369,-0.043306180193385946,0.9504361977261229
310.44901093463704,0.8934460537185828,-0.06396848319468129,0.9574145369132641
310.46944349283876,0.8777933649192942,-0.0726087955100998,0.950402160429394
310.48987605092407,0.8632821313743019,-0.06387097342152581,0.9271531047958277
310.5103086091185,0.8561332723510492,-0.03304951800430034,0.8891827903553495
310.5307411672038,0.8545022594736787,0.012887292887869828,0.8416149665858089
310.5511737251727,0.8448240477146789,0.0524520470987887,0.7923720006158902
310.5716062831343,0.8229296006353528,0.07208682501410257,0.7508427756212502
310.5920388411032,0.7901821044483501,0.06392937413834954,0.7262527303100006
310.6124713990721,0.7534429436545668,0.027429976478397067,0.7260129671761697
310.6329039569173,0.7188609923311818,-0.035469965609601695,0.7543309579407835
310.6533364148854,0.69542575305185,-0.11589704425081393,0.8113227973026639
310.6737689726215,0.7078625682372597,-0.184923664313017,0.8927862325502767
310.69420163046743,0.8376594221245757,-0.15301835548709153,0.9906777776116672
310.7146341882035,1.1578963112418543,0.06367061424810805,1.0942256969937463
310.7350666459388,1.416814888031875,0.22531042572398463,1.1915044623078903
310.7554993035519,1.5223629807868182,0.2511524123360034,1.2712105684508148
310.77593186117156,1.4487845930630163,0.12443661580353105,1.3243479772594853
310.79636431879044,1.3556812136790104,0.010121097181603256,1.3455601164974071
310.81679697640357,1.2752090563604954,-0.058668659872705975,1.3338777162332014
310.8372295339068,1.2059802763005207,-0.08679105597722758,1.2927713322777483
310.85766199140926,1.1470065263144906,-0.08249598333239927,1.22950250964689
310.8780945489052,1.095932961248008,-0.05795050863181328,1.1538834698798213
310.8985272064092,1.0529374031396626,-0.02372260310753771,1.0766600062472003
310.91895966379525,1.0200708409206394,0.012285766879972293,1.007785074040667
310.9393922211748,0.9961256973706629,0.04125801872795143,0.9548676786427115
310.95982487844594,0.9782296244006431,0.056166098037276346,0.9220635263633667
310.980257335832,0.9618205182993943,0.0522443762800654,0.9095761420193289
311.0006898930951,0.9461664490519006,0.03231735315487316,0.9138490958970275
311.02112255024986,0.9337422150010469,0.005333757822494456,0.9284084571785525
311.04155510752025,0.9214966942246995,-0.023702601469630435,0.9451992956943299
311.0619875646662,0.9080171299905117,-0.048166568186680636,0.9561836981771923
311.0824201218202,0.8922859808285469,-0.06263253633825228,0.9549185171667992
311.1028527788585,0.8771400302084805,-0.06069750553555864,0.9378375357440392
311.12328523600445,0.8659228886848275,-0.03909215701505697,0.9050150456998844
311.143717793042,0.8643415671802358,0.004069822575436199,0.8602717446047996
311.1641504499639,0.8582652021650631,0.04766091443658216,0.8106042877284809
311.18458290699346,0.839762376992074,0.07473331868380872,0.7650290583082653
311.2050154639146,0.809398317998634,0.0763664744356396,0.7330318435629944
311.2254481208365,0.7727679527958577,0.04987466116391914,0.7228932916319386
311.2458805776332,0.7361877413685142,-0.003980166473182778,0.740167907841697
311.26631313455437,0.7066398803120293,-0.07994367301642513,0.7865835533284544
311.2867456913591,0.701091328428978,-0.15846062544062434,0.8595519538696024
311.30717824815656,0.7694551154472259,-0.18292683528659703,0.9523819507338229
311.3276108048449,1.052564834057753,-0.0026039159304507287,1.0551687499882036
311.3684760182732,1.526285352326205,0.2825000120797856,1.2437853402464194
311.38890847490256,1.4962567314065878,0.18844076193643544,1.3078159694701523
311.4093410315909,1.4035201516766285,0.06206306480664692,1.3414570868699816
311.4297736881563,1.3170614507620015,-0.024973461816175657,1.3420349125781772
311.4502061447274,1.2417501170888807,-0.06963133481371608,1.3113814519025968
311.4706387012411,1.1787930280630696,-0.07664907159587142,1.255442099658941
311.4910711577468,1.121214238799186,-0.06202654096502003,1.183240779764206
311.511503814203,1.0715537854559585,-0.03381930743352202,1.1053730928894805
311.5319363706585,1.0295139018798736,-0.0027761445294420817,1.0322900464093157
311.55236882704776,0.999368239805497,0.026722030605589864,0.9726462091999072
311.5728014834458,0.9769978043615611,0.04500083259927534,0.9319969717622858
311.5932340397849,0.9598515669128634,0.04779613767403734,0.9120554292388261
311.6136664961159,0.9455428842627971,0.03492256598213839,0.9106203182806587
311.63409915239754,0.9328408607437493,0.010654934868184807,0.9221859258755645
311.6545317086784,0.9203207878061235,-0.01879456101283794,0.9391153488189614
311.674964164893,0.9076838497305939,-0.04548754896713614,0.95317139869773
311.6953967211157,0.8935508708568927,-0.06358478669037204,0.9571356575472647
311.7158293772809,0.8782719097148739,-0.06796039440304713,0.946232304117921
311.7362618334373,0.8664700254730187,-0.052639578423468336,0.919109603896487
311.75669438954355,0.8666298912805447,-0.011573115309705173,0.8782030065902499
311.77712704565056,0.8689908330683971,0.03957467763217515,0.8294161554362219
311.79755950169056,0.8573817805403223,0.07621357087360081,0.7811682096667215
311.8179920577386,0.8294531312293821,0.08648980826098529,0.7429633229683968
311.8384247137292,0.7931296647437536,0.06939823467655326,0.7237314300672003
311.858857169711,0.7537826751849185,0.023567782993284436,0.730214892191634
311.8792897257008,0.7200586687395526,-0.045623235906965376,0.765681904646518
311.8997222815742,0.7020719142015288,-0.12711765331834046,0.8291895675198693
311.9201549374993,0.7328132145772178,-0.18271517828148431,0.9155283928587021
311.94058739337197,0.9255004006322733,-0.09036389930697708,1.0158642999392504
311.9610199491872,1.2215682138164043,0.1025792744484395,1.1189889393679648
311.98145260499587,1.4641506643748317,0.2511878711835056,1.212962793191326
312.0018850608103,1.5067259318965882,0.2198290365098301,1.286896895386758
312.0223176165673,1.4256920541926035,0.0931104619073233,1.3325815922852802
312.0427502722596,1.3388860488920453,-0.006799760866745386,1.3456858097587907
312.0631827279576,1.2643931679274074,-0.06195270056286151,1.326345868490269
312.0836152836564,1.1963636670112945,-0.08267819636803209,1.2790418633793266
312.1040478392897,1.137022883175134,-0.07476727807241179,1.2117901612475457
312.1244803949303,1.0846552133713476,-0.050134241878306396,1.134789455249654
312.14491295051266,1.0393858911992895,-0.01936330220451632,1.0587491934038058
312.16534550608776,1.004347000394755,0.011166840034102732,0.9931801603606523
312.18577806167013,0.9785376959612899,0.033606239198846755,0.9449314567624432
312.2062106171943,0.9604965517301413,0.04328190290291667,0.9172146488272246
312.226643172653,0.9463940775226716,0.03712202339304438,0.9092720541296272
312.2470758281197,0.9320964261159987,0.015360194255536919,0.9167362318604618
312.2675082835849,0.9196336779858427,-0.012976047746189101,0.9326097257320318
312.2879408390436,0.9067673391334582,-0.04192335483754395,0.9486906939710021
312.3083734943939,0.8928325101669042,-0.06435889039729625,0.9571914005642005
312.3288059498009,0.8778915011829252,-0.07437703269800933,0.9522685338809346
312.34923850514315,0.8631233893268054,-0.06807355541793825,0.9311969447447437
312.3696710604345,0.8576719914598095,-0.03730882049026307,0.8949808119500726
312.3901036157258,0.8612471257252632,0.012954102135469991,0.8482930235897932
312.4105361710099,0.8540848540450183,0.05533673752581325,0.7987481165192051
312.430968726243,0.8314765543267799,0.07584765650139302,0.7556288978253869
312.45140128147614,0.7990550932745466,0.07077402218854778,0.7282810710859988
312.471833836702,0.7621473709079514,0.03769900621536282,0.7244483646925886
312.4922663918769,0.7259654353851429,-0.022867342749701813,0.7488327781348447
312.5126989469936,0.7008900437602915,-0.1012384681403139,0.8021285119006054
312.53313150216127,0.707794885993067,-0.17290503415777692,0.8806999201508439
312.5535639572772,0.8140036207981668,-0.1629624281652765,0.9769660489634433
312.5739965123357,1.1209712460702,0.04053172211616429,1.0804395239540356
312.5944291673877,1.3691782762893387,0.1899300275026825,1.1792482487866562
312.61486162244546,1.5088445844192488,0.24694484739303757,1.2618997370262113
312.63529417744576,1.453614908580431,0.1346119195899329,1.3190029889904982
312.65572683243954,1.3653314718443554,0.02067701310967318,1.3446544587346823
312.6761592874391,1.285276604024078,-0.05200031883025691,1.3372769228543349
312.69659184238117,1.2164246459401955,-0.08334363598324934,1.2997682819234448
312.71702449731674,1.1546193781916747,-0.08432209322443818,1.2389414714161129
312.7374570522006,1.1007213993647833,-0.06363452970250316,1.1643559290672865
312.75788950708375,1.0531615391517597,-0.03357194786585982,1.0867334870176195
312.77832206190214,1.014787357140494,-0.0014412259727565324,1.0162285831132505
312.7987547167868,0.9872505464212317,0.026408226589070827,0.9608423198321608
312.8191871716117,0.9678634959045195,0.042625237636208846,0.9252382582683106
312.83961972637917,0.9528661024750362,0.042712636888504685,0.9101534655865315
312.8600523811401,0.9391033899500237,0.026602449421199936,0.9125009405288238
312.8804848359068,0.9275042297489919,0.0013750859641906699,0.9261291437848013
312.9009173906088,0.9165857991475714,-0.026519914632718744,0.9431057137802902
312.92135004531883,0.9045633158102103,-0.05073203819911398,0.9552953540093243
312.94178250002733,0.8901550194938272,-0.06580193663736655,0.9559569561311938
312.9622150546784,0.8750862215202662,-0.06599455269285126,0.9410807742131174
312.98264760932216,0.8635116351773663,-0.04671903766743435,0.9102306728448006
313.0030801639732,0.8614192447950711,-0.0053241942445737545,0.8667434390396449
313.0235127185588,0.8579481991548978,0.04070274205693725,0.8172454570979606
313.0439452731516,0.8407528581196546,0.07018772643181692,0.7705651316878377
313.06437782774447,0.8117604308284488,0.07553722851852174,0.7362232023099271
313.0848103822718,0.7755318911126087,0.05277540071561282,0.7227564903969959
313.10524293680646,0.7392737653085991,0.003112922020155451,0.7361608432884437
313.12567559128365,0.709110866632043,-0.06961033704872921,0.7787212036807722
313.14610804581025,0.6998116200903225,-0.14861941065491457,0.8484310307452371
313.1665406002867,0.7552259769175655,-0.18388690127944463,0.9391128781970102
313.18697305470414,1.0065669180859198,-0.034652499616075305,1.041219417701995
313.20740570911585,1.2677479998203909,0.12454533438546633,1.1432026654349245
313.22783826353407,1.4825947861668554,0.2493797752628648,1.2332150109039905
313.2482708179523,1.480411811004176,0.17952753568386592,1.30088427532031
313.268703372305,1.3990455858237292,0.06018973459160448,1.3388558512321247
313.28913592666504,1.3148716690492062,-0.028989114815115125,1.3438607838643213
313.30956848102505,1.2411771513637138,-0.07595636345560819,1.317133514819322
313.3300010353196,1.1775656966479529,-0.08654933196641745,1.2641150286143703
313.3504335896214,1.1210681681755266,-0.0724270862064409,1.1934952543819675
313.3708661439232,1.0717769003611222,-0.04398105869387936,1.1157579590550015
313.39129859815876,1.0344015542390554,-0.007071921174632845,1.0414734754136883
313.4117312524031,1.0060517399964302,0.02642938659573335,0.9796223534006968
313.4321638066467,0.9838399050718617,0.04760495969338052,0.9362349453784812
313.45259626088955,0.9661206981779301,0.05256197974716437,0.9135587184307657
313.4730289150684,0.9504803436775732,0.04058369567773801,0.9098966479998352
313.4934614692538,0.9368693430013298,0.016740205755777393,0.9201291372455525
313.51389392337296,0.9234176764962264,-0.013403892034129394,0.9368215685303558
313.5343265775591,0.9108611764952129,-0.04086133234964995,0.9517225088448629
313.5547591316863,0.8972708250242983,-0.060115700935451266,0.9573865259597496
313.5751915857545,0.8807841351150388,-0.06785714630703621,0.948641281422075
313.5956242398752,0.8661059419372532,-0.05753308408937674,0.92363902602663
313.61605679394415,0.8604170740016718,-0.023893739623597754,0.8843108136252695
313.6364892480051,0.8597783353036785,0.02364064424040324,0.8361376910632753
313.65692180207407,0.8478623963263587,0.06058769978438805,0.7872746965419707
313.6773544560856,0.8211727650926223,0.07399768915472926,0.747175075937893
313.6977869100956,0.7860541187632655,0.06111025970341122,0.7249438590598543
313.7182194640991,0.7487109370396502,0.021010077616818945,0.7277008594228312
313.7386521180524,0.7149774989278634,-0.04426019442840656,0.75923769335627
313.75908457205514,0.6958129026360779,-0.12338195869641078,0.8191948613324886
313.7795171260077,0.7181657685447091,-0.18474744405831645,0.9029132126030256
313.7999497799028,0.8789031244051642,-0.12308263145686271,1.0019857558620269
313.8203822338546,1.1692114936287754,0.06378061781248823,1.1054308758162872
313.8408147877417,1.4064734873101206,0.20516843351913905,1.2013050537909815
313.86124734163604,1.483755027371109,0.20527685320213496,1.2784781741689741
313.8816798955231,1.416699691822034,0.08840115586996178,1.3282985359520723
313.90211244935927,1.330922688684511,-0.014942991664265382,1.3458656803487763
313.9225450032536,1.2563942397475385,-0.07431346143644912,1.3307077011839876
313.94297765702504,1.1905287585464444,-0.09622561009503272,1.286754368641477
313.9634101108604,1.1314997141278451,-0.09011728689737519,1.2216170010252203
313.98384266469657,1.081085526246383,-0.06420800575781405,1.145293532004197
314.004275318468,1.0414363113783616,-0.02709004200420706,1.0685263533825686
314.02470777224516,1.0095881435653682,0.008506667778238608,1.0010814757871296
314.0451403260231,0.9866904801361658,0.03645677966231842,0.9502337004738474
314.0655727798003,0.9682411215760635,0.048523349728818665,0.9197177718472448
314.0860054335135,0.9517016569656497,0.04239905718843062,0.9093025997772191
314.1064379872332,0.9370076815320441,0.021946865134641613,0.9150608163974024
314.1268705409457,0.9251579616903973,-0.00511472343639674,0.9302726851267941
314.1473030946654,0.9130745110293429,-0.03373067424959131,0.9468051852789342
314.1677356483269,0.9002358751847431,-0.056485327291958876,0.956721202476702
314.18816820204665,0.8847715816869444,-0.06906634010460144,0.9538379217915458
314.2086007557009,0.8680917225989453,-0.06687035710089284,0.9349620796998381
314.2290333093042,0.8575282464245277,-0.043057254963182134,0.9005855013877099
314.24946586295846,0.85714054050697,0.0022236365668238944,0.8549169039401461
314.2698983166192,0.8512542152550697,0.04601426748071802,0.8052399477743517
314.2903309702233,0.8302286766518002,0.06952736808951421,0.760701308562286
314.3107635238266,0.7980724136747743,0.06733515843930027,0.7307372552354741
314.35162863096775,0.7320007538893,-0.011860524677325568,0.7438612785666255
314.3720611845638,0.705572971278709,-0.08782138397176076,0.7933943552504698
314.39249363810814,0.7080060782191735,-0.16092893917986606,0.8689350173990396
314.412926291654,0.7988558129415696,-0.16453056103465946,0.9633863739762291
314.4333588451991,1.0821995819943289,0.015630573848635976,1.0665690081456929
314.45379139873694,1.3160400803625587,0.14934321340350132,1.1666968669590574
314.4742238522231,1.4820261848371505,0.22990266372774637,1.2521235211094042
314.49465650570346,1.4481131172326966,0.13502766733928784,1.3130854498934088
314.5150889592478,1.365985586662993,0.0228381019224404,1.3431474847405527
314.5355215126765,1.2877190247960262,-0.0524091237326354,1.3401281485286616
314.55595416616416,1.21923199280603,-0.08710966190954483,1.3063416547155748
314.576386619643,1.1576862785925255,-0.09044649227080725,1.2481327708633327
314.5968191730717,1.1029510085432603,-0.07182558915903048,1.1747765977022908
314.6172518265521,1.0546105899042362,-0.0423283340255598,1.096938923929796
314.63768427998,1.01492474313584,-0.010025769136796203,1.0249505122726361
314.6581168334087,0.9866741971017907,0.01949375186878155,0.9671804452330092
314.6785493868374,0.9651504522139347,0.03636170843280784,0.9287887437811269
314.6989819402006,0.9492574385330858,0.038207859626500085,0.9110495789065857
314.7194144936293,0.9347030215786849,0.02334455917979017,0.9113584623988947
314.7398470469925,0.9233879512244371,-0.0005222414470459347,0.923910192671483
314.760279600363,0.9118174177862305,-0.029105976343022144,0.9409233941292526
314.7807121537335,0.9016628538355584,-0.05253177124720121,0.9541946250827597
314.80114470710396,0.8871504705864967,-0.06955912394261965,0.9567095945291163
314.8215773604679,0.8719840704329775,-0.07204582231528522,0.9440298927482628
314.84200981383765,0.8601760654657902,-0.055037259573337605,0.9152133250391278
314.86244236714265,0.8616298691662436,-0.011473369012800272,0.8731032381790439
314.8828750204557,0.8647274324468808,0.04079183603684422,0.8239355964100366
314.9033074738254,0.8518151076283893,0.07549042063625477,0.7763246869921345
314.9237400271377,0.8231546453329348,0.08336052793421334,0.7397941173987215
314.9441725804427,0.7867192768826747,0.06361033747119704,0.7231089394114777
314.96460513375496,0.7492793297898723,0.01659439791793138,0.732684931871941
314.98503768700175,0.7170729048113326,-0.05428013507768292,0.7713530398890155
315.005470240314,0.7051843255463784,-0.13250795069999366,0.8376922762463721
315.0259027935681,0.7515961422435141,-0.17445579947811474,0.9260519417216289
315.04633534688037,0.9752595485544312,-0.05200914235017662,1.0272686909046078
315.06676790012716,1.2229241845883783,0.09295664342462717,1.129967541163751
315.087200553382,1.44098836844603,0.2187501655764661,1.222238202869564
315.107633006628,1.467486841516853,0.17407533168354683,1.293411509833306
315.1280655598821,1.396773552497446,0.06111921262555842,1.3356543398718876
315.1484980131354,1.3205800836131274,-0.02452923813943042,1.3451093217525578
315.168930666332,1.2499613454125846,-0.07244665038234976,1.3224079957949344
315.1893632195788,1.186774514779449,-0.08569476826929057,1.2724692830487396
315.2097956727739,1.1305218932317878,-0.07310140806690368,1.2036233012986914
315.23022832602146,1.0803679336387326,-0.04584062264042266,1.1262085562791553
315.2506608792173,1.0381674774010388,-0.012718198419899407,1.0508856758209382
315.2710933324124,1.006206399550805,0.019268278584443688,0.9869381209663614
315.29152598560904,0.9822386001434874,0.04138610659837527,0.9408524935451121
315.3119585387976,0.9649858337380993,0.0495760110670217,0.9154098226710776
315.3323910919935,0.9498215538473928,0.04039483643601893,0.9094267174113738
315.3528235451886,0.9364553356558385,0.018265694747725103,0.9181896409081134
315.37325619837793,0.9263299042020282,-0.008164151799618824,0.934494056001647
315.3936887515738,0.9146378222542854,-0.035465421780008444,0.9501032440342938
315.4141212047107,0.9024553342852673,-0.054916947813557715,0.957372282098825
315.4345538579,0.8877332783510486,-0.06301774961484075,0.9507510279658894
315.4549864110377,0.8724741139243961,-0.055430617151395634,0.9279047310757917
315.4754188642328,0.8644044251481309,-0.02585086238808132,0.8902552875362122
315.4958515173639,0.8640737987343855,0.021229792913808332,0.8428440058205772
315.51628407050157,0.8569063254968714,0.0633673085973313,0.7935390168995401
315.53671652369667,0.8333423456354863,0.08163066767172489,0.7517116779637614
315.55714907682705,0.7992143841679034,0.07260334910276611,0.7266110350651372
315.57758172996546,0.7617592901874469,0.036048144432990537,0.7257111457544564
315.59801418310235,0.727475303094592,-0.02583568561611016,0.7533109887107021
315.6184467362327,0.7073517787085423,-0.10228151685174425,0.8096332955602865
315.6388792893704,0.7256369124374515,-0.16494150548604758,0.8905784179234991
315.65931184250803,0.8633677474153947,-0.12481821028142415,0.9881859576968188
315.6797443956384,1.1423673492091204,0.05063252456580214,1.0917348246433183
315.7001770487768,1.3593959691259843,0.17008859560801803,1.1893073735179662
315.7206095018555,1.4709073382597466,0.2013462333214311,1.2695611049383155
315.7410420549859,1.4233237607557252,0.09989567351632478,1.3234280872394004
315.7614745081228,1.3454906808138865,4.0773323101150893e-05,1.3454499074907853
315.7819071612612,1.2734042813424298,-0.061141759997442424,1.3345460413398722
315.80233971433336,1.2085576931172743,-0.08552544843353926,1.2940831415508136
315.822772267471,1.149280783696005,-0.08196146520531555,1.2312422489013206
315.84320482055045,1.0963346736892008,-0.05945745905306121,1.155792132742262
315.86363737368083,1.0513269823969489,-0.027149878068836397,1.0784768604657853
315.8840699268185,1.0154889622782501,0.00620104679733724,1.009287915480913
315.90450247989793,0.9889232492891223,0.03301448673277785,0.9559087625563445
315.9249350330283,0.9692478741691484,0.0466591648048964,0.922588709364252
315.94536758610775,0.9540588767875147,0.044430086668514,0.9096287901190007
315.96580003924464,0.941040697005187,0.027482992802270956,0.913557704202916
315.98623269231757,0.9299024447644609,0.0019436306116192847,0.9279588141528416
316.0066652454552,0.9191315992185674,-0.02566578543240705,0.9447973846509744
316.0270976985339,0.908386226117837,-0.04762915376922161,0.9560153798870586
316.04753035166505,0.894864535511724,-0.06024857088548863,0.9551131063972126
316.0679629047445,0.8790675295284092,-0.05937430981657965,0.9384418393449888
316.0883953578814,0.8669116644117123,-0.03907016817985198,0.9059818325915643
316.1088280109543,0.865443896941952,0.0039785868049442286,0.8614653101370078
316.12926056409196,0.8605432348853442,0.048720208774502116,0.8118230261108421
316.1496931171714,0.8422141580309861,0.07617619436891332,0.7660379636620728
316.170125570301,0.8131702695115104,0.07956521427355323,0.7336050552379572
316.19055822338123,0.7764551818742854,0.05360196252553118,0.7228532193487542
316.2109907765189,0.7414257545516649,0.0020061977232820327,0.7394195568283829
316.2314232295903,0.7141260295311416,-0.07100806179310204,0.7851340913242436
316.2518558827287,0.7131213560838294,-0.14439449899705448,0.8575158550808839
316.27228843580815,0.7917535518472144,-0.1582120264861131,0.9499655783333275
316.29272088893777,1.0539282169390805,0.001286225329694135,1.0526419916093863
316.3131535420762,1.2751576884235316,0.12127997085551101,1.1538777175680206
316.3335860951556,1.457944930360921,0.21604292238778688,1.2419020079731342
316.35401854828524,1.4461894378579478,0.1395847528893539,1.306604684968594
316.37445120142365,1.3707781732517348,0.029739781003972343,1.3410383922477624
316.3948837545613,1.295825937276309,-0.046593699066590055,1.342419636342899
316.4153162076327,1.2277234505335846,-0.08474846043545425,1.3124719109690388
316.4357487608286,1.1676492047294078,-0.08940045702033839,1.2570496617497462
316.4561814139088,1.1131172000441767,-0.07200000694664732,1.185117206990824
316.47661396703916,1.0679931211844103,-0.039260790344028296,1.1072539115284386
316.49704642017605,1.032287045401184,-0.0016471336745518261,1.033934179075736
316.51747907331446,1.0052003631232223,0.031326731279694764,0.9738736318435275
316.5379115265023,0.9845330176191921,0.05181551042374555,0.9327175071954465
316.55834407963994,0.9659192612683675,0.05364344928324438,0.9122758119851231
316.5787767327711,0.9505155363330606,0.04007599465454437,0.9104395416785163
316.59920918590797,0.9365779765815687,0.014805961192849382,0.9217720153887193
316.6196417391038,0.9252530688968139,-0.013418416653187326,0.9386714855500012
316.6400742922415,0.913431184579921,-0.039464599736716455,0.9528957843166375
316.66050684537186,0.8994029320397758,-0.0577797479128882,0.957182679952664
316.6809393985677,0.8840967098449867,-0.06258551239006371,0.9466822222350504
316.7013719517636,0.8694959513200134,-0.050454860113569366,0.9199508114335828
316.72180450495216,0.8636131545746212,-0.015718615641053257,0.8793317702156744
316.7422370580898,0.8617948389568101,0.031142462346603117,0.830652376610207
316.7626696112857,0.8489868239398024,0.06670229400634287,0.7822845299334595
316.78310216447426,0.8218020988983237,0.07807645056321844,0.7437256483351052
316.8035347176701,0.7876461592389729,0.06370668026486981,0.723939478974103
316.823967270866,0.7518043620295569,0.022065213649291926,0.729739148380265
316.844399724112,0.7201691051728804,-0.04432034240360516,0.7644894475764855
316.86483237730863,0.7063221902248856,-0.12103304087606859,0.8273552311009542
316.8852649305045,0.7451033489829632,-0.1681223999996191,0.9132257489825822
316.9056973837505,0.9400580475775732,-0.07328629360376426,1.0133443411813374
316.92613003694714,1.1817652790909927,0.06522259993892043,1.1165426791520723
316.9465625902012,1.394062351418707,0.1831859500698958,1.2108764013488111
316.96699504344724,1.453042954816954,0.16763139761398316,1.2854115572029707
316.98742769670207,1.3914241639532001,0.05956832421431235,1.3318558397388878
317.00786024995614,1.315300763917576,-0.03047185787006068,1.3457726217876367
317.02829280320293,1.2463237383922696,-0.08086361329122038,1.32718735168349
317.04872525645624,1.184084909321069,-0.09639603260528196,1.280480941926351
317.06915790971107,1.1287861904225982,-0.08481038097740545,1.2135965714000037
317.08959046301607,1.0800194972137986,-0.05668017162431682,1.1366996688381155
317.1100229163276,1.0418646509734646,-0.018643738815317112,1.0605083897887817
317.1304555695824,1.0119933955537925,0.0174121138154979,0.9945812817382946
317.1508881228874,0.9898856325366305,0.044037338232835954,0.9458482943037946
317.1713205761989,0.9709303032051249,0.0533131206546511,0.9176171825504738
317.19175322951196,0.9543955459295901,0.045169318072517894,0.9092262278570722
317.21218578281696,0.94109732116601,0.0247097723416414,0.9163875488243686
317.2326182361867,0.9282187350375205,-0.003933919959203558,0.9321526549967241
317.25305078949896,0.9164788980094222,-0.03185117192301401,0.9483300699324362
317.2734834428629,0.9039632184180623,-0.05313921284590606,0.9571024312639683
317.2939159962334,0.8890447195283843,-0.06351758065742341,0.9525623001858077
317.3347811029671,0.8648011889465643,-0.031217401989310445,0.8960185909358748
317.3552136563376,0.8671279101799485,0.01761433932137868,0.8495135708585698
317.3756461097073,0.8617200014684951,0.06178187827768533,0.7999381231908098
317.3960787631295,0.8411562927657914,0.08460484889392306,0.7565514438718683
317.41651131649996,0.8078223388564826,0.07910389006398788,0.7287184487924947
317.4369437699279,0.7713221763443383,0.04708166225347599,0.7242405140908623
317.4573763233493,0.7375565666365572,-0.010351616166057953,0.7479081828026152
317.47780897677876,0.7145928245272734,-0.0859284449844504,0.8005212695117238
317.4982414302649,0.7276122891913506,-0.15093558361398163,0.8785478728053322
317.5186739836863,0.8464125323972813,-0.12808298916523098,0.9744955215625123
317.5391065371732,1.1116756699866093,0.03374530776275675,1.0779303622238525
317.5595390906601,1.3102424899922283,0.13324884962885308,1.1769936403633752
317.57997164413973,1.4486854649078045,0.18852188606769227,1.2601635788401122
317.60040419762663,1.4157188456966894,0.09774104111350579,1.3179778045831836
317.62083675111353,1.3410513628327563,-0.0033835066365179856,1.3444348694692743
317.64126930465136,1.2704159973567684,-0.06743074154960516,1.3378467389063735
317.6617017581957,1.2067301116238818,-0.09427538872721031,1.301005500351092
317.68213441168336,1.1502222520550296,-0.09041728851839714,1.2406395405734267
317.7025669652794,1.0990241548967215,-0.06723476059829903,1.1662589154950205
317.72299941882375,1.0541062693371448,-0.034471578426928495,1.0885778477640733
317.7434320724278,1.0182185621533673,0.000433709214802791,1.0177848529385645
317.76386462596565,0.9909725263270994,0.029020993113485938,0.9619515332136135
317.7842970795682,0.9690547171218052,0.043222118102726026,0.9258325990190792
317.8047297331723,0.9531390511147404,0.04287527678730174,0.9102637743274387
317.8251622867683,0.9393058180904985,0.02706009060531689,0.9122457274851816
317.8455947404291,0.9267404449730925,0.001051854127800067,0.9256885908452924
317.8660272940906,0.9155627697760211,-0.027122767390379554,0.9426855371664007
317.8864599476874,0.9041105322736673,-0.05097594496237956,0.9550864772360469
317.9068925014071,0.890568887823553,-0.06552925975087054,0.9560981475744236
317.9273249550679,0.8759364918410852,-0.06569445737506363,0.9416309492161489
317.9477576087229,0.8666556379151156,-0.044499427395081725,0.9111550653101973
317.9681901624426,0.8665163569121507,-0.0014012189439102096,0.8679175758560609
317.9886226161616,0.8662268242020014,0.04775218747208998,0.8184746367299114
318.0090552698748,0.851481734714148,0.07986542029177668,0.7716163144223713
318.02948782365274,0.8224776171691718,0.0856108409808155,0.7368667761883563
318.0499202774299,0.7876959842518438,0.06488966524392414,0.7228063190079197
318.07035293114313,0.7526327446586066,0.017123555170279192,0.7355091894883274
318.0907854849793,0.7257779095858952,-0.051582989779100474,0.7773608993649956
318.11121793875645,0.7213615640240643,-0.12510074411510796,0.8464623081391722
318.1316504925853,0.7890110326478289,-0.1477204158982819,0.9367314485461108
318.152083146364,1.0255247856509313,-0.013165648402169827,1.0386904340531011
318.17251570020017,1.2290756396901052,0.08825720544190019,1.140818434248205
318.1929481540865,1.421975862139587,0.1907205879308289,1.2312552742087581
318.2133808079234,1.4379832398748378,0.1384099080643617,1.299573331810476
318.23381336181774,1.3706044237816712,0.03227687555409675,1.3383275482275745
318.25424581570405,1.2981621277738344,-0.04597908329510059,1.344141211068935
318.2746784696574,1.2330642739045536,-0.08507442288361444,1.318138696788168
318.2951110235517,1.1751245279472327,-0.09054241718139866,1.2656669451286313
318.31554347749625,1.1238984564504575,-0.07145394853418097,1.1953524049846385
318.3359760314488,1.0772795164516495,-0.040374748056215326,1.1176542645078649
318.35640868540213,1.0375421171015966,-0.005619324225329292,1.043161441326926
318.37684113940486,1.0075666230413398,0.026652618576561315,0.9809140044647785
318.3972736934156,0.9836336353071884,0.04660802477559922,0.9370256105315892
318.41770634742716,0.9655194591970605,0.05167714496230713,0.9138423142347534
318.4381388014881,0.9505796868034271,0.04081861352625782,0.9097610732771693
318.45857135549886,0.9382006306010265,0.01846567195708637,0.9197349586439402
318.47900390956784,0.9280135987698347,-0.0083560246629103,0.936369623432745
318.4994365636885,0.9166528342011714,-0.034761077613391866,0.9514139118145633
318.5198690177567,0.9054455542520334,-0.05193811842064466,0.9573836726726781
318.5403015718839,0.8903404756271388,-0.05869519103579923,0.949035666662938
318.5607341260038,0.877135433589867,-0.047296677524241715,0.9244321111141087
318.5811666801892,0.8706744756779371,-0.014736001187350523,0.8854104768652876
318.6015991343738,0.8687532759508462,0.03138097087088465,0.8373723050799615
318.6220317884945,0.8571821769951155,0.06876099541655833,0.7884211815785571
318.6424643427381,0.8311786831658244,0.08318066695242798,0.7479980162133965
318.66289679698093,0.7984934749131201,0.07325772319797763,0.7252357517151424
318.6833294511598,0.7630100002971106,0.035689028939657086,0.7273209713574535
318.7037620054616,0.7322497961916201,-0.02588938509969596,0.7581391812913161
318.7241945597052,0.7165383029298621,-0.10089990509210367,0.8174382080219658
318.74462701400626,0.748727754261058,-0.15193193128431304,0.900659685545371
318.76505966830155,0.9192181911563536,-0.08025983772177503,0.9994780288781286
318.78549222260335,1.153802874054475,0.0508457672432121,1.102957106811263
318.8059246769553,1.3537567141271456,0.15460222593961248,1.1991544881875331
318.8263573313161,1.4415589225556504,0.16465800882900083,1.2769009137266496
318.8467898857343,1.393233389931473,0.06576816644497918,1.3274652234864939
318.8672223401518,1.32154573192822,-0.024298685171262546,1.3458444170994825
318.8876549945635,1.2561333757058275,-0.0753218703079952,1.3314552460138227
318.9080875489817,1.195636692067855,-0.09248896411311058,1.2881256561809655
318.9285200034501,1.142190138905226,-0.08119962871178155,1.2233897676170076
318.94895255792653,1.0929544067942323,-0.05425158443266076,1.147205991226893
318.9693852124037,1.051434252747166,-0.01888535915383227,1.0703196119009983
318.9898176669376,1.017815400987306,0.015274903412423102,1.0025404975748828
319.01025022146496,0.9915620770172402,0.040342230481097086,0.9512198465361431
319.03068287600036,0.9712804523880059,0.051093042008426015,0.9201874103795799
319.0511154305859,0.9551250705947758,0.0458150910159596,0.9093099795788162
319.071547885178,0.942864580117771,0.028122433368931832,0.9147421467488391
319.0919805397716,0.9317785447438391,0.001960456646561526,0.9298180880972776
319.1124130944154,0.9220668634411152,-0.024353533304708574,0.9464203967458238
319.1328455490657,0.9112369970693326,-0.04535055889038986,0.9565875559597224
319.15327810377494,0.8979013630381878,-0.05617551290793632,0.9540768759461241
319.1737107584777,0.8825934327719157,-0.05301676309296499,0.9356101958648807
319.1941432131862,0.8727408973470208,-0.02884466742968239,0.9015855647767032
319.21457576795365,0.8706372875530596,0.01451266117449812,0.8561246263785615
319.2350084227146,0.8632004540777306,0.05675316985744405,0.8064472842202866
319.2554408774813,0.8432068679700238,0.08153345291485525,0.7616734150551685
319.275873432307,0.81243937143017,0.08118860256135474,0.7312507688688152
319.29630608712614,0.7769376349336363,0.053654937713485173,0.7232826972201511
319.31673854195105,0.7436832917652855,0.0006500460622893556,0.7430332457029961
319.33717109683494,0.7200280690286572,-0.07184446327978466,0.7918725323084419
319.3576036517188,0.7286259938112177,-0.1382189482461612,0.8668449420573789
319.3780363066544,0.8306681790647158,-0.13027494378611648,0.9609431228508323
319.3984687615957,1.0828803909551306,0.018833114743657786,1.0640472762114728
319.41890131653054,1.2679281506976237,0.10353651978756973,1.164391630910054
319.4393339715316,1.4260251939412973,0.17572006201751056,1.2503051319237868
319.45976642653113,1.4133735596297685,0.10141676699439506,1.3119567926353735
319.48019898153143,1.3454034629991978,0.0025851218674584064,1.3428183411317394
319.50063153658266,1.2769303736232576,-0.06366661946586816,1.3405969930891257
319.52106409164116,1.215620634589482,-0.09187916667990259,1.3074998012693846
319.5414966467506,1.160040946878984,-0.08974191792495989,1.249782864803944
319.5619292018673,1.1094982728417766,-0.06716901422479427,1.1766672870665709
319.58236175704224,1.0685223344216368,-0.03028327192367586,1.0988056063453127
319.60279431221716,1.035059152801406,0.008502685484717443,1.0265564673166885
319.62322676738404,1.009159323204128,0.04080355635362343,0.9683557668505046
319.64365942261793,0.9878097082685063,0.058357342259298006,0.9294523660092083
319.6640919778438,0.9697337054171441,0.058514033748703675,0.9112196716684404
319.68452443313436,0.9532076769163722,0.04206480437559024,0.911142872540782
319.70495708842645,0.9404003689267645,0.016917563144755232,0.9234828057820093
319.7253896437178,0.9288299109166485,-0.011658828296312818,0.9404887392129613
319.7458220990593,0.9170068062131435,-0.036941011054571704,0.9539478172677152
319.7662547544096,0.9048252025818815,-0.05197316046212752,0.956798363044009
319.7866873098101,0.8896234455298685,-0.05490154440175965,0.9445249899316281
319.80711976521707,0.8760058801779822,-0.040087014985026426,0.9160928951630086
319.827552320683,0.870399192373258,-0.003854773585473148,0.8742539659587312
319.84798497614247,0.8656059051614887,0.040435604426111604,0.8251703007353771
319.86841743160767,0.8512209749450117,0.07380737052319608,0.7774136044218156
319.88884998713183,0.8228950462127992,0.08239046969581743,0.7405045765169818
319.9092826426495,0.7890777113462871,0.06583103575301841,0.7232466755932687
319.92971519823186,0.7547245716363443,0.022594334826983697,0.7321302368093606
319.9501476538135,0.7268327635814287,-0.043251735955233794,0.7700844995366625
319.97058030944754,0.7192638487555951,-0.11653254631128984,0.835796395066885
319.9910128650881,0.7748763147583404,-0.14883623694430437,0.9237125517026448
320.01144532078615,0.9892850681494689,-0.03545713148780383,1.0247421996372728
320.03187787647767,1.1843434020187995,0.056796649348386685,1.1275467526704128
320.0523105321772,1.3801078470174488,0.15990063743704885,1.2202072095804
320.07274298793345,1.4248473812959355,0.13284385359112383,1.2920035277048116
320.09317554374866,1.368479252225941,0.03346220837256175,1.3350170438533793
320.11360819949914,1.2993389055668676,-0.04594478347165687,1.3452836890385245
320.1340406553718,1.2363423506060482,-0.08698213049333092,1.3233244810993792
320.1544732112379,1.1781187555669568,-0.09584213948978348,1.2739608950567403
320.1749058671121,1.1274276471122098,-0.07802617014317637,1.2054538172553861
320.1953384230437,1.0816570034467312,-0.04645703866694095,1.1281140421136722
320.2157708789746,1.0458971155850163,-0.006717339760178964,1.0526144553451953
320.23620343495713,1.0169824023510248,0.028691778419064007,0.9882906239319608
320.2566360909477,0.9946749492078361,0.05296237950912053,0.9417125696987155
320.2770685469877,0.9749957270531757,0.059237399992896234,0.9157583270602795
320.31793375908455,0.9361116875766438,0.018292480459712657,0.9178192071169311
320.33836621524824,0.9247878168676597,-0.009249961866409473,0.9340377787340691
320.3587987713472,0.9141928115202587,-0.03557191911409985,0.9497647306343585
320.3792314275124,0.9026914896312033,-0.05462973029716578,0.957321219928369
320.39966388372704,0.888618816897025,-0.06247103459509484,0.9510898514921199
320.4200964399497,0.875442814756115,-0.053204593610815754,0.9286474083669307
320.44052909623133,0.8660844835649081,-0.025236979822562344,0.8913214633874704
320.46096155251144,0.8665626264231262,0.02249035809197275,0.8440722683311535
320.48139410884323,0.8631707337306687,0.06845977086276978,0.7947109628678989
320.5018266651823,0.8465256791666772,0.09393500163185009,0.7525906775348271
320.5222592215723,0.8206096757166071,0.09362571387583696,0.7269839618407702
320.5426917779696,0.7897489233967652,0.06432252302883046,0.7254264003679347
320.5631243344251,0.7628922654113162,0.01058394164646237,0.7523083237648538
320.5835568908806,0.7486186248610869,-0.059339615181114636,0.8079582400422015
320.603989447387,0.7772054054488412,-0.11117470019777576,0.888380105646617
320.62442190389993,0.9323018098966948,-0.05339528218992973,0.9856970920866245
320.6448545604653,1.1828985487332047,0.09365833915893673,1.089240209574268
320.6652871170372,1.3821807900638434,0.19508240691275058,1.1870983831510928
320.6857195737248,1.5070770576672015,0.23918176591341145,1.26789529175379
320.7061521303549,1.472863963173547,0.15037521670499543,1.3224887464685515
320.7265847870367,1.4013826570159063,0.056062781735506606,1.3453198752803996
320.74701724372426,1.3342861137362882,-0.0009106191048515733,1.3351967328411398
320.7674498004708,1.2723417162783162,-0.023040125930674282,1.2953818422089904
320.787882457269,1.216084190085965,-0.016890732134420716,1.2329749222203856
320.80831501407374,1.1642869334264654,0.006586638621252305,1.157700294805213
320.8287474709359,1.1159431606650265,0.03564389821430303,1.0802992624507235
320.84918012779235,1.0729641039866198,0.062163208398856584,1.0108008955877632
320.8696126847135,1.0335835845059842,0.07662113113675006,0.9569624533692341
320.890045141663,0.99894047368264,0.07581392194864678,0.9231265517339933
320.9104776986351,0.9671514224177729,0.057459562553802024,0.9096918598639708
320.9309103556443,0.9417902138550239,0.028517436468960655,0.9132727773860633
320.9513428126811,0.9182688789938961,-0.009241645096196405,0.9275105240900925
320.9717753697405,0.8970553960089351,-0.04733641978466374,0.9443918157935989
320.99220802686614,0.8765730016003689,-0.07926641927414002,0.9558394208745089
321.01264048399025,0.8547601962425833,-0.1005375483037434,0.9552977445463267
321.03307304116606,0.8318571275006869,-0.10717895788426612,0.939036085384953
321.053505698379,0.8144662100363902,-0.09247421362475072,0.9069404236611409
321.0739382555912,0.8087566771242463,-0.05389860566195526,0.8626552827862015
321.09437071288266,0.8046328029428175,-0.008410870098365497,0.813043673041183
321.11480327018216,0.7895902664467818,0.02253543995326246,0.7670548264935193
321.13523592750425,0.7644526460915744,0.030261666365565043,0.7341909797260093
321.1556683848903,0.7346742696684462,0.011844605158321864,0.7228296645101243
321.1761009423062,0.7045713098467429,-0.034117540215385045,0.7386888500621279
321.196533599752,0.6820931308350646,-0.10160854430318766,0.7837016751382523
321.2169660572181,0.6859001285294561,-0.16959182950997775,0.8554919580394339
321.2373986147504,0.7662163674506085,-0.18133910631909333,0.9475554737697018
321.25783127227623,0.9926870947194861,-0.05742888750942243,1.0501159822289086
321.278263729866,1.1557392243982567,0.004211151846535532,1.1515280725517212
321.29869628748565,1.319773906362102,0.07976885796904609,1.2400050483930558
321.31912894513516,1.323044630632418,0.017668702570155848,1.305375928062262
321.3395614028341,1.260266479864791,-0.08033330539378558,1.3405997852585765
321.35999396054103,1.19435053364799,-0.1484348649703222,1.3427853986183123
321.3804265183353,1.1338098355282769,-0.17973675015850632,1.3135465856867832
321.40085917609395,1.0783378551852048,-0.180308478480538,1.2586463336657427
321.42129163394566,1.0267995321256145,-0.1601909552054872,1.1869904873311017
321.44172419182723,0.9806602913720573,-0.12847727559614974,1.109137566968207
323.54628047133156,0.900240865815248,0.013745145211083831,0.8864957206041642
323.5667130336951,0.8950467619824607,0.05645060079801145,0.8385961611844492
323.58714549614524,0.8862097895239557,0.09664571795233512,0.7895640715716206
323.6075781586187,0.8654838247644073,0.11665877928581803,0.7488250454785893
323.6280107211278,0.8351602172256877,0.10961994531218178,0.7255402719135059
323.64844318372343,0.8025337347309652,0.07557240475172322,0.726961329979242
323.6688758463424,0.7746416158986725,0.017574946296717964,0.7570666696019546
323.6893084090261,0.760434668724925,-0.055275058155785706,0.8157097268807108
323.7097408717673,0.7966241642440892,-0.10180949935548012,0.8984336635995693
323.7301735345318,0.9397454905281547,-0.057247797791273536,0.9969932883194282
323.7506060973901,1.203945637302851,0.10344722547039154,1.1004984118324594
323.7710385602768,1.4079379715735174,0.21092774657295843,1.197010225000559
323.79147112321516,1.5148120985157072,0.2394925815277953,1.275319516987912
323.81190378619067,1.4695796645022003,0.1429603564530797,1.3266193080491206
323.8323363492527,1.396976456060651,0.051172568722774425,1.3458038873378766
323.85276881237223,1.3296426877352,-0.002537252417742275,1.3321799401529422
323.873201475486,1.2695865593262559,-0.019886750980476098,1.289473310306732
323.9140665019513,1.1677973868060323,0.018694548038971304,1.149102838767061
323.93449916524696,1.121226313264707,0.04912225715228136,1.0721040561124255
323.95493172862916,1.0785120357087357,0.07451458580322878,1.0039974499055069
323.9753641920397,1.0402880388138553,0.08807778074686157,0.9522102580669938
323.9957968555027,1.006065834734983,0.08540032215918059,0.9206655125758023
324.0162294190304,0.9762921524280521,0.06696518565939646,0.9093269667686557
324.0366618826083,0.9505951520215532,0.036163539547094614,0.9144316124744586
324.05709444622335,0.8837460124951447,-0.04562157127677113,0.9293675837719159
324.07752710989735,0.9090005777776299,-0.03703377793121232,0.9460343557088422
324.09795957365714,0.8322547441668564,-0.1241921123434635,0.9564468565103199
324.1183921374395,0.8698761598410687,-0.08442755979704519,0.9543037196381139
324.13882480125903,0.8496627062219025,-0.08658050676939033,0.9362432129912929
324.1592573651578,0.8349094094121665,-0.06766040931064765,0.9025698187228142
324.17968982912134,0.8305602172358929,-0.02675921784147317,0.8573194350773661
324.2001224931446,0.8261499432245489,0.018502181334780432,0.8076477618897685
324.2205550571889,0.8139488681191898,0.051303127802709736,0.76264574031648
324.24098752132704,0.790702974936224,0.058929479181348166,0.7317734957548758
324.2614201854958,0.7618145745713043,0.03862909455964725,0.7231854800116571
324.28185274971474,0.73560403723634,-0.0066259483658718255,0.7422299856022119
324.3022852139984,0.7174697498358137,-0.07290968267657993,0.7903794325123936
324.32271777834103,0.6858500499735883,-0.17893374179974764,0.864783791773336
324.34315044273535,0.8319563927852563,-0.1265692726375811,0.9585256654228375
324.36358290719363,1.0786142847641758,0.017068832096030162,1.0615454526681456
324.3840154717109,1.2552065950003568,0.09310910567450059,1.1620974893258562
324.4044481362507,1.4308899064963343,0.18240279815679927,1.248487108339535
324.4248806008836,1.4275764571761758,0.11675698564874981,1.310819471527426
324.4657457302892,1.299788320391795,-0.04125533163143946,1.3410436520232345
324.4861782950684,1.1750445205747724,-0.13358902572611875,1.3086335463008911
324.5066108599058,1.1916633008338744,-0.05974690245583458,1.251410203289709
324.5270434248232,1.1433889958941592,-0.035150576055994254,1.1785395719501535
324.547475989777,1.099531316620694,-0.0011285618683796184,1.1006598784890735
324.56790855481813,1.0588786725134565,0.030721113973974035,1.0281575585394824
324.5883410198876,1.0230638353148291,0.05353117302825883,0.9695326622865703
324.6087736850095,0.9915626690763377,0.061439851661253764,0.930122817415084
324.62920625019615,0.9720164624429503,0.06061733791157797,0.9113991245313723
324.64963871543296,0.9548126558539889,0.043876285431647344,0.9109363704223415
324.6700713807368,0.9409320611420666,0.017870565215848733,0.9230614959262179
324.69050394609803,0.9287083587443542,-0.011346838807590909,0.9400551975519451
324.7109365115102,0.9166787541809495,-0.037017554319192625,0.9536963085001421
324.7313690769879,0.9035982808977999,-0.05327845829296918,0.9568767391907691
324.7518016425529,0.8886236409216672,-0.056381866783225876,0.9450055077048931
324.7722342081397,0.8768314928618592,-0.04012454828192058,0.9169560411437798
324.79266667379125,0.8761825584889188,0.0007927199767222559,0.8753898385121965
324.8130993395025,0.8748561754662794,0.04846152177286156,0.8263946536934178
324.83353190529306,0.8660955806652222,0.08759651758776332,0.7784990630774589
324.8539643711192,0.8410787874476331,0.09985825814386418,0.7412205293037689
324.8743970370051,0.8059277989267155,0.08252880680106689,0.7233989921256486
324.8948296029412,0.7703307268944415,0.03873275646775709,0.7315979704266844
324.91526206894196,0.7409064705783995,-0.027937658018488465,0.768844128596888
324.9356947350316,0.7319404231393365,-0.10199018530710591,0.8339306084464424
324.95612730117136,0.7845203991108278,-0.13688131141681015,0.921401710527638
324.97655976734677,0.9935079145007075,-0.028731710338101513,1.022239624838809
324.9969924335819,1.1815448512236122,0.056402551821880476,1.1251422994017317
325.0174249998963,1.3850945185320949,0.16691235591053033,1.2181821626215645
325.0378575662762,1.4366787982334617,0.1460873384501069,1.2905914597833548
325.05829003271356,1.3833868376738874,0.04902075247442106,1.3343660851994663
325.07872269920335,1.3048661710204617,-0.04057130894949168,1.3454374799699533
325.0991552657579,1.2413389629691063,-0.08287738460026328,1.3242163475693696
325.11958773236984,1.1864731152646149,-0.08895469974855907,1.275427815013174
325.14002039903426,1.1353766023425813,-0.0718868551857017,1.207263457528283
325.1604529657634,1.0899272429150166,-0.040076733432284906,1.1300039763473015
325.1808854325791,1.0495577686187283,-0.004776666895210502,1.0543344355139388
325.20131809941813,1.01671709892488,0.027075510945680503,0.9896415879791994
325.221750666351,0.9904041822662929,0.047826796299957786,0.9425773859663351
325.2421831333122,0.9709587350813526,0.054843446929531026,0.9161152881518215
325.2626157003542,0.9519947377810956,0.04273310338813485,0.9092616343929607
325.28304836746247,0.9369648789365745,0.01950853042707512,0.9174563485094994
325.30348093462817,0.9252401042667925,-0.008344940397203904,0.9335850446639964
325.3239134018513,0.9137866220057843,-0.03563729028663587,0.9494239122924202
325.344346069156,0.9030127192362588,-0.0542490665706411,0.9572617858068999
325.36477863652544,0.8889882480576008,-0.06242694344687527,0.9514151915044761
325.38521110391594,0.8766222684529659,-0.05275149892606079,0.9293737673790267
325.40564377140254,0.8688463629052291,-0.023525427092794815,0.8923717899980239
325.4260763389466,0.8652967391769781,0.020009450537499696,0.8452872886394784
325.4465088065481,0.8578606247791638,0.0619844738451224,0.7958761509340414
325.46694147420203,0.8362877463620149,0.08281643015578144,0.7534713162062334
325.48737394194904,0.8043536532476175,0.07698570153224393,0.7273679517153736
325.50780650974775,0.7695700724291992,0.04440854361698143,0.7251615288122177
325.5282389776112,0.7399556539246677,-0.011376476378833988,0.7513321303035017
325.54867164553434,0.7215828385420058,-0.08473086251885176,0.8063137010608575
325.56910421351495,0.7425463673709216,-0.14366608505528722,0.8862124524262088
325.5895367815756,0.8802820035891366,-0.10295419904893333,0.9832362026380699
325.6099693497017,1.1140438704826257,0.02727835325371175,1.086765517228914
325.63040191784967,1.3036657360259933,0.11876541651245098,1.1849003195135424
325.6508344861213,1.4328191811714,0.16658903413189474,1.2662301470395052
325.67126705442206,1.3978339962804025,0.07629426419107599,1.3215397320893265
325.69169962279557,1.3268753344452004,-0.01829620452930958,1.34517153897451
325.71213219123456,1.2616206793733802,-0.07420290809694019,1.3358235874703204
325.7325646597383,1.202776537261812,-0.09387836922359782,1.2966549064854098
325.752997328309,1.152747154110122,-0.08193681261044095,1.234683966720563
325.7734298969299,1.1054274998758766,-0.05416207831993125,1.1595895781958079
325.7938623656373,1.0626027754067915,-0.01950639387984321,1.0821091692866347
325.8142950344045,1.0283266027941442,0.016017398774210045,1.0123092040199342
325.8347276032364,0.9995675311613359,0.04154924838942997,0.9580182827719059
325.855160072133,0.9786087250546428,0.054937329936288415,0.9236713951183544
325.8755927410966,0.960698770709528,0.050934448039639646,0.9097643226698884
325.89602531012497,0.9463378161346581,0.03334122908940618,0.9129965870452519
325.9164578792115,0.9338533858663416,0.006785563840006392,0.9270678220263352
325.9368903483846,0.924069006247765,-0.01991740869515146,0.9439864149429165
325.9573230176102,0.9134352294120305,-0.042222136100038,0.9556573655120685
325.97775558690046,0.9012924344802039,-0.054178120603778246,0.9554705550839822
325.99818805625546,0.8868743385096411,-0.052740172632195215,0.9396145111418364
326.01862072567747,0.8738892404526201,-0.033993026237080004,0.9078822666897001
326.039053295186,0.8676029417276163,0.0037726426204580665,0.8638302991071583
326.059485764752,0.8614271455769593,0.04717284914965525,0.8142542964273041
326.0799184343705,0.8451774627326781,0.07710819450463247,0.7680692682280457
326.10035100408277,0.8178520549480306,0.08306778583637353,0.7347842691116571
326.12078347383067,0.7838419012404245,0.061019123330598224,0.7228227779098263
326.1412161436747,0.7508529091463535,0.012869737304458506,0.737983171841895
326.16164871357614,0.7262947488197469,-0.056004388671634375,0.7822991374913812
326.18208128352853,0.7263118764901502,-0.1271890559490786,0.8535009324392288
326.20251375357475,0.802007368598627,-0.14316847833209645,0.9451758469307234
326.2229464236807,1.0399614430118123,-0.007652209344134242,1.0476136523559465
326.24337899385137,1.2198861213030088,0.07069131621664693,1.1491948050863618
326.2638114641013,1.414842656268692,0.1767292376608094,1.2381134186078826
326.28424413439643,1.4256899763134765,0.121548819146303,1.3041411571671735
326.3046767047854,1.3580093147751606,0.017863169344838337,1.3401461454303223
326.32510917523905,1.2879440923821066,-0.0551848724675732,1.3431289648496798
326.34554184575245,1.2269468888272068,-0.08764852827486802,1.3145954171020748
326.3659744163451,1.172793925008314,-0.08742394245306162,1.2602178674613755
326.3864068870025,1.124219630957531,-0.06462186785486401,1.188841498812395
326.40683945773344,1.080145463937924,-0.03085960552103373,1.1110050694589577
326.42727212851605,1.0461150619349866,0.008886317749605466,1.0372287441853811
326.4477045993772,1.0178336343199905,0.04148264651468869,0.9763509878053018
326.4681371703264,0.9947387845226489,0.060550276665783165,0.9341885078568657
326.4885697413265,0.9746381307251177,0.0618901496180877,0.91274798110703
326.5090023123921,0.9565939407405225,0.0464903561955321,0.9101035845449904
326.52943488354504,0.9411602307703729,0.020201752447915333,0.9209584783224576
326.5498675547642,0.9289956497089553,-0.008787590371835852,0.9377832400807912
326.57030002604733,0.9174883109171995,-0.03484022406639098,0.9523285349835905
326.59073259741854,0.904688130461529,-0.0525600395000928,0.9572481699616218
326.6111650688472,0.8907475145898051,-0.05679869627773959,0.9475462108675446
326.63159774034284,0.8772592467471487,-0.04433808644326187,0.9215973331904106
326.65203031191777,0.867420547896981,-0.014140243368660821,0.8815607912656418
326.6724627835647,0.8616093378894366,0.02849919109654031,0.8331101467928963
326.69289545527863,0.8484573395491443,0.06393586493909875,0.7845214746100455
326.7133280270573,0.8238925227946535,0.07861745173687862,0.7452750710577749
326.7337604989225,0.7910141282326575,0.06661491110373341,0.7243992171289241
326.7541931708547,0.7558515631529926,0.027006071085691974,0.7288454920673006
326.77462574285164,0.7277290208229307,-0.03444102838371366,0.7621700492066443
326.79505831492133,0.7153016197829762,-0.10844811312179559,0.8237497329047718
326.8154907870703,0.7511563316414539,-0.15751754846136423,0.9086738801028181
326.8359234592863,0.9311920455633662,-0.07714933816883573,1.008341383732202
326.856356031567,1.144066620566864,0.0324033352795583,1.1116632852873056
326.8767885039415,1.3493876770488444,0.14269439670246276,1.2066932803463817
326.8972211763903,1.430630782441124,0.14822171040150178,1.2824090720396222
326.917653748882,1.3769305424574865,0.04657582276980077,1.3303547196876857
326.93808622146753,1.3038557443159928,-0.04203133828931449,1.3458870826053073
326.95851889412006,1.2386169559559328,-0.09019321294436278,1.3288101689002956
326.97895146685187,1.1821990739152441,-0.10110626254926003,1.2833053364645042
326.9993839396484,1.1334965003127881,-0.08367429036689655,1.2171707906796847
327.01981661253376,1.089043238239445,-0.05145595693624205,1.140499195175687
327.0402491854911,1.0510169730729118,-0.013006832699216542,1.0640238057721283
327.06068175851397,1.021059975880676,0.023661680490278947,0.997398295390397
327.0811142316161,0.9965113845602661,0.048802809790592816,0.9477085747696733
327.10154690477066,0.9768733765940613,0.05842017042294767,0.9184532061711136
327.12197947801906,0.9582363654510724,0.04907313976432759,0.9091632256867448
327.142411951354,0.942408712023409,0.026698972704649937,0.9157097393187591
327.1628446247487,0.9287825573486013,-0.0024619138750049396,0.9312444712236062
327.18327719822264,0.9170031964001576,-0.03059591725994315,0.9475991136601007
327.2037096717613,0.9057666322299429,-0.0511336705209704,0.9569003027509133
327.22414234538155,0.8915658125954963,-0.0615498025714577,0.953115615166954
327.2445749190665,0.8775833651036874,-0.0556779955913419,0.9332613606950293
327.26500739285257,0.8657170893984624,-0.032343592693350076,0.8980606820918124
327.2854399666976,0.8605882340835613,0.008655540010939156,0.8519326940726222
327.30587264060887,0.8518442585254971,0.049531724935288124,0.8023125335902089
327.3263051146132,0.8311923292210479,0.07277992908676179,0.7584124001342861
327.3467376887056,0.8003114376519995,0.07068187728764219,0.7296295603643573
327.36717036283517,0.7651350604064316,0.041256611066415316,0.7238784493400163
327.38760283707234,0.7332716265534033,-0.012852218791919445,0.7461238453453227
327.408035411383,0.7122449225326366,-0.08512873129536624,0.7973736538280028
327.44890056020085,0.8339242151143309,-0.13567668973739222,0.9696009048517231
327.4693331347444,1.0847856023244669,0.011847897376046967,1.07293770494842
327.4897657093388,1.2768697995949883,0.10438285492887522,1.172486944666113
327.51019828402787,1.4382161683517183,0.1815471260365249,1.2566690423151934
327.5306308588042,1.4115362140740932,0.09565118170953868,1.3158850323645546
327.5510633336453,1.3383210310431384,-0.005618587759220972,1.3439396188023593
327.57149600855337,1.2687484750825841,-0.07017634223931402,1.3389248173218982
327.591928583548,1.207523415189869,-0.09589747039100383,1.3034208855808729
327.61236115862266,1.154057793442612,-0.08992985360144745,1.2439876470440594
327.6327937337628,1.1056165376885598,-0.06441676440321809,1.170033302091778
327.65322630899027,1.0625100628130133,-0.029743654499787775,1.092253717312801
327.67365888429777,1.0247326086098434,0.003828638960055919,1.0209039696497875
327.69409145969985,0.9960329379476766,0.03184239205227468,0.9641905458954019
327.71452403515286,0.973819473762265,0.04676925763113393,0.927050216131131
327.73495661070046,0.9562927356045423,0.04577811840242951,0.9105146172021128
327.75538908632006,0.9407012313488698,0.028941948293588204,0.9117592830552816
327.77582176201395,0.9276623036362834,0.002842684971003595,0.9248196186652798
327.7962543377871,0.9154612902887979,-0.026380722671366152,0.941842012960164
327.81668681363954,0.9042260998092795,-0.050423800474398095,0.9546499002836776
327.8371194895881,0.8915801394902854,-0.06476909225093941,0.9563492317412248
327.85755206560134,0.8783579457829163,-0.06433495114812926,0.9426928969310455
327.87798454170115,0.8672318398728529,-0.045734727944578224,0.9129665678174311
327.8984172178607,0.8634656182912231,-0.00677117593975185,0.870236794230975
327.9188497941286,0.8615106920072297,0.040592212764378965,0.8209184792428508
327.939282370462,0.8483882435892339,0.07466339774887065,0.7737248458403633
327.959714846882,0.8220123920227063,0.0838305967273163,0.73818179529539
327.9801475233544,0.7877146094083176,0.06476116359650841,0.7229534458118092
328.0005800999352,0.7524383652511455,0.018170331031367226,0.7342680342197783
328.02101257658796,0.7254052926431475,-0.04930447947979022,0.7747097721229377
328.0414452533223,0.7172720105732949,-0.12532128181260271,0.8425932923858976
328.0618778301359,0.7750418580334516,-0.15698448176888202,0.9320263398023336
328.08231030705065,1.0013888745216386,-0.03227990764984057,1.0336687821714792
328.10274298400327,1.2037090439062628,0.06764462834565554,1.1360644155606072
328.12317556107155,1.420385832269102,0.1930593453816738,1.2273264868874283
328.1436080382191,1.448411332467846,0.15149354802913328,1.2969177844387128
328.1640406154329,1.3779886732389637,0.04076881180879699,1.3372198614301667
328.1844732927275,1.3036578822753109,-0.04098316909378674,1.3446410513690976
328.2049057701224,1.238322041275481,-0.08176525970442627,1.3200873009799072
328.2253383475836,1.1811472940701446,-0.0875692459407229,1.2687165400108675
328.24577102513285,1.1300787716593426,-0.06894654348006912,1.1990253151394117
328.2662036027614,1.083992021568552,-0.037431849849757004,1.121423871418309
328.2866360804692,1.0441826961731355,-0.0023531110701773272,1.0465358072433129
328.3070687582658,1.0120890720069888,0.02857833764945683,0.983510734357532
328.32750133613445,0.987658293001063,0.049026080365155766,0.9386322126359072
328.3479338140969,0.9687106166710533,0.054270656731244316,0.914439959939809
328.36836639214744,0.9519121646081988,0.04239498279123599,0.9095171818169628
328.3887990702715,0.9391636269083945,0.020199312422979232,0.9189643144854153
328.40923154847405,0.9270950797967701,-0.008373848356949543,0.9354689281537196
328.4296641267647,0.9165660513229199,-0.03421784076761769,0.9507838920905376
328.45009670514264,0.9046315745121339,-0.05271925295580704,0.957350827467941
328.4705292836006,0.8916455821707789,-0.058141977874225814,0.9497875600450048
328.49096186213865,0.8780393407712767,-0.04793885507408435,0.925978195845361
328.511394440764,0.8684615888017339,-0.019113054086602133,0.887574642888336
328.53182701946935,0.8638735717742663,0.024054829638348152,0.8398187421359181
328.552259598262,0.8535970902238202,0.06288637414980558,0.7907107160740147
328.572692177142,0.8302890469128015,0.08062708153698939,0.7496619653758121
328.59312475609477,0.7975942883627674,0.0717349119169689,0.7258593764457985
328.6135573351494,0.7620830772307262,0.03546395837874139,0.7266191188519848
328.633989814276,0.7306230779886411,-0.02538845374742915,0.7560115317360703
328.65442249348416,0.7129656908563777,-0.10103085204578821,0.8139965429021659
328.67485507278616,0.7355752428708889,-0.16064351040493186,0.8962187532758208
328.6952875521747,0.8859409485264111,-0.10857142189863267,0.9945123704250438
328.71572023163026,1.1353860645641098,0.03734913505233606,1.0980369295117738
328.7361528111869,1.3521150368387964,0.15725825821097206,1.1948567786278244
328.7565853908309,1.4638253167792208,0.19010171086268057,1.2737236059165402
328.7770179705549,1.409903298493757,0.08414849637020372,1.3257548021235532
328.7974505503589,1.3315393014951238,-0.014204613025795787,1.3457439145209196
328.8178831302648,1.2605664724332666,-0.07232025059092129,1.3328867230241879
328.8383156102427,1.2000095482611555,-0.09079816491438497,1.2908077131755404
328.85874829030945,1.147333174084446,-0.07955215019690343,1.2268853242813493
328.87918087046273,1.099756767671726,-0.05124105117777944,1.1509978188495054
328.89961335070257,1.0588717389635123,-0.015021587803194958,1.0738933267667072
328.92004603103123,1.02249013216351,0.017026349845079336,1.0054637823184307
328.9404786114392,0.9948911280554812,0.04167897946526089,0.9532121485902203
328.96091109194094,0.9740455125171801,0.05288985284299652,0.9211556596741836
328.98134377252427,0.9574343346768373,0.04808046347439576,0.9093538712024415
329.0017763532014,0.9431515173482105,0.02902429473016499,0.9141272226180455
329.02220883395785,0.9314623820896661,0.002543982630967556,0.9289183994586986
329.0426414148096,0.9206006755334655,-0.0250438692409094,0.9456445447743749
329.0630740957422,0.9088287886220627,-0.04746964510196139,0.9562984337240241
329.0835066767613,0.8964852026354831,-0.058035192899397514,0.9545203955348807
329.10393915787427,0.8821592131961168,-0.05470683245603525,0.936866045652152
329.12437183907605,0.8703159639571606,-0.03323010864952847,0.9035460726066891
329.1448044203571,0.8645751445629329,0.006065217385855193,0.8585099271770777
329.16523690173926,0.8569357088323347,0.04808582998436084,0.8088498788479739
329.1856695831957,0.8386769450569562,0.07505136432211079,0.7636255807348454
329.2061021647387,0.8092130910850541,0.07690428972374108,0.732308801361313
329.22653464639006,0.7748747478523572,0.05176997015096241,0.7231047777013948
329.24696722811495,0.7405836435555164,-0.0008609098691556571,0.7414445534246721
329.26739990992064,0.7160394902621586,-0.07286433041387719,0.7889038206760358
329.28783239183394,0.7164062348508394,-0.14633007703121115,0.8627363118820506
329.30826497382805,0.7991537152474577,-0.15696207173796095,0.9561157869854187
329.32869765590294,1.057208172800361,-0.0018371471889435664,1.0590453199893046
329.3491301380782,1.2657098977106116,0.10591252384473293,1.1597973738658787
329.3695627203415,1.4611679495840204,0.21451157714113123,1.2466563724428892
329.3899954026856,1.445354760829922,0.1356893474101437,1.3096654134197783
329.41042788513005,1.36343138703232,0.02132432194896805,1.342107065083352
329.43086046766257,1.2856107022595447,-0.05586081757730699,1.3414715198368516
329.4512931502759,1.2216420351469748,-0.08810919741014733,1.3097512325571221
329.4717256329968,1.1654156656896877,-0.08761098064797102,1.2530266463376587
329.4921582157913,1.1159061806043007,-0.06450085982734044,1.1804070404316411
329.5125907986803,1.0729428686628126,-0.029572673045291875,1.1025155417081045
329.5330233816712,1.0378653997197471,0.008100025690367607,1.0297653740293795
329.55345596474217,1.010906565465254,0.040186900503922596,0.9707196649613314
329.57388844789966,0.9890958273067777,0.05829066005907857,0.9308051672476991
329.59432113115327,0.9701040063685512,0.05851462727480694,0.9115893790937443
329.6147537145007,0.951353171778907,0.04061549345424931,0.9107376783246577
329.63518629793543,0.9366337413010384,0.013990234057428053,0.9226435072436103
329.6556188814575,0.9242515488682074,-0.015368425992058676,0.939619974860266
329.6760514650814,0.9122629929834201,-0.04117550979775475,0.9534385027811748
329.6964840487926,0.8988963601429547,-0.05804926225100038,0.9569456223939551
329.71691653260496,0.8840302384525176,-0.06144514510554655,0.9454753835580642
329.73734921649157,0.8699317856444938,-0.047877903797597376,0.9178096894420912
329.757781800472,0.8616752187454337,-0.014843873978848121,0.8765190927242819
329.77821428455354,0.8561944400590644,0.02857656989051227,0.8276178701685521
329.7986469687239,0.8424140732201029,0.06282478463250707,0.7795892885875958
329.81907955298084,0.8167303903619222,0.07478363288328016,0.741946757478642
329.83951203734614,0.7825534028059962,0.05898684973540902,0.7235665530705871
329.859944721793,0.7479014474240593,0.016817662859665572,0.7310837845643937
329.8803773063264,0.7177229000536244,-0.049899568604474975,0.7676224686580994
329.9008097909609,0.7051364883805112,-0.12694414744941018,0.8320806358299214
329.9212423756908,0.7435793915808387,-0.17552253980466503,0.9191019313855038
329.9416750605087,0.9426882189714163,-0.07705446534011795,1.0197426843115343
329.9621076454205,1.1780645170974458,0.0553292479116243,1.1227352691858214
329.98254013043334,1.409800468994902,0.19365281940648305,1.216147649588419
330.0029728155205,1.4643864908169186,0.17522211681333344,1.2891643740035852
330.0234054007233,1.3922029211273566,0.058505964924542964,1.3336969562028136
330.0438378860199,1.3108518697976415,-0.03472012402483626,1.3455719938224777
330.06427057138353,1.2427735835758145,-0.08231717951069717,1.3250907630865116
330.0847031568628,1.182205245693974,-0.09467554490940677,1.2768807906033808
330.1051356424432,1.1305548486007388,-0.07851053707202449,1.2090653856727633
330.12556832810515,1.087499413678447,-0.04439264656978548,1.1318920602482325
330.1460009138609,1.0521975939380233,-0.0038604642635879927,1.0560580582016112
330.1664333997178,1.0244722819183185,0.03347065563426477,0.9910016262840537
330.18686598566273,1.0002353500552927,0.056781928938018256,0.9434534211172745
330.2072986717103,0.9778111985014918,0.06132781753370009,0.9164833809677917
330.22773115785094,0.9584164204584459,0.049223427077242254,0.9091929933812036
330.24816374407965,0.9409443385461054,0.02384563775541093,0.9170987007906944
330.268596430411,0.926074997652618,-0.0070576502611281455,0.9331326479137462
330.28902901683614,0.91321689045572,-0.03586179837739489,0.9490786888331149
330.3094615033551,0.9000871707349545,-0.057106733522481856,0.9571939042574363
330.3298941899702,0.8846770512329721,-0.06705287043082897,0.9517299216638011
330.3503267766864,0.8685722777314963,-0.061517006971205435,0.9300892847027017
330.37075926349644,0.8566870111201361,-0.036726936679398414,0.8934139477995345
330.3911918504018,0.851691869067484,0.005193103069972338,0.8464987659975116
330.41162443740177,0.8418510106535565,0.04480799102359778,0.7970430196299587
330.4524896116927,0.7958727003990606,0.06810738140291073,0.7277653189961498
330.4729221989837,0.758988845724678,0.034074813437758644,0.7249140322869193
330.4933547863693,0.7249079492676701,-0.025467478096525942,0.750375427364196
330.51378737385676,0.7022496717881315,-0.10243764141802736,0.8046873132061588
330.53421996144607,0.7131336500360552,-0.1709257553392175,0.8840594053752727
330.5546525491154,0.8308309680124245,-0.14995276653821543,0.9807837345506399
330.5750851368939,1.1036895370745836,0.019396799538547116,1.0842927375360365
330.5955176247735,1.32803773737563,0.14534132661948496,1.182696410756145
330.6159503127419,1.4734532874422355,0.2089005479847299,1.2645527394575056
330.63638290080416,1.422317425449812,0.1017436258697697,1.3205737995800424
330.65681538898207,1.3380456586412885,-0.006958382414568032,1.3450040410558566
330.67724807724153,1.2626860004918934,-0.07374573688566533,1.3364317373775587
330.69768066560937,1.1976926822717626,-0.10021904516535973,1.2979117274371224
330.71811315407103,1.1419641549921384,-0.09441805054621044,1.2363822055383489
330.7385458426288,1.0920220105616254,-0.06945169778535232,1.1614737083469777
330.7589784312877,1.0507724563007332,-0.03314722861362873,1.083919684914362
330.77941092005494,1.017763115497834,0.003939056306475397,1.0138240591913585
330.7998436088965,0.9920441865500939,0.032960286143239315,0.9590839004068545
330.82027619786095,0.9716816793693924,0.047454446399114,0.9242272329702784
330.84070878692,0.9524412286562688,0.042594333586585265,0.9098468950696835
330.86114127608016,0.9358574169865025,0.02313006088478764,0.9127273561017148
330.8815739653219,0.9209209066378131,-0.005706646166562468,0.9266275528043756
330.90200655467925,0.9079663603999091,-0.03561224566631682,0.9435786060662259
330.92243904413044,0.8966962041094783,-0.0587720638675886,0.9554682679770669
330.942871733685,0.8819262768098075,-0.07370697993609021,0.9556332567458977
330.963304323348,0.8670589060554513,-0.07312267576174536,0.9401815818171967
330.9837368130902,0.8562937725208251,-0.05252055389730981,0.9088143264181349
331.0041695029431,0.852651234808185,-0.012347630100372875,0.8649988649085579
331.0246020929044,0.8517218756034491,0.036258381192123434,0.8154634944113257
331.0450345829595,0.8371603453855316,0.06807122670111687,0.7690891186844148
331.06546717310994,0.8078110489391301,0.07242227006106705,0.7353887788780631
331.0858998633703,0.7726051731919416,0.0497732016572866,0.722831971534655
331.126764944187,0.7127470021979015,-0.06816881261904795,0.7809158148169495
331.1471976347384,0.7051286357242796,-0.14639806855777182,0.8515267042820515
331.16763022539817,0.7643235260718921,-0.17848563246675353,0.9428091585386457
331.1880627161663,1.011600629423882,-0.033516094113031025,1.045116723536913
331.20849540703057,1.2435462905518393,0.09668670864243745,1.1468595819094018
331.22892799798865,1.4673505581940853,0.2311370155517498,1.2362135426423355
331.2493604890624,1.4659430669843432,0.16305144265920157,1.3028916243251416
331.26979308023874,1.3811522380800278,0.04147817633107431,1.3396740617489535
331.2902257715032,1.3005702903757554,-0.04288279632300629,1.3434530866987617
331.3106582628752,1.2326421545485358,-0.08298468993730279,1.3156268444858386
331.33109085435717,1.171865506665969,-0.08991028515207833,1.2617757918180472
331.3515235459272,1.118290429804234,-0.07239330204938632,1.1906837318536203
331.3719560376194,1.0711318300100354,-0.041738513808869504,1.112870343818905
331.39238862939965,1.0298191823454461,-0.009056755606166478,1.0388759379516126
331.41282132128254,0.997770725738571,0.02017386463376003,0.9775968611048109
331.4332538132803,0.9730925536517476,0.03815550248020805,0.9349370511715396
331.4536864053807,0.9555616179193429,0.042562591169761355,0.9129990267495816
331.4741189975757,0.9402216054366586,0.030272841230778114,0.9099487642058804
331.4945515898726,0.925839017867184,0.005279227291457911,0.9205597905757261
331.51498418227857,0.9141094147695449,-0.023230428423238636,0.9373398431927835
331.53541667478567,0.9027671356641935,-0.049270653200480186,0.9520377888646737
331.5558493674034,0.8899902102819727,-0.06727664971091085,0.9572668599928835
331.576281960115,0.8755506340669073,-0.07240880450179066,0.9479594385686979
331.59671445294225,0.8629019780951547,-0.05949904309129583,0.9224010211864505
331.6171471458583,0.8590539546591637,-0.023604467289461084,0.8826584219486248
331.63757973889005,0.8592405353884598,0.024912151164010465,0.8343283842244493
331.65801233201637,0.8504402739076343,0.06480114263709058,0.7856391312705437
331.6784449252591,0.8258396413485872,0.07977975226458922,0.746059889083998
331.6988775186037,0.7907988762003334,0.06614907805422898,0.7246497981461044
331.71931011205015,0.7540705164249202,0.02564237936930669,0.7284281370556135
331.739742605605,0.7209419851531453,-0.04010274146310988,0.7610447266162552
331.7601752992632,0.704243514468642,-0.11773906524900724,0.8219825797176492
331.7806078930298,0.727511349956417,-0.17891908701299175,0.9064304369694087
331.8010403869048,0.894644519344183,-0.1112184230175568,1.0058629423617398
331.82147308088315,1.1690632931916718,0.059827011665072094,1.1092362815265997
331.84190567494807,1.4153275285567222,0.21072508627698183,1.2046024422797403
331.86233816915046,1.4964392382649916,0.21554408272921743,1.2808951555357742
331.8827708634417,1.4238496116650639,0.0942678901652012,1.3295817214998626
331.903203457834,1.3397905383918272,-0.0061245776754768055,1.345915116067304
331.923635952342,1.2656223426572464,-0.0639677624848567,1.329590105142103
331.9440685469599,1.202383916749484,-0.08230442167291097,1.284688338422395
331.96450124167313,1.1453748947742222,-0.07355873762866616,1.2189336324028883
331.98493373650854,1.0953949512442465,-0.04698924104738933,1.1423841922916358
332.0053663314393,1.051365023025246,-0.014411573893385654,1.0657765969186317
332.02579902647267,1.0148623991938148,0.016051945906467746,0.9988104532873471
332.0462316216217,0.987240409967754,0.03859137294250281,0.9486490370252512
332.0666641168864,0.969270490727744,0.05038482487615492,0.918885665851589
332.0870968122399,0.9523352978508821,0.043189351013323884,0.9091459468375582
332.1075294077018,0.9384595930115157,0.02307813893003774,0.915381454081478
332.12796190328663,0.9261748083454806,-0.004619507122688105,0.9307943154681687
332.1483944989741,0.9148251936470164,-0.032404507525156,0.9472297011721724
332.16882719476416,0.9029886453299422,-0.05379908054051852,0.9567877258704607
332.18925969066186,0.8901594115300958,-0.06321546455198734,0.9533748760820832
332.2096922866767,0.8752873114591301,-0.05863577672493625,0.9339230881840663
332.23012498278695,0.8640167313409574,-0.0350455279571984,0.8990622592981558
332.2505574790266,0.8601912901781981,0.007063213462291662,0.8531280767159064
332.2709900753471,0.8537963868370713,0.05030182532334426,0.803494561513727
332.291422771792,0.8336776343265678,0.07432982877409311,0.7593478055524747
332.3118553683453,0.8026985533568854,0.07259705249468218,0.7301015008622033
332.3322878650142,0.7645663621585604,0.040842384278059085,0.7237239778805014
332.3527205617793,0.7292760421216595,-0.01598965447281997,0.7452656965944795
332.3731530586592,0.7035906679738501,-0.09224629179859989,0.79583695977245
332.3935856556491,0.7044785972269676,-0.16774118130524385,0.8722197785322114
332.41401825275534,0.7933633056225319,-0.17381936662069652,0.9671826722432284
332.43445084996347,1.0770825769659533,0.006622164712568379,1.070460412253385
332.45488344728074,1.3197543764745578,0.14951415052884331,1.1702402259457145
332.47531604470714,1.4968355939434148,0.2419201789789196,1.2549154149644952
332.49574864224996,1.4564130789835064,0.14159249942886465,1.3148205795546417
332.51618123989465,1.3687530049547718,0.025087782351789878,1.343665222602982
332.5366138376485,1.2898618681757232,-0.049570418315999065,1.3394322864917223
332.557046435526,1.2222856688329236,-0.08231130846339774,1.3045969772963213
332.57747903351265,1.1630413230508438,-0.08259281620302672,1.2456341392538706
332.59791163160116,1.1099234954450772,-0.06197698684607822,1.1719004822911554
332.6183441298126,1.0658456915638554,-0.028235993097497802,1.0940816846613532
332.6387768281056,1.031512227746949,0.009049515726014423,1.0224627120209346
332.6592094265361,1.00429952532316,0.03898204442117159,0.9653174809019883
332.67964192508225,0.9837133081474707,0.05604125834307483,0.9276720498043959
332.7000746237245,0.9648786920338973,0.05422410193678773,0.9106545900971096
332.7205072224824,0.9486061410848484,0.03707757752258134,0.9115285635622671
332.74093972135597,0.9339055288522816,0.009513469196438917,0.9243920596558427
332.7613724203329,0.92130695082875,-0.020112782443645116,0.9414197332723951
332.7818050194328,0.9090669370875786,-0.045356149395432865,0.9544230864830114
332.8022375186483,0.8939394957026581,-0.06251970875220658,0.9564592044548647
332.8226701179665,0.8784710081802055,-0.06473303036335498,0.9432040385435605
332.84310281738726,0.8637976072704845,-0.050053736487370215,0.9138513437578547
332.86353541693825,0.8563378218041259,-0.015041302134402024,0.8713791239385279
332.8839679165976,0.8528924500759619,0.030761678421834637,0.8221307716541273
332.90440061636036,0.838723412907522,0.06394411158344637,0.7747793013240756
332.92483321624604,0.8124528620041329,0.07360197893100073,0.7388508830731322
332.9452657162474,0.7757408432887687,0.052690851632151814,0.7230499916566169
332.9656984163521,0.7389515138106353,0.005272099419937559,0.7336794143906977
332.98613101657975,0.7076283357718655,-0.0657935342767132,0.7734218700485787
333.0065635169085,0.6938936269610186,-0.1468024842142629,0.8406961111752815
333.0269962173479,0.7355303283600717,-0.1941768971363942,0.9297072254964659
333.0474288179248,0.9578873912816661,-0.07329640135756832,1.0311837926392344
333.06786131861736,1.2238867026369318,0.09018649184264538,1.1337002107942864
333.0882939193907,1.4673289944651084,0.2419674889747907,1.2253615054903177
333.1087266202885,1.486030457614499,0.19045288306715658,1.2955775745473423
333.129159121323,1.40201714784809,0.06537454816045019,1.3366425996876399
333.1495917224529,1.3158134623007474,-0.029047151378462255,1.3448606136792096
333.17002442369994,1.2419568976699074,-0.07907155410308331,1.3210284517729907
333.19045702505537,1.1805741705011417,-0.08963602292173656,1.2702101934228782
333.21088952654827,1.1251502307951,-0.07568756328984882,1.2008377940849488
333.23132222813,1.0775168912730604,-0.04577632839312784,1.1232932196661882
333.2517548298347,1.0398430258899354,-0.00837375814319996,1.0482167840331353
333.2721873316623,1.0099655434890717,0.025152479031240627,0.9848130644578311
333.29261993360706,0.9871551080721888,0.04770881122959558,0.9394462968425932
333.31305263566173,0.968408828156578,0.05365607529962013,0.9147527528569579
333.3334851378386,0.9513039838705113,0.041895042676913796,0.9094089411935975
333.3539177401326,0.9366075581228114,0.018019013324279576,0.9185885447985318
333.3743503425212,0.9225548734580736,-0.012466545998790268,0.9350214194568639
333.4152155476768,0.8903367358623744,-0.066984519755099,0.9573212556174734
333.43564815043646,0.8751232433611041,-0.07502129239375077,0.9501445357548549
333.4560807533053,0.8610650543973329,-0.06566472613022245,0.9267297805275554
333.47651335628325,0.8550421763962277,-0.033594710590088894,0.8886368869863166
333.4969458593914,0.8560576451639109,0.015029370607704817,0.8410282745562061
333.51737856224645,0.8503972430323087,0.058546529362872524,0.7918507136694362
333.5378111655882,0.8281594204521001,0.07765877886494388,0.7505006415871562
333.5582436690456,0.7935441665987684,0.06735425680658325,0.7261899097921851
333.57867637259915,0.755921602673805,0.029624274618551327,0.7262973280552537
333.59910897629015,0.7212195322307389,-0.03376500600016619,0.7549845382309051
333.61954148011137,0.6984747559072028,-0.11384009298148823,0.812314848888691
333.6399741839996,0.7111583178375116,-0.18287720748190062,0.8940355253194122
333.6604067880544,0.8424501960252303,-0.1496107212377541,0.9920609172629844
333.68083929222485,1.1460736461473622,0.05047743650263303,1.0955962096447291
333.70127189649065,1.400193734169501,0.20747973530245734,1.1927139988670437
333.7217046008809,1.5112054141040205,0.23907736918192968,1.2721280449220909
333.74213720537955,1.439628337978826,0.11474785405934917,1.3248804839194768
333.7625697100302,1.3512572938716905,0.005591834676043961,1.3456654591956465
333.7830024147697,1.2730700911109685,-0.06049941461464292,1.3335695057256114
333.803435019654,1.206664922105923,-0.08545044859793438,1.2921153707038573
333.8238675246321,1.1477361764941603,-0.08086892462149908,1.2286051011156593
333.8443002297354,1.094915984899485,-0.05795730624155704,1.152873291141042
333.8647328349616,1.0490804690341242,-0.02658835066147347,1.0756688196955977
333.8851653403108,1.0115673225575634,0.004642325517294488,1.006924997040269
333.9055980457779,0.982600211184493,0.028384362575792244,0.9542158486087008
333.9260306513461,0.9634118977530467,0.041759515766243926,0.9216523819868028
333.94646315705177,0.9470638086303615,0.03767374887515562,0.9093900597552059
333.96689576286735,0.9332439531754368,0.019412516728975704,0.9138314364464611
333.98732846882194,0.9197458028927734,-0.008728844534417801,0.9284746474271912
334.00776107487036,0.9081958975793131,-0.03705892520258014,0.9452548227818932
334.02819358106353,0.89637991921689,-0.05976369147786642,0.9561436106947564
334.04862628737465,0.8821880835178051,-0.07253685668412013,0.9547249402019252
334.06905889379414,0.8679136089005562,-0.06955876335439937,0.9374723722549556
334.08949140033656,0.8576445368335737,-0.0468604307802144,0.9045049676137881
334.10992410698964,0.8581719845450433,-0.001513142425370484,0.8596851269704138
334.1303567137802,0.8576052418966195,0.04756393498403766,0.8100413069125818
334.1507892206864,0.8405667015336632,0.07596327621778398,0.7646034253158792
334.17122182772437,0.8087263852507701,0.0758746507168877,0.7328517345338824
334.1916545348722,0.7714211080653383,0.048379793818785655,0.7230413142465526
334.21208704214223,0.7338347502053179,-0.006850179365851972,0.7406849295711698
334.2325196495294,0.7043804900626418,-0.08307851126405486,0.7874590013266967
334.25295235704107,0.6969691298851585,-0.1637535974224874,0.8607227273076459
334.27338486468943,0.7645798934200075,-0.18915798685517304,0.9537378802751806
334.2938174724404,1.0419157289017578,-0.014654031712039606,1.0565697606137974
334.3142500803151,1.3035811372525106,0.14606727968062705,1.1575138575718835
334.33468278831424,1.512778913840062,0.26794675888062547,1.2448321549594366
334.35511529645737,1.4824050125930104,0.1738994952248556,1.3085055173681548
334.37554790469585,1.3893040102944836,0.04757744050970425,1.3417265697847793
334.3959805130726,1.305410477271945,-0.036466358599421156,1.3418768358713662
334.41641312155116,1.2332636646366286,-0.07757932246316668,1.3108429870997953
334.436845730168,1.1719479820418643,-0.08266870842258989,1.2546166904644542
334.4572783389085,1.1165973156298097,-0.06565428895789283,1.1822516045877025
334.4777109477727,1.06832806181641,-0.036026408674701305,1.1043544704911112
334.4981435567606,1.026692895214669,-0.004671162132307449,1.0313640573469764
334.51857616586494,0.9951442605334971,0.023238874716497437,0.9719053858169997
334.5390087751002,0.9735669365424452,0.04207498491081485,0.9314919516316303
334.55944128445844,0.956780376085512,0.044992152964875354,0.9117882231206367
334.5798738939411,0.9427148330524744,0.032166574757722,0.9105482582947524
334.6003066035337,0.9301150419401056,0.00788243020351953,0.9222326117365861
334.62073921326373,0.9187307531099671,-0.02045636396423578,0.9391871170742029
334.641171723124,0.9076912250597732,-0.045485605931118056,0.9531768309908912
334.6616044331022,0.8943415039949418,-0.06266286912705765,0.9570043731219995
334.68203704318876,0.8793812807349637,-0.06654858451366641,0.9459298652486301
334.7024695534128,0.8647690962569908,-0.053876578782821594,0.9186456750398124
334.7229022637621,0.8571094890779443,-0.020521846273958033,0.8776313353519023
334.7433348742343,0.8545625903207682,0.02573517432289041,0.8288274159978778
334.7637673848367,0.8429790476406289,0.062305340538910015,0.7806737071017189
334.7842000955716,0.8176360133263217,0.07495958410645787,0.7426764292198639
334.80463270641485,0.7822125780344297,0.05846506283218378,0.7237475152022459
334.8250652173956,0.7439026210099297,0.013310209789423322,0.7305924112205063
334.84549782849354,0.7107388950648512,-0.05569158815224995,0.7664304832171012
334.8659305397159,0.6929337586745086,-0.13733170445027132,0.8302654631247799
334.8863631510758,0.7197660221777216,-0.19707090429327112,0.9168369264709927
334.9067956625513,0.9108474629200984,-0.10642673684423509,1.0172741997643335
334.92722837415204,1.2088787741677849,0.08852903345356045,1.1203497407142244
334.9476609858757,1.4642917350652869,0.2501667360585258,1.214124999006761
334.9680934977441,1.5112210036878952,0.22348447075840894,1.2877365329294863
334.9885262097232,1.4280200809136343,0.09500374652800447,1.3330163343856298
335.0089588218252,1.3383300068163333,-0.007356287353138091,1.3456862941694714
335.029391334072,1.2613867389915385,-0.06455285663058308,1.3259395956221216
335.04982394642866,1.1955586712894126,-0.08274816486217595,1.2783068361515886
335.07025665892434,1.1370191614383773,-0.07382195653388335,1.2108411179722607
335.090689171564,1.0860708983459735,-0.04768938306071213,1.1337602814066856
335.11112178429903,1.0420632330043822,-0.015706190107119822,1.057769423111502
335.1315544971585,1.006801695683843,0.014445611794434932,0.9923560838894081
335.151987010162,0.9813391748707876,0.037007782303937864,0.9443313925668497
335.17241962330445,0.9629727636810053,0.04611392482675125,0.916858838854254
335.1928523365423,0.9485726912517707,0.039438937559907794,0.9091337536918629
335.2132849499176,0.9350667463177605,0.018317142140965692,0.9167496041767949
335.2337174634449,0.9233371070461721,-0.00934765440504759,0.9326847614512197
335.25415007708943,0.910973618239831,-0.037758499462680395,0.9487321177025114
335.2745827908511,0.8985055295812853,-0.05861274204156908,0.9571182716228543
335.29501530474954,0.8837294651820754,-0.06830160354014347,0.9520310687222189
335.3154479187724,0.8679972633316411,-0.06279031499043741,0.9307875783220785
335.3358806329197,0.8570677696043902,-0.037369551387825384,0.8944373209922156
335.3563131472183,0.8548961441662967,0.007201843755110904,0.8476943004111858
335.37674576161953,0.84823611719163,0.05003585496581875,0.7982002622258112
335.39717837616627,0.8277067083701186,0.0724587963390898,0.7552479120310288
335.41761099082214,0.7947485894211213,0.06657651043527169,0.7281720789858496
335.4380436056308,0.756028924189494,0.031342781860251634,0.7246861423292423
335.45847612058424,0.7202387540091709,-0.029207781314330994,0.7494465353235019
335.4789088356192,0.6937270048580219,-0.10936772475065493,0.8030947296086768
335.4993414508208,0.6977143942179023,-0.18422741944930032,0.8819418136672026
335.519773966138,0.8018851397730791,-0.1764784229512315,0.9783635627243106
335.54020668158046,1.1144397487502524,0.03259367646308631,1.0818460722871661
335.56063929717493,1.3754913625639702,0.19498164224661485,1.1805097203173553
335.58107181288506,1.5203725511710309,0.2574927833099063,1.2628797678611245
335.60150452870585,1.4596065559401046,0.14000555687824567,1.319600999061859
335.62193714467867,1.3674834102154825,0.022663807468460417,1.344819602747022
335.64236966079625,1.2861953903380767,-0.050820300112737415,1.3370156904508141
335.6628023770245,1.2169832613500278,-0.08215765644471063,1.2991409177947384
335.68323499337566,1.156718234187067,-0.08133405201640165,1.2380522862034686
335.7036675098716,1.106421273258117,-0.05691348930400708,1.163334762562124
335.7241001265065,1.0662228718143616,-0.0194912835986798,1.0857141554130414
335.7445328432659,1.035002891605419,0.019673387024804256,1.0153295045806148
335.76496546014096,1.0100321770100587,0.04988363289002962,0.960148544120029
335.7853979771826,0.9879926799851785,0.06320411086631783,0.9247885691188606
335.8058306943203,0.9676313940630056,0.05769307713648719,0.9099383169265184
335.8262633116028,0.9499002501613372,0.03743277987420657,0.9124674702871306
335.8466958290228,0.9350521508720668,0.008858421573665898,0.9261937292984009
335.867128546568,0.9202467502618642,-0.022925306774799203,0.9431720570366634
335.88756116425793,0.904976088416588,-0.05029795720598651,0.9552740456225746
335.90799368205626,0.8906868779799207,-0.06509746067958888,0.9557843386595096
335.92842630000814,0.8724561014010878,-0.06827616752456656,0.9407322689256543
335.9488590180772,0.8578683384430582,-0.05185879322576181,0.90972713166882
335.9692915363121,0.8516300024717948,-0.014519974168203054,0.8661499766399978
335.9897241546423,0.8477003474647762,0.031040054388189353,0.8166602930765868
336.01015687311883,0.8320167478648313,0.06191312348321776,0.7701036243816135
336.03058939173206,0.8019829452038805,0.06598466370092493,0.7359982815029555
336.05102201046975,0.7651030168674444,0.0422460459675964,0.722856970899848
336.0714547293537,0.7275873012298417,-0.00904788430615544,0.7366351855359972
336.09188734837517,0.6971593895950797,-0.08240642161253298,0.7795658112076127
336.11231986751955,0.6855297055999896,-0.1640586460618363,0.8495883516618259
336.1327524867811,0.7344575942754515,-0.2060193676530273,0.9404769619284788
336.15318520621076,0.9880705010896401,-0.05458061738393727,1.0426511184735774
336.1736177257626,1.2646993985321004,0.12015402894213478,1.1445453695899657
336.1940503454316,1.49309699669062,0.258773875556513,1.234323121134107
336.2144830652396,1.4798761007639758,0.17823537278834678,1.301640727975629
336.2349155851989,1.3904582895972106,0.05126936621971212,1.3391889233774985
336.25534820527537,1.3065805461472444,-0.03717473316909392,1.3437552793163383
336.27578092549084,1.2329390595644465,-0.08369134209769236,1.3166304016621388
336.2962134458576,1.1702504752680707,-0.0930541053564411,1.2633045806245118
336.3166460663415,1.1157081133530482,-0.07679235239597926,1.1925004657490275
336.33707868696365,1.0717242862912904,-0.04299086245247974,1.11471514874377
336.3575113077386,1.037804360312137,-0.00270572244410916,1.0405100827562461
336.3983765496596,0.976734134019988,0.041045794458116736,0.9356883395618713
336.418809170842,0.9591571832882497,0.045899435252076626,0.9132577480361731
336.4392417921408,0.9413448556695643,0.03154139454717553,0.9098034611223887
336.4596743135771,0.9262527971374168,0.00608370427496463,0.9201690928624522
336.48010703513864,0.912347170551978,-0.024553091743893973,0.936900262295872
336.5005396568449,0.8990763326470832,-0.05266831346319156,0.9517446461102748
336.5209721787178,0.8849358039305498,-0.07234044854888422,0.957276252479434
336.54140490068676,0.86902036954941,-0.07933720692262292,0.9483575764720329
336.5618375228296,0.8567448526203826,-0.06644076165983814,0.9231856142802207
336.5822700450808,0.851103964098047,-0.03263321992652812,0.8837371840245751
336.60270266745647,0.8519004114501598,0.01636900157389609,0.8355314098762637
336.6231353900075,0.8444573145756856,0.05770934139469308,0.7867479731809925
336.64356801266695,0.8197088781378848,0.07286343166602693,0.7468454464718579
336.6640005354784,0.7839666144480913,0.05905451096193437,0.724912103486157
336.7048658815038,0.7158971421012801,-0.04405363806426843,0.7599507801655485
336.7252984047227,0.6927673311972085,-0.12748400385364644,0.8202513350508549
336.74573112808866,0.7097790586370558,-0.1944448504787083,0.9042239091157641
336.766163751563,0.8658782240591657,-0.1375412416975802,1.003419465756746
336.78659627521847,1.1841100599170291,0.07727487695212232,1.1068351829649068
336.8070288989911,1.4466537846182899,0.2441272847598832,1.2025264998584067
336.8274616229028,1.5180684615827456,0.238683102850479,1.2793853587322666
336.8478941469366,1.4361343507788142,0.1073344351477481,1.3287999156310661
336.8683267711458,1.3453332967903384,-0.0005908621253556401,1.345924158915694
336.8887594954649,1.265648120927747,-0.06469541236456733,1.3303435332923144
336.90919211993605,1.1974123467816318,-0.0886290119708033,1.286041358752435
336.92962464452285,1.13732025148793,-0.08334844326527246,1.2206686947532024
336.9500573692785,1.0837316745805305,-0.06051285803900153,1.144244532619532
336.9704899941571,1.0365375221323248,-0.030974475939168133,1.0675119980714929
336.99092251918046,0.9994002858637383,-0.0008143355547665099,1.0002146214185048
337.0113551443428,0.9729973741645963,0.023407770807234995,0.9495896033573613
337.0317878696296,0.9535444717595482,0.0342206589502313,0.9193238128093169
337.05222039508953,0.9381979917552652,0.02906014589529715,0.909137845859968
337.07265302065935,0.9249272158185444,0.009865051946845949,0.9150621638716985
337.0930857463827,0.9112515175685834,-0.019098671927008648,0.930350189495592
337.1135182722501,0.8986456208525093,-0.04821491582689019,0.9468605366793995
337.13395089825644,0.88503278251401,-0.071635637957702,0.956668420471712
337.15438362441637,0.8689413262099694,-0.08467944151278295,0.9536207677227524
337.1748161506912,0.8544142550148504,-0.08015237378527584,0.9345666288001262
337.195248777105,0.8471932296170176,-0.05285114944354785,0.9000443790605654
337.2156814036716,0.852745921288383,-0.0015595439161479874,0.854305465204531
337.23611403038376,0.8560488096030612,0.051384830094832745,0.8046639795082284
337.25654665723414,0.8394947579223913,0.07921476280394457,0.7602799951184467
337.2769792842082,0.8061487627314547,0.07556794772676367,0.7305808150046911
337.29741201135766,0.7673952841131653,0.04380731111253511,0.7235879730006302
337.31784453861474,0.7293840484934824,-0.015051476234136496,0.7444355247276189
337.33827716602536,0.7003761209292425,-0.09395956400357863,0.7943356849328211
337.3587097936106,0.6976620818322,-0.17251036780302076,0.8701724496352208
337.379142421305,0.7782261139067227,-0.1865752744165553,0.964801388323278
337.3995750491231,1.0807701425901013,0.012756102173821393,1.06801404041628
337.4200076771158,1.3489636686124706,0.18094896468963828,1.1680147039228324
337.44044030521763,1.5236008560704901,0.27042993942092997,1.2531709166495602
337.4608729335014,1.4744071480400656,0.16065460712994506,1.3137525409101205
337.4813054619299,1.3837774801726073,0.04040195351335818,1.343375526659249
337.50173819046904,1.3013649600512989,-0.03855070158860263,1.3399156616399015
337.52217081916024,1.2299566894453395,-0.07578715420140636,1.305743843646746
337.5426033479962,1.1679123990578135,-0.07933846826995739,1.247250867327771
337.5630360769719,1.112046889102489,-0.06169385727142962,1.1737407463739187
337.58346870609967,1.0626203015856286,-0.033268065461837804,1.0958883670474664
337.6039012353722,1.021641795584648,-0.0023676852882876798,1.0240094808729356
337.62433396478446,0.9919811623774997,0.025540518839797244,0.9664406435377024
337.64476659434877,0.9735234089667439,0.04522631534624122,0.9282970936205027
337.66519912405784,0.9561616049916647,0.04535881690942045,0.9108027880822442
337.6856317538768,0.9420062237991874,0.0306988522378846,0.9113073715613028
337.70606448387844,0.9302647200572989,0.006292444928478025,0.9239722751288209
337.72649701402406,0.9179569617164641,-0.023043154398809218,0.9410001161152733
337.7469296442796,0.905855766804048,-0.048336499028211466,0.9541922658322595
337.7673623746887,0.8921050959172742,-0.06445309110346242,0.9565581870207366
337.7877950052716,0.8761696738562232,-0.0675285408521451,0.9436982147083683
337.80822753596294,0.8633187102621238,-0.051397776187965705,0.9147164864500895
337.8286602668377,0.8580026718681113,-0.014499086156870455,0.8725017580249818
337.8490928978281,0.8563987040103088,0.0330716358246701,0.8233270681856387
337.86952542898507,0.8423322211605354,0.0665060021108792,0.7758262190496562
337.8899580602665,0.8136396990771716,0.07411684891950443,0.7395228501576672
337.9103907916942,0.7761805004454342,0.053019868529216696,0.7231606319162175
337.93082332325866,0.7379299344281985,0.0048141870887594695,0.7331157473394391
337.95125595500576,0.7050897943193334,-0.06707739007832247,0.7721671843976559
337.97168868687004,0.6901719959658206,-0.14866645796487665,0.8388384539306972
337.99212121887103,0.7283037776743453,-0.1991230606249632,0.9274268382993085
338.0125538510547,0.9510918514121719,-0.07764085045944402,1.028732701871616
338.0329865833555,1.2452389393916896,0.11387554307702663,1.131363396314663
338.0534191158222,1.4871580392431296,0.263746235013969,1.2234118042291606
338.0738517484133,1.499544926687578,0.20530620846741643,1.2942387182201616
338.0942844811798,1.4126525258370521,0.07659774012171927,1.3360547857153329
338.11471711405466,1.3263054391859719,-0.018753497843934097,1.345058937029906
338.13514964711067,1.25291268889553,-0.06902911286260438,1.3219418017581344
338.15558228028385,1.188104304603648,-0.08356918457279838,1.2716734891764463
338.17601501362515,1.130932745290682,-0.07168736546460819,1.2026201107552903
338.1964475471177,1.0785480974711166,-0.046590677804787095,1.1251387752759037
338.21688018072746,1.0344131455251637,-0.015468917082474665,1.0498820626076384
338.2373129145053,1.0007360421184919,0.014628799189600583,0.9861072429288913
338.25774544846354,0.9771562195622943,0.03689548843442969,0.9402607311278646
338.27817808250984,0.9593089677180052,0.044236724078886236,0.915072243639119
338.29861081672425,0.9448104075509997,0.035500209044064035,0.9093101985069356
338.31904335111903,0.9317641678787798,0.013542421625273082,0.9182217462535067
338.33947538565553,0.9195793266592934,-0.014999145951344106,0.9345784726106375
338.359908020313,0.9079362815414161,-0.042205511074334345,0.9501417926157505
338.3803407551459,0.8942090711280625,-0.06307428085988398,0.9572833519879465
338.4007733900871,0.8788303878915792,-0.07165654820104239,0.9504869360926216
338.4212059252095,0.863397362659512,-0.06406542873678966,0.9274627913963016
338.44163866047893,0.8549022175085118,-0.03477722510664638,0.8896794426151582
338.46207129588583,0.8549204559128886,0.012700044128051813,0.8422204117848368
338.4825038314448,0.8464247476538523,0.053444277669575935,0.7929804699842764
338.50293656715075,0.8230241340291613,0.07168593290749159,0.7513382011216697
338.5233692029942,0.7890877860349332,0.06255759328606236,0.7265301927488709
338.5438017390188,0.7514424230856459,0.025446055483504315,0.7259963676021416
338.5642343751606,0.7160914211975209,-0.03789594250512773,0.7539873637026486
338.5846671114705,0.6923505292482258,-0.1183197456295425,0.8106702748777683
338.60509964793164,0.7030196682186339,-0.1888705931657606,0.8918902613843945
338.6255322845391,0.8315242381034375,-0.15811998670060767,0.9896442248040451
338.6459650212855,1.1527182117022925,0.0595329410414549,1.0931852706608376
338.66639755818323,1.41286992650192,0.22227987896496537,1.1905900475369546
338.68683019522723,1.5233534899132142,0.252815288348458,1.2705382015647562
338.7072628324386,1.4526067650496508,0.12860729282473415,1.3239994722249167
338.7276954698027,1.3638107947636329,0.018241320361634283,1.3455694744019986
338.74812810731237,1.2835606416117966,-0.05066617741726942,1.334226819029066
338.7685606449595,1.213991994552561,-0.07940211002668307,1.293394104579244
338.78899338279007,1.1538791873360874,-0.07641577134945132,1.2302949586855387
338.8094260207363,1.1008470471246863,-0.05387656014713893,1.1547236072718252
338.8298585588491,1.0573480814184808,-0.020078719462909955,1.0774268008813908
338.8502912971162,1.0243086848683725,0.0159329559309509,1.0083757289374216
338.8707239355281,1.0003409576536613,0.04512306002534172,0.9552178976283195
338.8911565740782,0.9808171856925398,0.05866301796676987,0.92215416772577
338.9115892128102,0.9643853827463609,0.05495034982295621,0.9094350329234047
338.93202185168775,0.949342924050116,0.035797838990056174,0.9135450850600598
338.95245449070353,0.9361591392255564,0.008121774888407485,0.9280373643371489
338.9728871298721,0.923489739604751,-0.02137645265415078,0.9448661922589018
338.9933197692153,0.9116419289714728,-0.0443412610747933,0.9559831900462661
339.01375240866764,0.8963754807163827,-0.05854158461631376,0.9549170653326965
339.0341849483011,0.8800770893352637,-0.057984232755380005,0.9380613220906437
339.05461768811074,0.86689491995574,-0.03854855454132744,0.9054434744970674
339.07505032802874,0.8650746882327819,0.004233093572658109,0.8608415946601238
339.0954828681279,0.8616051688035271,0.05038559811344079,0.8112195706900863
339.11591560837405,0.8433078793590054,0.07773222784793776,0.7655756515110677
339.1363482487577,0.8113899583509495,0.07799007148597603,0.7333998868649735
339.1567807893225,0.7731599485471415,0.05016532374731919,0.7229946247998223
339.17721353000525,0.7354381169852042,-0.004514515877593994,0.7399526328627982
339.19764617085457,0.7055705503724915,-0.08047913256059391,0.7860496829330854
339.2180788118567,0.6989179444876041,-0.1598295190703617,0.8587474635579658
339.23851135306177,0.7660992815437043,-0.18529866211096058,0.9513979436546649
339.2589440943484,1.0459170665373092,-0.008210750694532809,1.054127817231842
339.2793767358162,1.3156723458851767,0.1604182157880456,1.155254130097131
339.2998092774578,1.5172642428264103,0.2742456486216931,1.2430185942047172
339.3202420192101,1.4916172609608989,0.1842726093560314,1.3073446516048675
339.36110720325087,1.3200373919110164,-0.0222217297145908,1.3422591216256072
339.38153994549793,1.2469948707682565,-0.06491051541735682,1.3119053861856134
339.40197258789703,1.1827696754952837,-0.07340620352118665,1.2561758790164703
339.42240513047,1.125506445487536,-0.05856173932382247,1.1840681848113586
339.44283777315286,1.0747120747225123,-0.03145930193471558,1.1061713766572279
339.4632705160184,1.0331932392536771,0.00024476038271492584,1.0329484788709622
339.483703059057,1.0021150325716928,0.029029205408325987,0.9730858271633668
339.50413570220553,0.979568212210519,0.047386995850417835,0.9321812163601012
339.52456834553595,0.9630012745522368,0.05100672652073246,0.9119945480315044
339.545000989041,0.9490505769044125,0.038682090686087967,0.9103684862183246
339.5654336326843,0.9366365799547065,0.01480673186097059,0.9218298480937359
339.58586637648114,0.9240536857414939,-0.014704302263160107,0.938757988004654
339.6062989204511,0.9108519004197665,-0.04206049709819981,0.9529123975179663
339.6267315645309,0.896479081132144,-0.0605740733274428,0.9570531544595868
339.64716430879344,0.8804641974969731,-0.06590403284705904,0.9463682303440322
339.66759685322904,0.8684834023618044,-0.05097804070687273,0.9194614430686772
339.68802949780365,0.86733501395558,-0.011388376640464437,0.8787233905960444
339.7084620425594,0.8692892710693128,0.03926840650499919,0.8300208645643136
339.7288947874622,0.8595197301232732,0.0777713279899479,0.7817484021333253
339.74932743250247,0.8314569299329323,0.08804998669995545,0.7434069432329768
339.76976007769554,0.7940058637065971,0.07006495929258671,0.7239409044140104
339.7901927230632,0.7555542720598042,0.02542936080410163,0.7301249112557026
339.81062536859827,0.7200370191042134,-0.045234884459203095,0.7652719035634165
339.831058014257,0.7005036860003172,-0.12798487909001033,0.8284885650903275
339.85149066011945,0.7292952312310688,-0.18531612358910632,0.9146113548201751
339.87192330609105,0.9200356814173406,-0.09480739816098704,1.0148430795783276
339.89235595224454,1.2193886556750864,0.10139603438317879,1.1179926212919076
339.9127884985719,1.4657510238392872,0.2536323502419582,1.212118673597329
339.933221245039,1.511613601713822,0.22530014148797672,1.2863134602258453
339.9536538916873,1.4294596048177188,0.0971326177134817,1.3323269871042371
339.9740864384803,1.3409921909797433,-0.004788669299822468,1.3457808602795658
339.9945191854131,1.263565367253644,-0.0631951983945358,1.3267605656481798
340.014951832527,1.1965248160336859,-0.08317640451562003,1.279701220549306
340.0353843797857,1.1379764326548973,-0.07461089334638116,1.2125873260012785
340.0558171271841,1.0848445258147812,-0.050757687725844214,1.1356022135406254
340.0762497747637,1.0403675104561254,-0.01909456211531535,1.0594620725714408
340.0966824225179,1.005289972626294,0.011588374058035367,0.9937015985682587
340.117114970446,0.9796496442126192,0.03444109655873906,0.9452085476538802
340.1375477184847,0.9611498037202192,0.043909976586904986,0.9172398271333142
340.1579803667046,0.946350766744842,0.037267046411505134,0.9090837203333368
340.1784129150619,0.9322871042957113,0.015877514844784946,0.9164095894509263
340.1988456636027,0.9201075119354518,-0.0121353811645597,0.9322428931000115
340.21927831231733,0.9077199025015307,-0.04066570272075576,0.9483856052222864
340.2397108611767,0.8939306208981836,-0.0631047433346732,0.9570353642328568
340.260143610205,0.8788257624200481,-0.07349220509337884,0.9523179675134269
340.28057625938527,0.8633455250672727,-0.0681209366738923,0.931466461741165
340.30100880873215,0.8561911677951094,-0.039248951314888036,0.8954401191099974
340.32144155820424,0.8595384570992769,0.010667845506004525,0.8488706115932724
340.3418742078793,0.8553188040811934,0.055974544687251715,0.7993442593939417
340.3623067577282,0.833586286471707,0.0774542920649034,0.7561319944068036
340.38273940768704,0.7980536447959121,0.06946708201177054,0.7285865627841416
340.40317205782776,0.7598517780740434,0.035373916179046394,0.724477861894997
340.4236047081358,0.7240961247545696,-0.024452059776338464,0.7485481845309081
340.4440373586258,0.6986382170027241,-0.10290162755484056,0.8015398445575647
340.46447010923293,0.7037354656166926,-0.17613018392515434,0.879865649541847
340.4849026600423,0.810890706538966,-0.1650930992518138,0.9759838057907798
340.50533531099063,1.1177108820032833,0.038278391806628065,1.0794324901966552
340.52576806209254,1.3678721718751914,0.18952631662551633,1.178345855249675
340.54620061336027,1.5065026580630319,0.2452851110855232,1.2612175469775087
340.56663326481066,1.4529582457269337,0.13433346791653022,1.3186247778104034
340.5870658164349,1.3665392621350787,0.021919925397801743,1.344619336737277
340.60749856816983,1.2871713808530956,-0.05040276984558689,1.3375741506986825
340.627931220115,1.2173922487746063,-0.08294705952210002,1.3003393082967063
340.64836387220566,1.156572462801283,-0.08311840081326216,1.2396908636145452
340.6687965244346,1.1018232474375862,-0.06334319513602882,1.165166442573615
340.6892291768745,1.0547524226097134,-0.03273347895933543,1.0874859015690488
340.70966182943084,1.0171992862395327,0.00037739292488403464,1.0168218933146487
340.7300944821545,0.9888765186625149,0.027667755236402414,0.9612087634261125
340.7505271351183,0.9692683813851082,0.043915516296897494,0.9253528650882107
340.7709597881403,0.9537931179882335,0.04375519670281092,0.9100379212854226
340.7913923413871,0.9403351514678534,0.028117945378525855,0.9122172060893275
340.8118250947591,0.9289498296390892,0.0031820962154528454,0.9257677334236364
340.8322577483632,0.9178131713927442,-0.02495492472705152,0.9427680961197957
340.8526903020829,0.9059805049345824,-0.04909487214593544,0.9550753770805178
340.8731230559715,0.8920373463156802,-0.06388629984766492,0.9559236461633451
340.89355571004126,0.8764038867701414,-0.06486106596838337,0.9412649527385247
340.91398826421937,0.8635119467373313,-0.047107234373145124,0.9106191811104765
340.9344210185809,0.8603070980326586,-0.006972761819150297,0.8672798598518089
340.9548536731745,0.8576801985462764,0.039839883384878316,0.8178403151613981
340.97528632787726,0.842117604215188,0.07100733023085859,0.7711102739843294
340.99571888276114,0.811966583962219,0.07535587999321336,0.7366107039690056
341.01615163776296,0.7748386997390891,0.05194162176961026,0.7228970779694789
341.0365842929896,0.7379278430925665,0.0019271820113335725,0.736000661081233
341.0570168483391,0.707747808877827,-0.0705033329800544,0.7782511418578814
341.077449603923,0.6968249921779793,-0.15086701300967742,0.8476920051876567
341.0978822595571,0.7523951614556196,-0.18579227845724633,0.9381874399128659
341.1183148154887,1.002745616368989,-0.03747608694865989,1.0402217033176488
341.13874757148005,1.263171615727377,0.12091125668086122,1.1422603590465157
341.1591802276962,1.4768264723435987,0.2443769403636089,1.2324495319799897
341.17961278403527,1.4760331368238346,0.1756415026717657,1.300391634152069
341.2000455406087,1.3945965379896232,0.05590365818568066,1.3386928798039426
341.2204781972905,1.3129152757648594,-0.031119933370526764,1.3440352091353862
341.24091075415345,1.2419084827878535,-0.07569623749822352,1.317604720286077
341.2613434111918,1.1797424819444413,-0.0850582060187326,1.264800687963174
341.28177606839745,1.1239139234374185,-0.07037174057588924,1.1942856640133077
341.3022087257268,1.0732511882487976,-0.04328304665076166,1.1165342348995593
341.322641383289,1.0378610330036835,-0.004265605731153199,1.0421266387348367
341.3430741409611,1.0078717119174603,0.027799932608450928,0.9800717793090093
341.3635066988136,0.9860251220255599,0.04958535434113709,0.9364397676844228
341.38393935689965,0.9683601041652659,0.0548371460035848,0.913522958161681
341.4043721150956,0.9515309671444382,0.041863204062025816,0.9096677630824124
341.42480467341375,0.9375575991848443,0.017770061238443158,0.9197875379464011
341.4452373319655,0.9253261650053481,-0.011139521137622288,0.9364656861429704
341.4656699906918,0.9128420769422638,-0.038607913210215505,0.9514499901524793
341.4861026495273,0.8988435383214717,-0.05843312102686837,0.95727665934834
341.5065353086029,0.8832288276504436,-0.06551099855693598,0.9487398262073796
341.52696796778764,0.867739579883457,-0.05621018608964601,0.923949765973103
341.5474006271543,0.8584620325290314,-0.026331596516725675,0.8847936290457571
341.56783328675374,0.8562822333524708,0.01956732123955096,0.8367149121129198
341.5882659464114,0.8469145491275673,0.0590698484767499,0.7878447006508174
341.60869860629464,0.8210012400103002,0.07337211648951458,0.7476291235207856
341.62913126635976,0.7860503286752121,0.06086572590039663,0.7251846027748154
341.64956392659224,0.7479609171909396,0.020300377981487316,0.7276605392094523
341.66999668694916,0.7146451071600645,-0.044244998145861025,0.7588901053059255
341.6904292475374,0.6934695820544197,-0.1250917455919489,0.8185613276463686
341.7108619082428,0.7167114370675273,-0.18534910315623476,0.902060540223762
341.731294469173,0.8776286636290511,-0.12338698131734605,1.0010156449463972
341.7517272302284,1.1674616743966468,0.06299331038124256,1.1044683640154043
341.7721598914504,1.4038831941698726,0.20340977533780213,1.2004734188320705
341.79259255285433,1.4825377043321253,0.2046540744076739,1.2778836299244514
341.81302521443286,1.4148056427904565,0.0867928752353837,1.3280127675550728
341.833457876186,1.3334545232294088,-0.01246046521179478,1.3459149884412036
341.8538905381065,1.2594323121185553,-0.07163720787593575,1.331069519994491
341.8743232002089,1.194769932850903,-0.09259204103665164,1.2873619738875546
341.8947558624204,1.1368212698191857,-0.08554871321676694,1.2223699830359527
341.91518852487206,1.0845444778412046,-0.06153170204160463,1.1460761798828092
341.93562108749757,1.0435910884194899,-0.025635276919435457,1.0692263653389253
341.956053850241,1.0131045927751192,0.01149900697762507,1.0016055857974941
341.97648651315103,0.9881552459880388,0.03762889917007595,0.9505263468179629
341.9969190763004,0.969939996061397,0.05017369351378509,0.9197663025476119
342.01735183956043,0.9532057671287405,0.044067246987316566,0.9091385201414239
342.0377845030016,0.93805987666644,0.0233071216047811,0.9147527550616589
342.05821706667484,0.9261928843296052,-0.003720074836060294,0.9299129591656655
342.078649830466,0.9148349707205039,-0.031657848067635275,0.9464928187881392
342.0990824944238,0.9030129867504939,-0.05353013566740805,0.956543122417902
342.1195150585627,0.8880223171701878,-0.06583091066681046,0.9538532278369982
342.13994772287697,0.8718296593890914,-0.06336106438676758,0.935190723775859
342.16038048735936,0.860429999260453,-0.0405737923624504,0.9010037916229034
342.18081305202213,0.8587616794567626,0.0032999880465410802,0.8554616914102215
342.2012457168603,0.8527588321293904,0.046941183202140135,0.8058176489272503
342.22167848186655,0.832466162927348,0.07126089738250008,0.7612052655448479
342.2421110470532,0.800841358815923,0.06977602955602569,0.7310653292598973
342.2625437123497,0.7626657379894982,0.0391957496867833,0.7234699883027149
342.28297647788713,0.7262214328330329,-0.01741418183101484,0.7436356146640477
342.30340904359764,0.6994311446952214,-0.09344221025452903,0.7928733549497504
342.32384170948353,0.7010709711444285,-0.1670978572142563,0.8681688283586848
342.3647070417137,1.0773331199026894,0.011727646270367487,1.065605473632322
342.3851397081162,1.3090901735550167,0.14327323173051076,1.165816941824506
342.40557237464236,1.472969757202636,0.2215287382474629,1.251441018955173
342.42600504140137,1.44120192746811,0.1285172587752832,1.3126846686928269
342.446437708335,1.361385390613738,0.018312969870267093,1.343072420743471
342.46687037537777,1.2879171613520328,-0.05245721427746286,1.3403743756294957
342.48730304266064,1.2197487029544851,-0.08711020745871623,1.3068589104132013
342.50773571005266,1.1598195696563536,-0.08901315077300409,1.2488327204293577
342.5281683776848,1.1052231419080842,-0.07032594096768552,1.1755490828757698
342.5486011454341,1.058908759892576,-0.03876056708336395,1.0976693269759399
342.5690337134147,1.0239622769259515,-0.0015763598006299784,1.0255386367265815
342.5894663815634,0.9973239179324943,0.02976751144428713,0.9675564064882072
342.60989894983504,0.9763200794593985,0.04739646977344869,0.9289236096859498
342.63033171833376,0.9585633252325702,0.047605109052936134,0.910958216179634
342.6507643869554,0.9425916246559749,0.03149546662057101,0.9110961580354039
342.6711970558099,0.9288589221515814,0.005297846433404918,0.9235610757181765
342.691629724839,0.9165325619350222,-0.024052104014299247,0.9405846659493214
342.71206239397725,0.90396192986515,-0.04999659984722471,0.9539585297123747
342.7324950633556,0.8887262584961666,-0.06792012028247574,0.9566463787786423
342.7529277329013,0.8731582563899302,-0.07101653702799493,0.9441747934179251
342.7733604026289,0.8601931450896498,-0.0553660867443031,0.9155592318339529
342.7937930724729,0.8585294626440927,-0.01507230990706554,0.8736017725511582
342.814225642549,0.8610942781966672,0.03658928454492072,0.8245049936517465
342.83465841279394,0.8497477224171462,0.07288594475045806,0.7768617776666882
342.85509108322003,0.8212022461401816,0.08100745696776557,0.740194789172416
342.87552365382,0.7846959046293558,0.061411447844593514,0.7232844567847623
342.8959564245306,0.7468914120818038,0.014313207551761575,0.7325782045300422
342.91638909548055,0.7151679854591877,-0.05578154805653812,0.7709495335157258
342.9368216666044,0.7024715617415958,-0.134551793480864,0.8370233552224597
342.95725443789706,0.7471083202037587,-0.17808426945277955,0.9251925896565383
342.9776871093709,0.9677744395238775,-0.058549865364276754,1.0263243048881543
342.9981196810186,1.220087216483734,0.09102843033035324,1.1290587861533807
343.01855245289335,1.436597079371637,0.21511373153203284,1.221483347839604
343.03898512489104,1.4644904099524336,0.17158361292666924,1.2929067970257644
343.0594176970626,1.3930361634670974,0.057577635708121244,1.335458527758976
343.0798503694605,1.3150445136696962,-0.03019195099533256,1.3452364646650288
343.1002831419828,1.2450774852094006,-0.07774729525438318,1.3228247804637838
343.1207157146782,1.1816299742078114,-0.09147198025812964,1.273101954465941
343.14114838759997,1.125400228673729,-0.0789687829566017,1.2043690116303307
343.16158116064616,1.0767497408625897,-0.05020447225254676,1.1269542131151364
343.18201373392367,1.0386234701520412,-0.012902212546772818,1.051525682698814
343.2024464073693,1.0094037584100224,0.022013472796517997,0.9873902856135044
343.22287918093934,0.988007786745311,0.04693508915558953,0.9410726975897215
343.2433117547407,0.9689122995609724,0.05351548655269134,0.915396813008281
343.2637444287102,0.9533110192395433,0.04409022564726395,0.9092207935922794
343.2841771028616,0.9393279044246626,0.021463241927289767,0.9178646624973729
343.3046097771876,0.9262742674019087,-0.007868591623330867,0.9341428590252395
343.32504245168093,0.9147357264980946,-0.0350850063811714,0.949820732879266
343.36590790125774,0.8786859374449763,-0.07212715664331626,0.9508130940882925
343.3863404762815,0.8650599225261729,-0.06311295534738004,0.928172877873553
343.4067731515388,0.8610529852250073,-0.029643501789447968,0.8906964870144553
343.4272059269133,0.863588887354103,0.02020013863132808,0.8433887487227749
343.44763850251184,0.8579890050098333,0.06389647384901287,0.7940925311608205
343.46807117829303,0.8345824415959924,0.08241309345488845,0.7521693481411039
343.4885039541841,0.8006419296876702,0.07376416557955034,0.7268777641081199
343.5089365303138,0.7626499399885472,0.03693245305338555,0.7257174869351617
343.5293692066771,0.7284298317270397,-0.02459613902277824,0.7530259707498179
343.54980188315676,0.7061082861829625,-0.10296252063576583,0.8090708068187283
343.5702345598038,0.7237475126379898,-0.16604894839246465,0.8897964610304544
343.5906672366327,0.8615425549516258,-0.1257357888190419,0.9872783437706677
343.6110999136945,1.1425414710471713,0.05172452296909369,1.0908169480780776
343.6315325909236,1.3588158952054863,0.17031800039453038,1.188497894810956
343.6519652682764,1.4681420582951692,0.19917690285505474,1.2689651554401145
343.67239794586203,1.4161028357343444,0.09298443023264036,1.323118405501704
343.69283072361577,1.3387858944653948,-0.006671613590962799,1.3454575080563576
343.7132633015499,1.2670678224987488,-0.06778744095744416,1.334855263456193
343.7336959796594,1.2032414211224254,-0.09139380747110759,1.294635228593533
343.7541285579937,1.1465957623893603,-0.08534993790700507,1.2319457002963654
343.7745613364532,1.0942185271033915,-0.062318289325300924,1.1565368164286924
343.79499401514477,1.0495216615533685,-0.02963249332107032,1.0791541548744388
343.81542659400293,1.013594978960526,0.0037877001532680143,1.009807278807258
343.8358593729863,0.9869941871462015,0.030783038755551773,0.9562111483906497
343.85629205220175,0.967226381344888,0.04456940599387604,0.922656975351012
343.8767246315838,0.9513432007933436,0.041855239397629695,0.9094879613957139
343.89715741120744,0.9373276002742491,0.024058160039886034,0.9132694402343631
343.91759009094676,0.9264532003734277,-0.0011560739982879875,0.9276092743717157
343.93802267091087,0.9136714560858982,-0.030809763382918298,0.9444812194688165
343.95845535099943,0.9020727772389807,-0.053745580458066655,0.9558183576970474
343.9788881313216,0.8880505455173512,-0.06704537388461695,0.9550959194019681
343.99932071180956,0.8732008891720868,-0.06542824540611203,0.9386291345781989
344.0197533924802,0.8635370519176866,-0.04281959266705648,0.9063566445847431
344.0401861733844,0.8647903472810722,0.002818320113230355,0.8619720271678418
344.0606187543963,0.8640005618949268,0.05162428721077905,0.8123762746841477
344.081051435649,0.8475171518681461,0.08098070015649939,0.7665364517116467
344.1014842170698,0.8162438371082023,0.08229433423250998,0.7339495028756923
344.121916798671,0.7800210717760155,0.05705669880300113,0.7229643729730144
344.1423494804476,0.7442598193154233,0.0050086201801913255,0.739251199135232
344.16278226239956,0.7168409987897514,-0.06784242107400218,0.7846834198637536
344.18321484451735,0.7157041449359176,-0.1411186716199605,0.8568228165558781
344.203647526876,0.7926212877971152,-0.15648961140463014,0.9491108992017453
344.2240802094093,1.0528432483755668,0.001109880199551272,1.0517333681760155
344.2445129921107,1.2706670884133666,0.11763477395005428,1.1530323144633123
344.26494557499245,1.4515858497266119,0.21035657379172812,1.2412292759348837
344.2853782581078,1.4414381922817974,0.13524791616759235,1.306190276114205
344.3058110413331,1.3674131584940235,0.026484371561827258,1.3409287869321962
344.3262436247969,1.2920903206816219,-0.050526515528576565,1.3426168362101984
344.34667630843614,1.2274211369351495,-0.08551204266157741,1.312933179596727
344.3671090922435,1.1690296871911938,-0.0886655552155422,1.257695242406736
344.3875416762312,1.1162832984435445,-0.06956188066747715,1.1858451791110216
344.4079743604525,1.0702916797046451,-0.03766265057206053,1.1079543302767056
344.42840704478294,1.0360745186966305,0.0015655887922709777,1.0345089299043595
344.4488397293535,1.0090358137170619,0.03478309868601026,0.9742527150310516
344.46927241409867,0.9870770349303609,0.05420938609795778,0.9328676488324031
344.4897050990112,0.9689465992299126,0.056740098215982804,0.9122065010139297
344.5101378841646,0.9524365867784617,0.042237636482458485,0.9101989502960032
344.53057046949107,0.9388224364185345,0.0173849004970148,0.9214375359215197
344.55100315498566,0.9268526818277917,-0.0114824000200211,0.9383350818478128
344.5714359406629,0.9152579099278897,-0.03738910511168936,0.952647015039579
344.5918685265133,0.9028458492034739,-0.054246165870926566,0.9570920150744004
344.61230121258995,0.8867117407015029,-0.060076519238231985,0.9467882599397349
344.6327338987903,0.871896864586643,-0.04835576264017294,0.9202526272268159
344.6531665852235,0.8656853063431287,-0.014103147526844051,0.8797884538699727
344.67359927182406,0.8634910266439048,0.03230146737121975,0.831189559272685
344.69403185866395,0.8500540341361583,0.06724695323488106,0.7828070809012773
344.71446464568,0.8227926017530153,0.0786594926909806,0.7441331090620347
344.7348973328044,0.7881359844563888,0.06399120300672856,0.7241447814496602
344.75532992022636,0.7520593773115459,0.022376230235776284,0.7296831470757696
344.77576270776626,0.7202230881725911,-0.04392966370394902,0.7641527518765401
344.79619539553096,0.7070801066135773,-0.11968111530398251,0.8267612219175599
344.8166279834186,0.7449569728834853,-0.1674823033576074,0.9124392762410927
344.83706077154056,0.9361451268542315,-0.07631838243820843,1.01246350929244
344.85749345988734,1.179352043500579,0.06367256108848296,1.1156794824120961
344.87792604835704,1.3897083889960058,0.17956484756633162,1.2101435414296742
344.89835873706033,1.446262513446603,0.16135846248406116,1.2849040509625418
344.91879152593174,1.3845098032392873,0.052875426167519946,1.3316343770717674
344.9392241149835,1.3112262818645382,-0.03462973576273942,1.3458560176272776
344.9596568042689,1.2438259676647185,-0.08372392285830665,1.3275498905230252
344.98008959372237,1.1830678510576487,-0.09798854434174631,1.281056395399395
345.0005221833562,1.1284207689431054,-0.08587114554667274,1.2142919144897781
345.02095487316546,1.0805951144749109,-0.056812303022165445,1.1374074174970763
345.041387663201,1.0424173135764367,-0.018708438254911197,1.061125751831348
345.06182025341695,1.0132720412630196,0.01824315973977919,0.9950288815232404
345.08225294380827,0.9912265331825041,0.04514803178866966,0.9460785013938344
345.10268563436694,0.9715918719992953,0.05396835903582353,0.9176235129634718
345.12311842510826,0.9556152749318652,0.04657264141354445,0.9090426335183207
345.1435510160809,0.9404742939874757,0.024393629772585967,0.9160806642148898
345.16398370727984,0.9283598550932465,-0.0034495754763517184,0.9318094305695982
345.18441649860324,0.9170935788062795,-0.030947737356626925,0.9480413161629064
345.20484909015795,0.9056098917149537,-0.05133618239923865,0.9569460741141923
345.22528178188077,0.8900089634636996,-0.06258048410931938,0.952589447573019
345.24571457378624,0.8736601663626647,-0.058462246128136885,0.9321224124908016
345.26614716592303,0.8625932334273761,-0.03382233186269323,0.8964155652900694
345.2865798581697,0.860810834423134,0.010789882953748275,0.8500209514693857
345.30701265065727,0.8532859706890563,0.0528180113159038,0.8004679593731525
345.3478779362631,0.8074294655018841,0.07842398674471884,0.7290054787571653
345.368310629332,0.7708710832901786,0.04658129783945153,0.7242897854507271
345.3887434225762,0.7368850871306337,-0.010799926873614862,0.7476850140042486
345.4091760160445,0.7142057448366964,-0.08582628961765626,0.8000320344543527
345.42960870963725,0.7269746433328541,-0.15086793470962379,0.8778425780424779
345.4500415035218,0.8445606117620514,-0.12909809162227182,0.9736587033843233
345.47047409751394,1.1106321284334242,0.03356433283311411,1.07706779560031
345.49090679174697,1.3092060636667076,0.1329876246291093,1.1762184390375983
345.5113394861546,1.4451315421302406,0.18555493509997967,1.259576607030261
345.5317721807878,1.4125915725462106,0.09493912883760047,1.3176524437086101
345.5522048755447,1.3403787129467915,-0.004027039596238957,1.3444057525430304
345.57263757059263,1.2701847348356443,-0.06792006398610595,1.3381047988217503
345.5930702657497,1.2078945443044526,-0.09360533311669794,1.3014998774211506
345.61350296108867,1.1515111113391976,-0.08977631049045343,1.241287421829651
345.6339355567179,1.099639305788328,-0.06731919677859888,1.166958502566927
345.6543683524578,1.055034909006233,-0.03418940692270156,1.0892243159289345
345.6748010484371,1.0185676025628194,0.0002768660324865557,1.0182907365303329
345.6952336445902,0.9912192630160511,0.028962027491114206,0.9622572355249369
345.7156664409122,0.9707686910199134,0.04485259388240648,0.9259160971375069
345.7360991374735,0.9548913634333138,0.044746959722953505,0.9101444037103603
345.7565317342087,0.9405575259040747,0.028579685639527397,0.9119778402645473
345.77696453111275,0.9282874344785057,0.0029355919146764053,0.9253518425638293
345.79739722819795,0.9168598838463878,-0.025509483018058443,0.9423693668644463
345.8178298255734,0.9056653341126186,-0.04920858060007782,0.9548739147126964
345.8382625230588,0.8919766956615385,-0.06407412923653832,0.9560508248980768
345.85869532078505,0.876515464993312,-0.06526152854791023,0.9417769935412222
345.8791279186844,0.8659878748746315,-0.045496668894137504,0.911484543768769
345.89956061675184,0.8663546331325427,-0.002027734000073389,0.8683823671326161
345.91999341506016,0.8646968123710942,0.045700175397249465,0.8189966369738447
345.94042611354234,0.8495183363000943,0.07741627633300008,0.7721020599670942
345.9608587121911,0.8214024675992674,0.08418092910737307,0.7372215384918943
345.9812915110815,0.7856853702134976,0.06273406193738618,0.7229513082761114
346.00172421014577,0.7507504944784892,0.015354359528532369,0.7353961349499568
346.0221568094348,0.7232094193473264,-0.0537709724182831,0.7769803917656095
346.04258950890653,0.7178906945958904,-0.12795706351320124,0.8458477581090916
346.0630223085536,0.7842514072286109,-0.15170225861615905,0.9359536658447699
346.08345490836655,1.0212967948108904,-0.01654897353362217,1.0378457683445126
346.10388760842034,1.2238906077076737,0.08387277707304297,1.1400178306346307
346.1243204087077,1.4165357091779258,0.18593125609395234,1.2306044530839735
346.1447530091609,1.4327967370358101,0.13364257334802265,1.2991541636877875
346.1651857097968,1.3685804845690956,0.03039060601950294,1.3381898785495927
346.18561851060804,1.2982942968377893,-0.04599796383331345,1.3442922606711027
346.2060511116433,1.234799869741293,-0.0837438677303175,1.3185437374716105
346.22648381286126,1.176745788280506,-0.08950921339329665,1.2662550016738026
346.2469166143128,1.1255897382312003,-0.07043826499851691,1.1960280032297173
346.2673493159309,1.079877334787293,-0.038437988918267996,1.118315323705561
346.2877819177302,1.0451633870787718,0.001448675403786126,1.0437147116749856
346.308214619763,1.0173301064952662,0.03604182743527484,0.9812882790599914
346.328647421964,0.9955602631682605,0.05837470377474352,0.937185559393517
346.3490800244035,0.9766549568056467,0.06286273240120577,0.913792224404441
346.36951272701845,0.9605183973987732,0.05097648014687972,0.9095419172518935
346.3899454298007,0.9461817864783778,0.026764747990610238,0.9194170384877676
346.4103781328231,0.9345976373178602,-0.0014412204892606528,0.9360388578071208
346.4308108360201,0.9237344840115256,-0.027421483773481303,0.9511559677850069
346.45124353944266,0.9109793199292012,-0.04628915324864813,0.9572684731778494
346.4716762430471,0.8958212581364733,-0.053282930105152726,0.949104188241626
346.4921089468262,0.8810572644240123,-0.04363155562592713,0.9246888200499395
346.51254155083734,0.8739896489003391,-0.01183246450541664,0.8858221134057558
346.53297435501736,0.8701412705886546,0.03226921650857684,0.8378720540800778
346.5534070594367,0.8584357053477625,0.06951367722442292,0.7889220281233396
346.57383966402267,0.8335890873103808,0.08518354081229118,0.7484055464980897
346.59427246879204,0.800197162837484,0.07473216717897102,0.725464995658513
346.6147051737935,0.7652738491889498,0.03796155175735538,0.7273122974315944
346.6351377789688,0.7342627894446307,-0.023605296128846653,0.7578680855734774
346.65557058437116,0.7178105908240036,-0.09911114245236807,0.8169217332763716
346.6760032899547,0.7490616550003544,-0.1508922385603112,0.8999538935606656
346.696435895763,0.9176913356979209,-0.0809771114364708,0.9986684471343917
346.71686860175396,1.1548112351242674,0.05266181009609272,1.1021494250281747
346.7373014079203,1.3533830332372125,0.15492721540789178,1.1984558178293208
346.757734014318,1.4412320901423947,0.16483151414826702,1.2764005759941277
346.77816672094195,1.3939810179309866,0.06675525487947764,1.327225763051509
346.7985995276904,1.3227088859750735,-0.023179848466791553,1.345888734441865
346.8190322347218,1.2564144605227001,-0.07534970441573696,1.331764164938437
346.8394648418762,1.1981505662700023,-0.09049176916977308,1.2886423354397754
346.8803303568784,1.0980199330083047,-0.04984697518174985,1.1478669081900545
346.90076296467305,1.055116026858366,-0.01579117418978604,1.070907201048152
346.92119577270205,1.0210661627982187,0.0180915298997526,1.0029746328984661
346.9416284808394,0.9955099520494393,0.04405688874274327,0.951453063306696
346.96206108927436,0.9749595941891427,0.05475037047546316,0.9202092237136795
346.9824937978847,0.9583610201029605,0.049213676813255725,0.9091473432897048
347.0029266066631,0.9450044325146219,0.03054981779851984,0.914454614716102
347.0233592156801,0.9322310742990283,0.002745541786662864,0.9294855325123654
347.0437919248725,0.9218736436096202,-0.024255168261027027,0.9461288118706472
347.064224734233,0.9098675006644191,-0.04654540557613662,0.9564129062405557
347.0846573438903,0.8973913447230081,-0.056679712782543246,0.9540710575055513
347.10509005366475,0.8821980277820096,-0.053593794537451056,0.9357918223194607
347.12552286366554,0.8746480693245098,-0.027287212753395962,0.9019352820779057
347.14595557390567,0.8751586791557407,0.018569455450309746,0.856589223705431
347.16638818431966,0.8706043357545259,0.063656311940395,0.8069480238141309
347.18682089495996,0.8507808901500745,0.08866287493720715,0.7621180152128674
347.20725370578293,0.8197850129625632,0.08823374007212559,0.7315512728904376
347.227686316779,0.7840902809651698,0.0607202019762727,0.723370078988897
347.24811902800866,0.7496112436239568,0.006741645215276426,0.7428695984086804
347.2685517394639,0.725771273769615,-0.0656873836563896,0.7914586574260046
347.2889844510428,0.7328038890476801,-0.1334174278249166,0.8662213168725967
347.30941716290545,0.8330713209805766,-0.1271124456372582,0.9601837666178348
347.32984987495,1.0864803896115272,0.02322996752683837,1.0632504220846888
347.3502825871692,1.271225609252304,0.10756394925788659,1.1636616599944174
347.37071529961395,1.4282665673942632,0.17852883334729786,1.2497377340469653
347.3911480122988,1.4152745487972265,0.10364964279170463,1.3116249060055218
347.4115807251583,1.3457439200147756,0.0029851345527074358,1.3427587854620682
347.4320134381851,1.2776914909412236,-0.06311500859684926,1.3408064995380728
347.45244605145126,1.2174011136717817,-0.09053490804217512,1.3079360217139568
347.4728788649518,1.1614759942743997,-0.08889498096537585,1.2503709752397756
347.4933115785607,1.111640037336546,-0.06567390923920735,1.1773139465757534
347.51374419246713,1.069368909519601,-0.030045049525187162,1.0994139590447882
347.5341770065497,1.035053887007416,0.00801314581657575,1.0270407411908402
347.5546097207989,1.0083115793409165,0.039654738013266244,0.9686568413276503
347.57504233534564,0.9871556815904532,0.057609322945323393,0.9295463586451298
347.5954751500103,0.9679663913671978,0.056847125924367914,0.9111192654428298
347.6159078648998,0.9510390259519282,0.040143389048944766,0.9108956369029835
347.6363404800286,0.9370815586541915,0.013920718644295338,0.9231608400098962
347.6567731953328,0.9245440709569902,-0.01563167690681444,0.9401757478638046
347.6772060108633,0.9118958654639144,-0.04182765123516918,0.9537235166990836
347.69763872657495,0.8982649447753022,-0.05845867425429607,0.9567236190295982
347.71807134251867,0.8832146037198427,-0.06141658776203973,0.9446311914818825
347.73850415863126,0.87183313873286,-0.044541974864209744,0.9163751135970697
347.7589368749832,0.869415909343343,-0.0052564250045028516,0.8746723343478459
347.779369491509,0.8673438496491214,0.04168762507957624,0.8256562245695451
347.79980230826186,0.8538333144435074,0.075953667639714,0.7778796468037934
347.82023502519587,0.8249187686408515,0.08405656107831283,0.7408622075625386
347.84066764236195,0.7901874617715253,0.06676762176074702,0.7234198400107783
347.8611004597551,0.7556534681943596,0.02358443472955918,0.7320690334648005
347.8815331773294,0.7270913797529269,-0.04268378810211304,0.76977516785504
347.90196579507756,0.7188129833396691,-0.1164500542783039,0.835263037617973
347.92239851311024,0.774462252157315,-0.14855440470440773,0.9230166568617227
347.94283133126737,0.9874987269907608,-0.036473907548211115,1.023972634538972
347.9632639496558,1.183147268802212,0.05634416031407463,1.1268031084881374
347.98369666827784,1.3763811805363058,0.1567930731297258,1.21958810740658
348.0041294871262,1.419682493261121,0.12809192050220752,1.2915905727589134
348.0245622061557,1.3616685195429972,0.026809205941472625,1.3348593136015245
348.04499482535175,1.2928356716333063,-0.052557372859202145,1.3453930444925084
348.06542764478945,1.2309314873179538,-0.09274168852069331,1.323673175838647
348.08586026445846,1.1754340315316545,-0.09905328230515553,1.27448731383681
348.10629298430285,1.1255257796192637,-0.08054660924744472,1.2060723888667084
348.1267257043728,1.081367085521933,-0.04736215833745416,1.1287292438593872
348.14715842468286,1.0456247537914276,-0.007512193652018384,1.053136947443446
348.16759114510205,1.0173653305608263,0.028712910539235525,0.9886524200215908
348.18802386581956,0.995067241106031,0.053190550892176836,0.9418766902138541
348.2084565867117,0.9762161238350178,0.06049246101180339,0.9157236628232144
348.22888930783665,0.9590538031935469,0.04991308896186708,0.9091407142316799
348.24932202912896,0.9447060774168459,0.02718686671523851,0.9175192107016074
348.2697547506614,0.9324355033973919,-0.001280260976877834,0.9337157643742697
348.3106201943592,0.902820790360827,-0.054364007802740644,0.9571847981635676
348.3310529164737,0.8903381805770056,-0.060784523678488855,0.9511227042554945
348.35148563882103,0.8772865471638163,-0.05157212150414314,0.9288586686679594
348.3719183613939,0.8719581545559453,-0.019726860600192242,0.8916850151561375
348.39235098420613,0.8724519886048352,0.02792174408802628,0.8445302445168089
348.4127838071872,0.8622493041206227,0.06706562177905007,0.7951836823415727
348.43321653034945,0.8391692274106224,0.0861784400024157,0.7529907874082067
348.45364915380196,0.8064331633447207,0.0792022801253992,0.7272308832193215
348.4740819774306,0.7761108426870582,0.050650393407705385,0.7254604492793528
348.49451470122585,0.7499979060243845,-0.0021040274061225883,0.7521019334305071
348.5149474252612,0.7354853416421009,-0.0720358918576891,0.80752123349979
348.5353801495221,0.7631859064099699,-0.12457322850252406,0.8877591349124939
348.5558128739649,0.916558074008192,-0.06841130813245011,0.9849693821406421
348.5762455986405,1.164009377383292,0.07550960410682017,1.0884997732764718
348.5966782235482,1.3602971985204655,0.17385347898831194,1.1864437195321536
348.6171110486248,1.4874846030067748,0.2200705803522991,1.2674140226544757
348.6375437739407,1.455419188310981,0.1331784440317474,1.3222407442792337
348.6579763994305,1.3877491995614937,0.042418287320685755,1.345330912240808
348.67840922514733,1.3218059384472445,-0.013648254483473066,1.3354541929307175
348.69884195110353,1.2616868183554613,-0.03415017636323503,1.2958369947186963
348.7192745772336,1.2085366834346503,-0.02501563240604221,1.2335523158406925
348.7397074035907,1.15736984990409,-0.0009382905035104638,1.1583081404076006
348.7601401301872,1.1113057252133187,0.030458649001454452,1.0808470762118643
348.78057275695755,1.0707748367881422,0.059560485023695486,1.0112143517644467
348.801005583955,1.0337402793932757,0.07654804454900044,0.9571922348442753
348.82143831119174,1.0006806796173928,0.07752194450210204,0.9231587351152908
348.84187093860237,0.9708005068591262,0.0612524600251384,0.9095480468339878
348.8623036662393,0.9453766309407258,0.032371769699848896,0.9130048612408769
348.8827364940589,0.9232740548800976,-0.003917371034303785,0.9271914259144014
348.9031692221033,0.90335923591203,-0.04074211624056545,0.9441013521525955
348.92360185038706,0.8843681164612076,-0.07128195457811948,0.9556500710393271
348.94403467890515,0.8634092451423804,-0.09185234735729864,0.955261592499679
348.9644674075389,0.842667315641209,-0.09650756016173057,0.9391748758029396
348.98490003645566,0.8274807035450431,-0.07976120753983751,0.9072419110848806
349.00533286561404,0.8220063795400329,-0.04106723756526243,0.8630736171052953
349.025765594939,0.8182801940245502,0.00477197122529216,0.813508222799258
349.0461982245033,0.8050942107180709,0.037611989307108074,0.7674822214109628
349.066630954243,0.7807518458757995,0.04625347144277858,0.7344983744330209
349.08706368421554,0.7511133127693911,0.028163647890044996,0.7229496648793461
349.1074964144136,0.7219403783527643,-0.016641550035742636,0.7385819283885069
349.1279291447936,0.7002150075934802,-0.08314790056824106,0.7833629081617213
349.14836187539913,0.7053445119874766,-0.1496094947827965,0.8549540067702731
349.1687946062448,0.7892181626739287,-0.15766429433549756,0.9468824570094263
349.18922733726504,1.0234353247886185,-0.025959020521966858,1.0493943453105854
349.20966006857634,1.193903150476359,0.04304837804014916,1.15085477243621
349.2300927999968,1.3670084371310343,0.12753903607284256,1.2394694010581917
349.25052553171554,1.3749848237318576,0.06993756063179757,1.30504726310006
349.2709583636024,1.3134242023989888,-0.027092998573162053,1.3405172009721509
349.29139099572785,1.2472212846523012,-0.09572885969338829,1.3429501443456895
349.3118237280869,1.1869056698703384,-0.12701822496335935,1.3139238948336978
349.3322563606198,1.1327497685431613,-0.12642187676527694,1.2591716453084383
349.3526891933798,1.0830075765547935,-0.10457050094895637,1.1875780775037499
349.3731219263791,1.0362410444070893,-0.07345738573077787,1.1096984301378672
349.39355465954577,0.9956941678869637,-0.040345623418472476,1.0360397913054362
349.41398739295255,0.9573391668671156,-0.018063097654720472,0.9754022645218361
349.4548528604064,0.8970156168225291,-0.01540717469517705,0.9124227915177061
349.4752855944462,0.8700439869654658,-0.03999557579369928,0.9100395627591651
349.49571832872607,0.8466454797210664,-0.07441102727804805,0.9210565069991145
